country,format,match,opponent,result,margin,date,ground,home_away,matches,won_flag,lost_flag,tied_flag,no_result_flag,month,year,period
New Zealand,Test,New Zealand v Pakistan,Pakistan,Won,176 runs,2021-01-03,Hagley Oval,Neutral,1,1,0,0,0,1,2021,2021-01
Pakistan,Test,New Zealand v Pakistan,New Zealand,Lost,176 runs,2021-01-03,Hagley Oval,Neutral,1,0,1,0,0,1,2021,2021-01
South Africa,Test,South Africa v Sri Lanka,Sri Lanka,Won,10 wickets,2021-01-03,The Wanderers Stadium,Neutral,1,1,0,0,0,1,2021,2021-01
Sri Lanka,Test,South Africa v Sri Lanka,South Africa,Lost,10 wickets,2021-01-03,The Wanderers Stadium,Neutral,1,0,1,0,0,1,2021,2021-01
Australia,Test,Australia v India,India,Drawn,Draw,2021-01-07,Sydney Cricket Ground,Neutral,1,0,0,0,1,1,2021,2021-01
India,Test,Australia v India,Australia,Drawn,Draw,2021-01-07,Sydney Cricket Ground,Neutral,1,0,0,0,1,1,2021,2021-01
England,Test,England v Sri Lanka,Sri Lanka,Won,7 wickets,2021-01-14,Galle International Stadium,Neutral,1,1,0,0,0,1,2021,2021-01
Sri Lanka,Test,England v Sri Lanka,England,Lost,7 wickets,2021-01-14,Galle International Stadium,Neutral,1,0,1,0,0,1,2021,2021-01
Australia,Test,Australia v India,India,Lost,3 wickets,2021-01-15,Brisbane Cricket Ground,Neutral,1,0,1,0,0,1,2021,2021-01
India,Test,Australia v India,Australia,Won,3 wickets,2021-01-15,Brisbane Cricket Ground,Neutral,1,1,0,0,0,1,2021,2021-01
England,Test,England v Sri Lanka,Sri Lanka,Won,6 wickets,2021-01-22,Galle International Stadium,Neutral,1,1,0,0,0,1,2021,2021-01
Sri Lanka,Test,England v Sri Lanka,England,Lost,6 wickets,2021-01-22,Galle International Stadium,Neutral,1,0,1,0,0,1,2021,2021-01
Pakistan,Test,Pakistan v South Africa,South Africa,Won,7 wickets,2021-01-26,National Stadium,Neutral,1,1,0,0,0,1,2021,2021-01
South Africa,Test,Pakistan v South Africa,Pakistan,Lost,7 wickets,2021-01-26,National Stadium,Neutral,1,0,1,0,0,1,2021,2021-01
Bangladesh,Test,Bangladesh v West Indies,West Indies,Lost,3 wickets,2021-02-03,Zahur Ahmed Chowdhury Stadium,Neutral,1,0,1,0,0,2,2021,2021-02
West Indies,Test,Bangladesh v West Indies,Bangladesh,Won,3 wickets,2021-02-03,Zahur Ahmed Chowdhury Stadium,Neutral,1,1,0,0,0,2,2021,2021-02
Pakistan,Test,Pakistan v South Africa,South Africa,Won,95 runs,2021-02-04,Rawalpindi Cricket Stadium,Neutral,1,1,0,0,0,2,2021,2021-02
South Africa,Test,Pakistan v South Africa,Pakistan,Lost,95 runs,2021-02-04,Rawalpindi Cricket Stadium,Neutral,1,0,1,0,0,2,2021,2021-02
England,Test,England v India,India,Won,227 runs,2021-02-05,MA Chidambaram Stadium,Neutral,1,1,0,0,0,2,2021,2021-02
India,Test,England v India,England,Lost,227 runs,2021-02-05,MA Chidambaram Stadium,Neutral,1,0,1,0,0,2,2021,2021-02
Bangladesh,Test,Bangladesh v West Indies,West Indies,Lost,17 runs,2021-02-11,Shere Bangla National Stadium,Neutral,1,0,1,0,0,2,2021,2021-02
West Indies,Test,Bangladesh v West Indies,Bangladesh,Won,17 runs,2021-02-11,Shere Bangla National Stadium,Neutral,1,1,0,0,0,2,2021,2021-02
England,Test,England v India,India,Lost,317 runs,2021-02-13,MA Chidambaram Stadium,Neutral,1,0,1,0,0,2,2021,2021-02
India,Test,England v India,England,Won,317 runs,2021-02-13,MA Chidambaram Stadium,Neutral,1,1,0,0,0,2,2021,2021-02
England,Test,England v India,India,Lost,10 wickets,2021-02-24,Narendra Modi Stadium,Neutral,1,0,1,0,0,2,2021,2021-02
India,Test,England v India,England,Won,10 wickets,2021-02-24,Narendra Modi Stadium,Neutral,1,1,0,0,0,2,2021,2021-02
England,Test,England v India,India,Lost,25 runs,2021-03-04,Narendra Modi Stadium,Neutral,1,0,1,0,0,3,2021,2021-03
India,Test,England v India,England,Won,25 runs,2021-03-04,Narendra Modi Stadium,Neutral,1,1,0,0,0,3,2021,2021-03
Sri Lanka,Test,Sri Lanka v West Indies,West Indies,Drawn,Draw,2021-03-21,Sir Vivian Richards Stadium,Neutral,1,0,0,0,1,3,2021,2021-03
West Indies,Test,Sri Lanka v West Indies,Sri Lanka,Drawn,Draw,2021-03-21,Sir Vivian Richards Stadium,Neutral,1,0,0,0,1,3,2021,2021-03
Sri Lanka,Test,Sri Lanka v West Indies,West Indies,Drawn,Draw,2021-03-29,Sir Vivian Richards Stadium,Neutral,1,0,0,0,1,3,2021,2021-03
West Indies,Test,Sri Lanka v West Indies,Sri Lanka,Drawn,Draw,2021-03-29,Sir Vivian Richards Stadium,Neutral,1,0,0,0,1,3,2021,2021-03
Bangladesh,Test,Bangladesh v Sri Lanka,Sri Lanka,Drawn,Draw,2021-04-21,Pallekele International Cricket Stadium,Neutral,1,0,0,0,1,4,2021,2021-04
Sri Lanka,Test,Bangladesh v Sri Lanka,Bangladesh,Drawn,Draw,2021-04-21,Pallekele International Cricket Stadium,Neutral,1,0,0,0,1,4,2021,2021-04
Bangladesh,Test,Bangladesh v Sri Lanka,Sri Lanka,Lost,209 runs,2021-04-29,Pallekele International Cricket Stadium,Neutral,1,0,1,0,0,4,2021,2021-04
Sri Lanka,Test,Bangladesh v Sri Lanka,Bangladesh,Won,209 runs,2021-04-29,Pallekele International Cricket Stadium,Neutral,1,1,0,0,0,4,2021,2021-04
Pakistan,Test,Pakistan v Zimbabwe,Zimbabwe,Won,116 runs,2021-04-29,Harare Sports Club,Neutral,1,1,0,0,0,4,2021,2021-04
Zimbabwe,Test,Pakistan v Zimbabwe,Pakistan,Lost,116 runs,2021-04-29,Harare Sports Club,Neutral,1,0,1,0,0,4,2021,2021-04
Pakistan,Test,Pakistan v Zimbabwe,Zimbabwe,Won,147 runs,2021-05-07,Harare Sports Club,Neutral,1,1,0,0,0,5,2021,2021-05
Zimbabwe,Test,Pakistan v Zimbabwe,Pakistan,Lost,147 runs,2021-05-07,Harare Sports Club,Neutral,1,0,1,0,0,5,2021,2021-05
England,Test,England v New Zealand,New Zealand,Drawn,Draw,2021-06-02,"Lord's, London",Neutral,1,0,0,0,1,6,2021,2021-06
New Zealand,Test,England v New Zealand,England,Drawn,Draw,2021-06-02,"Lord's, London",Neutral,1,0,0,0,1,6,2021,2021-06
England,Test,England v New Zealand,New Zealand,Lost,8 wickets,2021-06-10,"Edgbaston, Birmingham",Neutral,1,0,1,0,0,6,2021,2021-06
New Zealand,Test,England v New Zealand,England,Won,8 wickets,2021-06-10,"Edgbaston, Birmingham",Neutral,1,1,0,0,0,6,2021,2021-06
South Africa,Test,South Africa v West Indies,West Indies,Won,63 runs,2021-06-10,"Daren Sammy National Cricket Stadium, Gros Islet, St Lucia",Neutral,1,1,0,0,0,6,2021,2021-06
West Indies,Test,South Africa v West Indies,South Africa,Lost,63 runs,2021-06-10,"Daren Sammy National Cricket Stadium, Gros Islet, St Lucia",Neutral,1,0,1,0,0,6,2021,2021-06
India,Test,India v New Zealand,New Zealand,Lost,8 wickets,2021-06-18,"The Rose Bowl, Southampton",Neutral,1,0,1,0,0,6,2021,2021-06
New Zealand,Test,India v New Zealand,India,Won,8 wickets,2021-06-18,"The Rose Bowl, Southampton",Neutral,1,1,0,0,0,6,2021,2021-06
South Africa,Test,South Africa v West Indies,West Indies,Won,158 runs,2021-06-18,"Daren Sammy National Cricket Stadium, Gros Islet, St Lucia",Neutral,1,1,0,0,0,6,2021,2021-06
West Indies,Test,South Africa v West Indies,South Africa,Lost,158 runs,2021-06-18,"Daren Sammy National Cricket Stadium, Gros Islet, St Lucia",Neutral,1,0,1,0,0,6,2021,2021-06
Bangladesh,Test,Bangladesh v Zimbabwe,Zimbabwe,Won,220 runs,2021-07-07,Harare Sports Club,Neutral,1,1,0,0,0,7,2021,2021-07
Zimbabwe,Test,Bangladesh v Zimbabwe,Bangladesh,Lost,220 runs,2021-07-07,Harare Sports Club,Neutral,1,0,1,0,0,7,2021,2021-07
England,Test,England v India,India,Drawn,Draw,2021-08-04,"Trent Bridge, Nottingham",Neutral,1,0,0,0,1,8,2021,2021-08
India,Test,England v India,England,Drawn,Draw,2021-08-04,"Trent Bridge, Nottingham",Neutral,1,0,0,0,1,8,2021,2021-08
England,Test,England v India,India,Lost,151 runs,2021-08-12,"Lord's, London",Neutral,1,0,1,0,0,8,2021,2021-08
India,Test,England v India,England,Won,151 runs,2021-08-12,"Lord's, London",Neutral,1,1,0,0,0,8,2021,2021-08
Pakistan,Test,Pakistan v West Indies,West Indies,Lost,1 wickets,2021-08-12,"Sabina Park, Kingston, Jamaica",Neutral,1,0,1,0,0,8,2021,2021-08
West Indies,Test,Pakistan v West Indies,Pakistan,Won,1 wickets,2021-08-12,"Sabina Park, Kingston, Jamaica",Neutral,1,1,0,0,0,8,2021,2021-08
Pakistan,Test,Pakistan v West Indies,West Indies,Won,109 runs,2021-08-20,"Sabina Park, Kingston, Jamaica",Neutral,1,1,0,0,0,8,2021,2021-08
West Indies,Test,Pakistan v West Indies,Pakistan,Lost,109 runs,2021-08-20,"Sabina Park, Kingston, Jamaica",Neutral,1,0,1,0,0,8,2021,2021-08
England,Test,England v India,India,Won,76 runs,2021-08-25,"Headingley, Leeds",Neutral,1,1,0,0,0,8,2021,2021-08
India,Test,England v India,England,Lost,76 runs,2021-08-25,"Headingley, Leeds",Neutral,1,0,1,0,0,8,2021,2021-08
England,Test,England v India,India,Lost,157 runs,2021-09-02,"Kennington Oval, London",Neutral,1,0,1,0,0,9,2021,2021-09
India,Test,England v India,England,Won,157 runs,2021-09-02,"Kennington Oval, London",Neutral,1,1,0,0,0,9,2021,2021-09
Sri Lanka,Test,Sri Lanka v West Indies,West Indies,Won,187 runs,2021-11-21,Galle International Stadium,Neutral,1,1,0,0,0,11,2021,2021-11
West Indies,Test,Sri Lanka v West Indies,Sri Lanka,Lost,187 runs,2021-11-21,Galle International Stadium,Neutral,1,0,1,0,0,11,2021,2021-11
India,Test,India v New Zealand,New Zealand,Drawn,Draw,2021-11-25,"Green Park, Kanpur",Neutral,1,0,0,0,1,11,2021,2021-11
New Zealand,Test,India v New Zealand,India,Drawn,Draw,2021-11-25,"Green Park, Kanpur",Neutral,1,0,0,0,1,11,2021,2021-11
Bangladesh,Test,Bangladesh v Pakistan,Pakistan,Lost,8 wickets,2021-11-26,"Zahur Ahmed Chowdhury Stadium, Chattogram",Neutral,1,0,1,0,0,11,2021,2021-11
Pakistan,Test,Bangladesh v Pakistan,Bangladesh,Won,8 wickets,2021-11-26,"Zahur Ahmed Chowdhury Stadium, Chattogram",Neutral,1,1,0,0,0,11,2021,2021-11
Sri Lanka,Test,Sri Lanka v West Indies,West Indies,Won,164 runs,2021-11-29,Galle International Stadium,Neutral,1,1,0,0,0,11,2021,2021-11
West Indies,Test,Sri Lanka v West Indies,Sri Lanka,Lost,164 runs,2021-11-29,Galle International Stadium,Neutral,1,0,1,0,0,11,2021,2021-11
India,Test,India v New Zealand,New Zealand,Won,372 runs,2021-12-03,"Wankhede Stadium, Mumbai",Neutral,1,1,0,0,0,12,2021,2021-12
New Zealand,Test,India v New Zealand,India,Lost,372 runs,2021-12-03,"Wankhede Stadium, Mumbai",Neutral,1,0,1,0,0,12,2021,2021-12
Bangladesh,Test,Bangladesh v Pakistan,Pakistan,Lost,8 runs,2021-12-04,"Shere Bangla National Stadium, Mirpur",Neutral,1,0,1,0,0,12,2021,2021-12
Pakistan,Test,Bangladesh v Pakistan,Bangladesh,Won,8 runs,2021-12-04,"Shere Bangla National Stadium, Mirpur",Neutral,1,1,0,0,0,12,2021,2021-12
Australia,Test,Australia v England,England,Won,9 wickets,2021-12-08,"Brisbane Cricket Ground, Woolloongabba, Brisbane",Neutral,1,1,0,0,0,12,2021,2021-12
England,Test,Australia v England,Australia,Lost,9 wickets,2021-12-08,"Brisbane Cricket Ground, Woolloongabba, Brisbane",Neutral,1,0,1,0,0,12,2021,2021-12
Australia,Test,Australia v England,England,Won,275 runs,2021-12-16,Adelaide Oval,Neutral,1,1,0,0,0,12,2021,2021-12
England,Test,Australia v England,Australia,Lost,275 runs,2021-12-16,Adelaide Oval,Neutral,1,0,1,0,0,12,2021,2021-12
Australia,Test,Australia v England,England,Won,14 runs,2021-12-26,Melbourne Cricket Ground,Neutral,1,1,0,0,0,12,2021,2021-12
England,Test,Australia v England,Australia,Lost,14 runs,2021-12-26,Melbourne Cricket Ground,Neutral,1,0,1,0,0,12,2021,2021-12
India,Test,India v South Africa,South Africa,Won,113 runs,2021-12-26,"SuperSport Park, Centurion",Neutral,1,1,0,0,0,12,2021,2021-12
South Africa,Test,India v South Africa,India,Lost,113 runs,2021-12-26,"SuperSport Park, Centurion",Neutral,1,0,1,0,0,12,2021,2021-12
Bangladesh,Test,Bangladesh v New Zealand,New Zealand,Won,8 wickets,2022-01-01,"Bay Oval, Mount Maunganui",Neutral,1,1,0,0,0,1,2022,2022-01
New Zealand,Test,Bangladesh v New Zealand,Bangladesh,Lost,8 wickets,2022-01-01,"Bay Oval, Mount Maunganui",Neutral,1,0,1,0,0,1,2022,2022-01
India,Test,India v South Africa,South Africa,Lost,7 wickets,2022-01-03,"The Wanderers Stadium, Johannesburg",Neutral,1,0,1,0,0,1,2022,2022-01
South Africa,Test,India v South Africa,India,Won,7 wickets,2022-01-03,"The Wanderers Stadium, Johannesburg",Neutral,1,1,0,0,0,1,2022,2022-01
Australia,Test,Australia v England,England,Drawn,Draw,2022-01-05,Sydney Cricket Ground,Neutral,1,0,0,0,1,1,2022,2022-01
England,Test,Australia v England,Australia,Drawn,Draw,2022-01-05,Sydney Cricket Ground,Neutral,1,0,0,0,1,1,2022,2022-01
Bangladesh,Test,Bangladesh v New Zealand,New Zealand,Lost,117 runs,2022-01-09,"Hagley Oval, Christchurch",Neutral,1,0,1,0,0,1,2022,2022-01
New Zealand,Test,Bangladesh v New Zealand,Bangladesh,Won,117 runs,2022-01-09,"Hagley Oval, Christchurch",Neutral,1,1,0,0,0,1,2022,2022-01
India,Test,India v South Africa,South Africa,Lost,7 wickets,2022-01-11,"Newlands, Cape Town",Neutral,1,0,1,0,0,1,2022,2022-01
South Africa,Test,India v South Africa,India,Won,7 wickets,2022-01-11,"Newlands, Cape Town",Neutral,1,1,0,0,0,1,2022,2022-01
Australia,Test,Australia v England,England,Won,146 runs,2022-01-14,"Bellerive Oval, Hobart",Neutral,1,1,0,0,0,1,2022,2022-01
England,Test,Australia v England,Australia,Lost,146 runs,2022-01-14,"Bellerive Oval, Hobart",Neutral,1,0,1,0,0,1,2022,2022-01
New Zealand,Test,New Zealand v South Africa,South Africa,Won,276 runs,2022-02-17,"Hagley Oval, Christchurch",Neutral,1,1,0,0,0,2,2022,2022-02
South Africa,Test,New Zealand v South Africa,New Zealand,Lost,276 runs,2022-02-17,"Hagley Oval, Christchurch",Neutral,1,0,1,0,0,2,2022,2022-02
New Zealand,Test,New Zealand v South Africa,South Africa,Lost,198 runs,2022-02-25,"Hagley Oval, Christchurch",Neutral,1,0,1,0,0,2,2022,2022-02
South Africa,Test,New Zealand v South Africa,New Zealand,Won,198 runs,2022-02-25,"Hagley Oval, Christchurch",Neutral,1,1,0,0,0,2,2022,2022-02
India,Test,India v Sri Lanka,Sri Lanka,Won,222 runs,2022-03-04,"Punjab Cricket Association IS Bindra Stadium, Mohali, Chandigarh",Neutral,1,1,0,0,0,3,2022,2022-03
Sri Lanka,Test,India v Sri Lanka,India,Lost,222 runs,2022-03-04,"Punjab Cricket Association IS Bindra Stadium, Mohali, Chandigarh",Neutral,1,0,1,0,0,3,2022,2022-03
Australia,Test,Australia v Pakistan,Pakistan,Drawn,Draw,2022-03-04,Rawalpindi Cricket Stadium,Neutral,1,0,0,0,1,3,2022,2022-03
Pakistan,Test,Australia v Pakistan,Australia,Drawn,Draw,2022-03-04,Rawalpindi Cricket Stadium,Neutral,1,0,0,0,1,3,2022,2022-03
England,Test,England v West Indies,West Indies,Drawn,Draw,2022-03-08,"Sir Vivian Richards Stadium, North Sound, Antigua",Neutral,1,0,0,0,1,3,2022,2022-03
West Indies,Test,England v West Indies,England,Drawn,Draw,2022-03-08,"Sir Vivian Richards Stadium, North Sound, Antigua",Neutral,1,0,0,0,1,3,2022,2022-03
India,Test,India v Sri Lanka,Sri Lanka,Won,238 runs,2022-03-12,"M Chinnaswamy Stadium, Bengaluru",Neutral,1,1,0,0,0,3,2022,2022-03
Sri Lanka,Test,India v Sri Lanka,India,Lost,238 runs,2022-03-12,"M Chinnaswamy Stadium, Bengaluru",Neutral,1,0,1,0,0,3,2022,2022-03
Australia,Test,Australia v Pakistan,Pakistan,Drawn,Draw,2022-03-12,"National Stadium, Karachi",Neutral,1,0,0,0,1,3,2022,2022-03
Pakistan,Test,Australia v Pakistan,Australia,Drawn,Draw,2022-03-12,"National Stadium, Karachi",Neutral,1,0,0,0,1,3,2022,2022-03
England,Test,England v West Indies,West Indies,Drawn,Draw,2022-03-16,"Kensington Oval, Bridgetown, Barbados",Neutral,1,0,0,0,1,3,2022,2022-03
West Indies,Test,England v West Indies,England,Drawn,Draw,2022-03-16,"Kensington Oval, Bridgetown, Barbados",Neutral,1,0,0,0,1,3,2022,2022-03
Australia,Test,Australia v Pakistan,Pakistan,Won,115 runs,2022-03-21,"Gaddafi Stadium, Lahore",Neutral,1,1,0,0,0,3,2022,2022-03
Pakistan,Test,Australia v Pakistan,Australia,Lost,115 runs,2022-03-21,"Gaddafi Stadium, Lahore",Neutral,1,0,1,0,0,3,2022,2022-03
England,Test,England v West Indies,West Indies,Lost,10 wickets,2022-03-24,"National Cricket Stadium, St George's, Grenada",Neutral,1,0,1,0,0,3,2022,2022-03
West Indies,Test,England v West Indies,England,Won,10 wickets,2022-03-24,"National Cricket Stadium, St George's, Grenada",Neutral,1,1,0,0,0,3,2022,2022-03
Bangladesh,Test,Bangladesh v South Africa,South Africa,Lost,220 runs,2022-03-31,"Kingsmead, Durban",Neutral,1,0,1,0,0,3,2022,2022-03
South Africa,Test,Bangladesh v South Africa,Bangladesh,Won,220 runs,2022-03-31,"Kingsmead, Durban",Neutral,1,1,0,0,0,3,2022,2022-03
Bangladesh,Test,Bangladesh v South Africa,South Africa,Lost,332 runs,2022-04-08,"St George's Park, Port Elizabeth",Neutral,1,0,1,0,0,4,2022,2022-04
South Africa,Test,Bangladesh v South Africa,Bangladesh,Won,332 runs,2022-04-08,"St George's Park, Port Elizabeth",Neutral,1,1,0,0,0,4,2022,2022-04
Bangladesh,Test,Bangladesh v Sri Lanka,Sri Lanka,Drawn,Draw,2022-05-15,"Zahur Ahmed Chowdhury Stadium, Chattogram",Neutral,1,0,0,0,1,5,2022,2022-05
Sri Lanka,Test,Bangladesh v Sri Lanka,Bangladesh,Drawn,Draw,2022-05-15,"Zahur Ahmed Chowdhury Stadium, Chattogram",Neutral,1,0,0,0,1,5,2022,2022-05
Bangladesh,Test,Bangladesh v Sri Lanka,Sri Lanka,Lost,10 wickets,2022-05-23,"Shere Bangla National Stadium, Mirpur",Neutral,1,0,1,0,0,5,2022,2022-05
Sri Lanka,Test,Bangladesh v Sri Lanka,Bangladesh,Won,10 wickets,2022-05-23,"Shere Bangla National Stadium, Mirpur",Neutral,1,1,0,0,0,5,2022,2022-05
England,Test,England v New Zealand,New Zealand,Won,5 wickets,2022-06-02,"Lord's, London",Neutral,1,1,0,0,0,6,2022,2022-06
New Zealand,Test,England v New Zealand,England,Lost,5 wickets,2022-06-02,"Lord's, London",Neutral,1,0,1,0,0,6,2022,2022-06
England,Test,England v New Zealand,New Zealand,Won,5 wickets,2022-06-10,"Trent Bridge, Nottingham",Neutral,1,1,0,0,0,6,2022,2022-06
New Zealand,Test,England v New Zealand,England,Lost,5 wickets,2022-06-10,"Trent Bridge, Nottingham",Neutral,1,0,1,0,0,6,2022,2022-06
Bangladesh,Test,Bangladesh v West Indies,West Indies,Lost,7 wickets,2022-06-16,"Sir Vivian Richards Stadium, North Sound, Antigua",Neutral,1,0,1,0,0,6,2022,2022-06
West Indies,Test,Bangladesh v West Indies,Bangladesh,Won,7 wickets,2022-06-16,"Sir Vivian Richards Stadium, North Sound, Antigua",Neutral,1,1,0,0,0,6,2022,2022-06
England,Test,England v New Zealand,New Zealand,Won,7 wickets,2022-06-23,"Headingley, Leeds",Neutral,1,1,0,0,0,6,2022,2022-06
New Zealand,Test,England v New Zealand,England,Lost,7 wickets,2022-06-23,"Headingley, Leeds",Neutral,1,0,1,0,0,6,2022,2022-06
Bangladesh,Test,Bangladesh v West Indies,West Indies,Lost,10 wickets,2022-06-24,"Daren Sammy National Cricket Stadium, Gros Islet, St Lucia",Neutral,1,0,1,0,0,6,2022,2022-06
West Indies,Test,Bangladesh v West Indies,Bangladesh,Won,10 wickets,2022-06-24,"Daren Sammy National Cricket Stadium, Gros Islet, St Lucia",Neutral,1,1,0,0,0,6,2022,2022-06
Australia,Test,Australia v Sri Lanka,Sri Lanka,Won,10 wickets,2022-06-29,Galle International Stadium,Neutral,1,1,0,0,0,6,2022,2022-06
Sri Lanka,Test,Australia v Sri Lanka,Australia,Lost,10 wickets,2022-06-29,Galle International Stadium,Neutral,1,0,1,0,0,6,2022,2022-06
England,Test,England v India,India,Won,7 wickets,2022-07-01,"Edgbaston, Birmingham",Neutral,1,1,0,0,0,7,2022,2022-07
India,Test,England v India,England,Lost,7 wickets,2022-07-01,"Edgbaston, Birmingham",Neutral,1,0,1,0,0,7,2022,2022-07
Australia,Test,Australia v Sri Lanka,Sri Lanka,Lost,39 runs,2022-07-08,Galle International Stadium,Neutral,1,0,1,0,0,7,2022,2022-07
Sri Lanka,Test,Australia v Sri Lanka,Australia,Won,39 runs,2022-07-08,Galle International Stadium,Neutral,1,1,0,0,0,7,2022,2022-07
Pakistan,Test,Pakistan v Sri Lanka,Sri Lanka,Won,4 wickets,2022-07-16,Galle International Stadium,Neutral,1,1,0,0,0,7,2022,2022-07
Sri Lanka,Test,Pakistan v Sri Lanka,Pakistan,Lost,4 wickets,2022-07-16,Galle International Stadium,Neutral,1,0,1,0,0,7,2022,2022-07
Pakistan,Test,Pakistan v Sri Lanka,Sri Lanka,Lost,246 runs,2022-07-24,Galle International Stadium,Neutral,1,0,1,0,0,7,2022,2022-07
Sri Lanka,Test,Pakistan v Sri Lanka,Pakistan,Won,246 runs,2022-07-24,Galle International Stadium,Neutral,1,1,0,0,0,7,2022,2022-07
England,Test,England v South Africa,South Africa,Lost,12 runs,2022-08-17,"Lord's, London",Neutral,1,0,1,0,0,8,2022,2022-08
South Africa,Test,England v South Africa,England,Won,12 runs,2022-08-17,"Lord's, London",Neutral,1,1,0,0,0,8,2022,2022-08
England,Test,England v South Africa,South Africa,Won,85 runs,2022-08-25,"Old Trafford, Manchester",Neutral,1,1,0,0,0,8,2022,2022-08
South Africa,Test,England v South Africa,England,Lost,85 runs,2022-08-25,"Old Trafford, Manchester",Neutral,1,0,1,0,0,8,2022,2022-08
England,Test,England v South Africa,South Africa,Won,9 wickets,2022-09-08,"Kennington Oval, London",Neutral,1,1,0,0,0,9,2022,2022-09
South Africa,Test,England v South Africa,England,Lost,9 wickets,2022-09-08,"Kennington Oval, London",Neutral,1,0,1,0,0,9,2022,2022-09
Australia,Test,Australia v West Indies,West Indies,Won,164 runs,2022-11-30,Perth Stadium,Neutral,1,1,0,0,0,11,2022,2022-11
West Indies,Test,Australia v West Indies,Australia,Lost,164 runs,2022-11-30,Perth Stadium,Neutral,1,0,1,0,0,11,2022,2022-11
England,Test,England v Pakistan,Pakistan,Won,74 runs,2022-12-01,Rawalpindi Cricket Stadium,Neutral,1,1,0,0,0,12,2022,2022-12
Pakistan,Test,England v Pakistan,England,Lost,74 runs,2022-12-01,Rawalpindi Cricket Stadium,Neutral,1,0,1,0,0,12,2022,2022-12
Australia,Test,Australia v West Indies,West Indies,Won,419 runs,2022-12-08,Adelaide Oval,Neutral,1,1,0,0,0,12,2022,2022-12
West Indies,Test,Australia v West Indies,Australia,Lost,419 runs,2022-12-08,Adelaide Oval,Neutral,1,0,1,0,0,12,2022,2022-12
England,Test,England v Pakistan,Pakistan,Won,26 runs,2022-12-09,Multan Cricket Stadium,Neutral,1,1,0,0,0,12,2022,2022-12
Pakistan,Test,England v Pakistan,England,Lost,26 runs,2022-12-09,Multan Cricket Stadium,Neutral,1,0,1,0,0,12,2022,2022-12
Bangladesh,Test,Bangladesh v India,India,Lost,188 runs,2022-12-14,"Zahur Ahmed Chowdhury Stadium, Chattogram",Neutral,1,0,1,0,0,12,2022,2022-12
India,Test,Bangladesh v India,Bangladesh,Won,188 runs,2022-12-14,"Zahur Ahmed Chowdhury Stadium, Chattogram",Neutral,1,1,0,0,0,12,2022,2022-12
Australia,Test,Australia v South Africa,South Africa,Won,6 wickets,2022-12-17,"Brisbane Cricket Ground, Woolloongabba, Brisbane",Neutral,1,1,0,0,0,12,2022,2022-12
South Africa,Test,Australia v South Africa,Australia,Lost,6 wickets,2022-12-17,"Brisbane Cricket Ground, Woolloongabba, Brisbane",Neutral,1,0,1,0,0,12,2022,2022-12
England,Test,England v Pakistan,Pakistan,Won,8 wickets,2022-12-17,"National Stadium, Karachi",Neutral,1,1,0,0,0,12,2022,2022-12
Pakistan,Test,England v Pakistan,England,Lost,8 wickets,2022-12-17,"National Stadium, Karachi",Neutral,1,0,1,0,0,12,2022,2022-12
Bangladesh,Test,Bangladesh v India,India,Lost,3 wickets,2022-12-22,"Shere Bangla National Stadium, Mirpur",Neutral,1,0,1,0,0,12,2022,2022-12
India,Test,Bangladesh v India,Bangladesh,Won,3 wickets,2022-12-22,"Shere Bangla National Stadium, Mirpur",Neutral,1,1,0,0,0,12,2022,2022-12
Australia,Test,Australia v South Africa,South Africa,Won,182 runs,2022-12-26,Melbourne Cricket Ground,Neutral,1,1,0,0,0,12,2022,2022-12
South Africa,Test,Australia v South Africa,Australia,Lost,182 runs,2022-12-26,Melbourne Cricket Ground,Neutral,1,0,1,0,0,12,2022,2022-12
New Zealand,Test,New Zealand v Pakistan,Pakistan,Drawn,Draw,2022-12-26,"National Stadium, Karachi",Neutral,1,0,0,0,1,12,2022,2022-12
Pakistan,Test,New Zealand v Pakistan,New Zealand,Drawn,Draw,2022-12-26,"National Stadium, Karachi",Neutral,1,0,0,0,1,12,2022,2022-12
New Zealand,Test,New Zealand v Pakistan,Pakistan,Drawn,Draw,2023-01-02,"National Stadium, Karachi",Neutral,1,0,0,0,1,1,2023,2023-01
Pakistan,Test,New Zealand v Pakistan,New Zealand,Drawn,Draw,2023-01-02,"National Stadium, Karachi",Neutral,1,0,0,0,1,1,2023,2023-01
Australia,Test,Australia v South Africa,South Africa,Drawn,Draw,2023-01-04,Sydney Cricket Ground,Neutral,1,0,0,0,1,1,2023,2023-01
South Africa,Test,Australia v South Africa,Australia,Drawn,Draw,2023-01-04,Sydney Cricket Ground,Neutral,1,0,0,0,1,1,2023,2023-01
West Indies,Test,West Indies v Zimbabwe,Zimbabwe,Drawn,Draw,2023-02-04,"Queens Sports Club, Bulawayo",Neutral,1,0,0,0,1,2,2023,2023-02
Zimbabwe,Test,West Indies v Zimbabwe,West Indies,Drawn,Draw,2023-02-04,"Queens Sports Club, Bulawayo",Neutral,1,0,0,0,1,2,2023,2023-02
Australia,Test,Australia v India,India,Lost,132 runs,2023-02-09,"Vidarbha Cricket Association Stadium, Jamtha, Nagpur",Neutral,1,0,1,0,0,2,2023,2023-02
India,Test,Australia v India,Australia,Won,132 runs,2023-02-09,"Vidarbha Cricket Association Stadium, Jamtha, Nagpur",Neutral,1,1,0,0,0,2,2023,2023-02
West Indies,Test,West Indies v Zimbabwe,Zimbabwe,Won,4 runs,2023-02-12,"Queens Sports Club, Bulawayo",Neutral,1,1,0,0,0,2,2023,2023-02
Zimbabwe,Test,West Indies v Zimbabwe,West Indies,Lost,4 runs,2023-02-12,"Queens Sports Club, Bulawayo",Neutral,1,0,1,0,0,2,2023,2023-02
England,Test,England v New Zealand,New Zealand,Won,267 runs,2023-02-16,"Bay Oval, Mount Maunganui",Neutral,1,1,0,0,0,2,2023,2023-02
New Zealand,Test,England v New Zealand,England,Lost,267 runs,2023-02-16,"Bay Oval, Mount Maunganui",Neutral,1,0,1,0,0,2,2023,2023-02
Australia,Test,Australia v India,India,Lost,6 wickets,2023-02-17,"Arun Jaitley Stadium, Delhi",Neutral,1,0,1,0,0,2,2023,2023-02
India,Test,Australia v India,Australia,Won,6 wickets,2023-02-17,"Arun Jaitley Stadium, Delhi",Neutral,1,1,0,0,0,2,2023,2023-02
England,Test,England v New Zealand,New Zealand,Lost,1 runs,2023-02-24,"Basin Reserve, Wellington",Neutral,1,0,1,0,0,2,2023,2023-02
New Zealand,Test,England v New Zealand,England,Won,1 runs,2023-02-24,"Basin Reserve, Wellington",Neutral,1,1,0,0,0,2,2023,2023-02
South Africa,Test,South Africa v West Indies,West Indies,Won,87 runs,2023-02-28,"SuperSport Park, Centurion",Neutral,1,1,0,0,0,2,2023,2023-02
West Indies,Test,South Africa v West Indies,South Africa,Lost,87 runs,2023-02-28,"SuperSport Park, Centurion",Neutral,1,0,1,0,0,2,2023,2023-02
Australia,Test,Australia v India,India,Won,9 wickets,2023-03-01,"Holkar Cricket Stadium, Indore",Neutral,1,1,0,0,0,3,2023,2023-03
India,Test,Australia v India,Australia,Lost,9 wickets,2023-03-01,"Holkar Cricket Stadium, Indore",Neutral,1,0,1,0,0,3,2023,2023-03
South Africa,Test,South Africa v West Indies,West Indies,Won,284 runs,2023-03-08,"The Wanderers Stadium, Johannesburg",Neutral,1,1,0,0,0,3,2023,2023-03
West Indies,Test,South Africa v West Indies,South Africa,Lost,284 runs,2023-03-08,"The Wanderers Stadium, Johannesburg",Neutral,1,0,1,0,0,3,2023,2023-03
New Zealand,Test,New Zealand v Sri Lanka,Sri Lanka,Won,2 wickets,2023-03-09,"Hagley Oval, Christchurch",Neutral,1,1,0,0,0,3,2023,2023-03
Sri Lanka,Test,New Zealand v Sri Lanka,New Zealand,Lost,2 wickets,2023-03-09,"Hagley Oval, Christchurch",Neutral,1,0,1,0,0,3,2023,2023-03
Australia,Test,Australia v India,India,Drawn,Draw,2023-03-09,"Narendra Modi Stadium, Ahmedabad",Neutral,1,0,0,0,1,3,2023,2023-03
India,Test,Australia v India,Australia,Drawn,Draw,2023-03-09,"Narendra Modi Stadium, Ahmedabad",Neutral,1,0,0,0,1,3,2023,2023-03
New Zealand,Test,New Zealand v Sri Lanka,Sri Lanka,Won,58 runs,2023-03-17,"Basin Reserve, Wellington",Neutral,1,1,0,0,0,3,2023,2023-03
Sri Lanka,Test,New Zealand v Sri Lanka,New Zealand,Lost,58 runs,2023-03-17,"Basin Reserve, Wellington",Neutral,1,0,1,0,0,3,2023,2023-03
Bangladesh,Test,Bangladesh v Ireland,Ireland,Won,7 wickets,2023-04-04,"Shere Bangla National Stadium, Mirpur",Neutral,1,1,0,0,0,4,2023,2023-04
Ireland,Test,Bangladesh v Ireland,Bangladesh,Lost,7 wickets,2023-04-04,"Shere Bangla National Stadium, Mirpur",Neutral,1,0,1,0,0,4,2023,2023-04
Ireland,Test,Ireland v Sri Lanka,Sri Lanka,Lost,280 runs,2023-04-16,Galle International Stadium,Neutral,1,0,1,0,0,4,2023,2023-04
Sri Lanka,Test,Ireland v Sri Lanka,Ireland,Won,280 runs,2023-04-16,Galle International Stadium,Neutral,1,1,0,0,0,4,2023,2023-04
Ireland,Test,Ireland v Sri Lanka,Sri Lanka,Lost,10 runs,2023-04-24,Galle International Stadium,Neutral,1,0,1,0,0,4,2023,2023-04
Sri Lanka,Test,Ireland v Sri Lanka,Ireland,Won,10 runs,2023-04-24,Galle International Stadium,Neutral,1,1,0,0,0,4,2023,2023-04
England,Test,England v Ireland,Ireland,Won,10 wickets,2023-06-01,"Lord's, London",Neutral,1,1,0,0,0,6,2023,2023-06
Ireland,Test,England v Ireland,England,Lost,10 wickets,2023-06-01,"Lord's, London",Neutral,1,0,1,0,0,6,2023,2023-06
Australia,Test,Australia v India,India,Won,209 runs,2023-06-07,"Kennington Oval, London",Neutral,1,1,0,0,0,6,2023,2023-06
India,Test,Australia v India,Australia,Lost,209 runs,2023-06-07,"Kennington Oval, London",Neutral,1,0,1,0,0,6,2023,2023-06
Australia,Test,Australia v England,England,Won,2 wickets,2023-06-16,"Edgbaston, Birmingham",Neutral,1,1,0,0,0,6,2023,2023-06
England,Test,Australia v England,Australia,Lost,2 wickets,2023-06-16,"Edgbaston, Birmingham",Neutral,1,0,1,0,0,6,2023,2023-06
Australia,Test,Australia v England,England,Won,43 runs,2023-06-28,"Lord's, London",Neutral,1,1,0,0,0,6,2023,2023-06
England,Test,Australia v England,Australia,Lost,43 runs,2023-06-28,"Lord's, London",Neutral,1,0,1,0,0,6,2023,2023-06
Australia,Test,Australia v England,England,Lost,3 wickets,2023-07-06,"Headingley, Leeds",Neutral,1,0,1,0,0,7,2023,2023-07
England,Test,Australia v England,Australia,Won,3 wickets,2023-07-06,"Headingley, Leeds",Neutral,1,1,0,0,0,7,2023,2023-07
India,Test,India v West Indies,West Indies,Won,141 runs,2023-07-12,"Windsor Park, Roseau, Dominica",Neutral,1,1,0,0,0,7,2023,2023-07
West Indies,Test,India v West Indies,India,Lost,141 runs,2023-07-12,"Windsor Park, Roseau, Dominica",Neutral,1,0,1,0,0,7,2023,2023-07
Pakistan,Test,Pakistan v Sri Lanka,Sri Lanka,Won,4 wickets,2023-07-16,Galle International Stadium,Neutral,1,1,0,0,0,7,2023,2023-07
Sri Lanka,Test,Pakistan v Sri Lanka,Pakistan,Lost,4 wickets,2023-07-16,Galle International Stadium,Neutral,1,0,1,0,0,7,2023,2023-07
Australia,Test,Australia v England,England,Drawn,Draw,2023-07-19,"Old Trafford, Manchester",Neutral,1,0,0,0,1,7,2023,2023-07
England,Test,Australia v England,Australia,Drawn,Draw,2023-07-19,"Old Trafford, Manchester",Neutral,1,0,0,0,1,7,2023,2023-07
India,Test,India v West Indies,West Indies,Drawn,Draw,2023-07-20,"Queen's Park Oval, Port of Spain, Trinidad",Neutral,1,0,0,0,1,7,2023,2023-07
West Indies,Test,India v West Indies,India,Drawn,Draw,2023-07-20,"Queen's Park Oval, Port of Spain, Trinidad",Neutral,1,0,0,0,1,7,2023,2023-07
Pakistan,Test,Pakistan v Sri Lanka,Sri Lanka,Won,222 runs,2023-07-24,"Sinhalese Sports Club Ground, Colombo",Neutral,1,1,0,0,0,7,2023,2023-07
Sri Lanka,Test,Pakistan v Sri Lanka,Pakistan,Lost,222 runs,2023-07-24,"Sinhalese Sports Club Ground, Colombo",Neutral,1,0,1,0,0,7,2023,2023-07
Australia,Test,Australia v England,England,Lost,49 runs,2023-07-27,"Kennington Oval, London",Neutral,1,0,1,0,0,7,2023,2023-07
England,Test,Australia v England,Australia,Won,49 runs,2023-07-27,"Kennington Oval, London",Neutral,1,1,0,0,0,7,2023,2023-07
Bangladesh,Test,Bangladesh v New Zealand,New Zealand,Won,150 runs,2023-11-28,Sylhet International Cricket Stadium,Neutral,1,1,0,0,0,11,2023,2023-11
New Zealand,Test,Bangladesh v New Zealand,Bangladesh,Lost,150 runs,2023-11-28,Sylhet International Cricket Stadium,Neutral,1,0,1,0,0,11,2023,2023-11
Bangladesh,Test,Bangladesh v New Zealand,New Zealand,Lost,4 wickets,2023-12-06,"Shere Bangla National Stadium, Mirpur",Neutral,1,0,1,0,0,12,2023,2023-12
New Zealand,Test,Bangladesh v New Zealand,Bangladesh,Won,4 wickets,2023-12-06,"Shere Bangla National Stadium, Mirpur",Neutral,1,1,0,0,0,12,2023,2023-12
Australia,Test,Australia v Pakistan,Pakistan,Won,360 runs,2023-12-14,Perth Stadium,Neutral,1,1,0,0,0,12,2023,2023-12
Pakistan,Test,Australia v Pakistan,Australia,Lost,360 runs,2023-12-14,Perth Stadium,Neutral,1,0,1,0,0,12,2023,2023-12
Australia,Test,Australia v Pakistan,Pakistan,Won,79 runs,2023-12-26,Melbourne Cricket Ground,Neutral,1,1,0,0,0,12,2023,2023-12
Pakistan,Test,Australia v Pakistan,Australia,Lost,79 runs,2023-12-26,Melbourne Cricket Ground,Neutral,1,0,1,0,0,12,2023,2023-12
India,Test,India v South Africa,South Africa,Lost,32 runs,2023-12-26,"SuperSport Park, Centurion",Neutral,1,0,1,0,0,12,2023,2023-12
South Africa,Test,India v South Africa,India,Won,32 runs,2023-12-26,"SuperSport Park, Centurion",Neutral,1,1,0,0,0,12,2023,2023-12
Australia,Test,Australia v Pakistan,Pakistan,Won,8 wickets,2024-01-03,Sydney Cricket Ground,Neutral,1,1,0,0,0,1,2024,2024-01
Pakistan,Test,Australia v Pakistan,Australia,Lost,8 wickets,2024-01-03,Sydney Cricket Ground,Neutral,1,0,1,0,0,1,2024,2024-01
India,Test,India v South Africa,South Africa,Won,7 wickets,2024-01-03,"Newlands, Cape Town",Neutral,1,1,0,0,0,1,2024,2024-01
South Africa,Test,India v South Africa,India,Lost,7 wickets,2024-01-03,"Newlands, Cape Town",Neutral,1,0,1,0,0,1,2024,2024-01
Australia,Test,Australia v West Indies,West Indies,Won,10 wickets,2024-01-17,Adelaide Oval,Neutral,1,1,0,0,0,1,2024,2024-01
West Indies,Test,Australia v West Indies,Australia,Lost,10 wickets,2024-01-17,Adelaide Oval,Neutral,1,0,1,0,0,1,2024,2024-01
Australia,Test,Australia v West Indies,West Indies,Lost,8 runs,2024-01-25,"Brisbane Cricket Ground, Woolloongabba, Brisbane",Neutral,1,0,1,0,0,1,2024,2024-01
West Indies,Test,Australia v West Indies,Australia,Won,8 runs,2024-01-25,"Brisbane Cricket Ground, Woolloongabba, Brisbane",Neutral,1,1,0,0,0,1,2024,2024-01
England,Test,England v India,India,Won,28 runs,2024-01-25,"Rajiv Gandhi International Stadium, Uppal, Hyderabad",Neutral,1,1,0,0,0,1,2024,2024-01
India,Test,England v India,England,Lost,28 runs,2024-01-25,"Rajiv Gandhi International Stadium, Uppal, Hyderabad",Neutral,1,0,1,0,0,1,2024,2024-01
England,Test,England v India,India,Lost,106 runs,2024-02-02,"Dr. Y.S. Rajasekhara Reddy ACA-VDCA Cricket Stadium, Visakhapatnam",Neutral,1,0,1,0,0,2,2024,2024-02
India,Test,England v India,England,Won,106 runs,2024-02-02,"Dr. Y.S. Rajasekhara Reddy ACA-VDCA Cricket Stadium, Visakhapatnam",Neutral,1,1,0,0,0,2,2024,2024-02
New Zealand,Test,New Zealand v South Africa,South Africa,Won,281 runs,2024-02-04,"Bay Oval, Mount Maunganui",Neutral,1,1,0,0,0,2,2024,2024-02
South Africa,Test,New Zealand v South Africa,New Zealand,Lost,281 runs,2024-02-04,"Bay Oval, Mount Maunganui",Neutral,1,0,1,0,0,2,2024,2024-02
New Zealand,Test,New Zealand v South Africa,South Africa,Won,7 wickets,2024-02-13,"Seddon Park, Hamilton",Neutral,1,1,0,0,0,2,2024,2024-02
South Africa,Test,New Zealand v South Africa,New Zealand,Lost,7 wickets,2024-02-13,"Seddon Park, Hamilton",Neutral,1,0,1,0,0,2,2024,2024-02
England,Test,England v India,India,Lost,434 runs,2024-02-15,"Saurashtra Cricket Association Stadium, Rajkot",Neutral,1,0,1,0,0,2,2024,2024-02
India,Test,England v India,England,Won,434 runs,2024-02-15,"Saurashtra Cricket Association Stadium, Rajkot",Neutral,1,1,0,0,0,2,2024,2024-02
England,Test,England v India,India,Lost,5 wickets,2024-02-23,"JSCA International Stadium Complex, Ranchi",Neutral,1,0,1,0,0,2,2024,2024-02
India,Test,England v India,England,Won,5 wickets,2024-02-23,"JSCA International Stadium Complex, Ranchi",Neutral,1,1,0,0,0,2,2024,2024-02
Australia,Test,Australia v New Zealand,New Zealand,Won,172 runs,2024-02-29,"Basin Reserve, Wellington",Neutral,1,1,0,0,0,2,2024,2024-02
New Zealand,Test,Australia v New Zealand,Australia,Lost,172 runs,2024-02-29,"Basin Reserve, Wellington",Neutral,1,0,1,0,0,2,2024,2024-02
England,Test,England v India,India,Lost,64 runs,2024-03-07,"Himachal Pradesh Cricket Association Stadium, Dharamsala",Neutral,1,0,1,0,0,3,2024,2024-03
India,Test,England v India,England,Won,64 runs,2024-03-07,"Himachal Pradesh Cricket Association Stadium, Dharamsala",Neutral,1,1,0,0,0,3,2024,2024-03
Australia,Test,Australia v New Zealand,New Zealand,Won,3 wickets,2024-03-08,"Hagley Oval, Christchurch",Neutral,1,1,0,0,0,3,2024,2024-03
New Zealand,Test,Australia v New Zealand,Australia,Lost,3 wickets,2024-03-08,"Hagley Oval, Christchurch",Neutral,1,0,1,0,0,3,2024,2024-03
Bangladesh,Test,Bangladesh v Sri Lanka,Sri Lanka,Lost,328 runs,2024-03-22,Sylhet International Cricket Stadium,Neutral,1,0,1,0,0,3,2024,2024-03
Sri Lanka,Test,Bangladesh v Sri Lanka,Bangladesh,Won,328 runs,2024-03-22,Sylhet International Cricket Stadium,Neutral,1,1,0,0,0,3,2024,2024-03
Bangladesh,Test,Bangladesh v Sri Lanka,Sri Lanka,Lost,192 runs,2024-03-30,"Zahur Ahmed Chowdhury Stadium, Chattogram",Neutral,1,0,1,0,0,3,2024,2024-03
Sri Lanka,Test,Bangladesh v Sri Lanka,Bangladesh,Won,192 runs,2024-03-30,"Zahur Ahmed Chowdhury Stadium, Chattogram",Neutral,1,1,0,0,0,3,2024,2024-03
England,Test,England v West Indies,West Indies,Won,114 runs,2024-07-10,"Lord's, London",Neutral,1,1,0,0,0,7,2024,2024-07
West Indies,Test,England v West Indies,England,Lost,114 runs,2024-07-10,"Lord's, London",Neutral,1,0,1,0,0,7,2024,2024-07
England,Test,England v West Indies,West Indies,Won,241 runs,2024-07-18,"Trent Bridge, Nottingham",Neutral,1,1,0,0,0,7,2024,2024-07
West Indies,Test,England v West Indies,England,Lost,241 runs,2024-07-18,"Trent Bridge, Nottingham",Neutral,1,0,1,0,0,7,2024,2024-07
Ireland,Test,Ireland v Zimbabwe,Zimbabwe,Won,4 wickets,2024-07-25,"Civil Service Cricket Club, Stormont, Belfast",Neutral,1,1,0,0,0,7,2024,2024-07
Zimbabwe,Test,Ireland v Zimbabwe,Ireland,Lost,4 wickets,2024-07-25,"Civil Service Cricket Club, Stormont, Belfast",Neutral,1,0,1,0,0,7,2024,2024-07
England,Test,England v West Indies,West Indies,Won,10 wickets,2024-07-26,"Edgbaston, Birmingham",Neutral,1,1,0,0,0,7,2024,2024-07
West Indies,Test,England v West Indies,England,Lost,10 wickets,2024-07-26,"Edgbaston, Birmingham",Neutral,1,0,1,0,0,7,2024,2024-07
South Africa,Test,South Africa v West Indies,West Indies,Drawn,Draw,2024-08-07,"Queen's Park Oval, Port of Spain, Trinidad",Neutral,1,0,0,0,1,8,2024,2024-08
West Indies,Test,South Africa v West Indies,South Africa,Drawn,Draw,2024-08-07,"Queen's Park Oval, Port of Spain, Trinidad",Neutral,1,0,0,0,1,8,2024,2024-08
South Africa,Test,South Africa v West Indies,West Indies,Won,40 runs,2024-08-15,"Providence Stadium, Guyana",Neutral,1,1,0,0,0,8,2024,2024-08
West Indies,Test,South Africa v West Indies,South Africa,Lost,40 runs,2024-08-15,"Providence Stadium, Guyana",Neutral,1,0,1,0,0,8,2024,2024-08
England,Test,England v Sri Lanka,Sri Lanka,Won,5 wickets,2024-08-21,"Old Trafford, Manchester",Neutral,1,1,0,0,0,8,2024,2024-08
Sri Lanka,Test,England v Sri Lanka,England,Lost,5 wickets,2024-08-21,"Old Trafford, Manchester",Neutral,1,0,1,0,0,8,2024,2024-08
Bangladesh,Test,Bangladesh v Pakistan,Pakistan,Won,10 wickets,2024-08-21,Rawalpindi Cricket Stadium,Neutral,1,1,0,0,0,8,2024,2024-08
Pakistan,Test,Bangladesh v Pakistan,Bangladesh,Lost,10 wickets,2024-08-21,Rawalpindi Cricket Stadium,Neutral,1,0,1,0,0,8,2024,2024-08
England,Test,England v Sri Lanka,Sri Lanka,Won,190 runs,2024-08-29,"Lord's, London",Neutral,1,1,0,0,0,8,2024,2024-08
Sri Lanka,Test,England v Sri Lanka,England,Lost,190 runs,2024-08-29,"Lord's, London",Neutral,1,0,1,0,0,8,2024,2024-08
Bangladesh,Test,Bangladesh v Pakistan,Pakistan,Won,6 wickets,2024-08-30,Rawalpindi Cricket Stadium,Neutral,1,1,0,0,0,8,2024,2024-08
Pakistan,Test,Bangladesh v Pakistan,Bangladesh,Lost,6 wickets,2024-08-30,Rawalpindi Cricket Stadium,Neutral,1,0,1,0,0,8,2024,2024-08
England,Test,England v Sri Lanka,Sri Lanka,Lost,8 wickets,2024-09-06,"Kennington Oval, London",Neutral,1,0,1,0,0,9,2024,2024-09
Sri Lanka,Test,England v Sri Lanka,England,Won,8 wickets,2024-09-06,"Kennington Oval, London",Neutral,1,1,0,0,0,9,2024,2024-09
New Zealand,Test,New Zealand v Sri Lanka,Sri Lanka,Lost,63 runs,2024-09-18,Galle International Stadium,Neutral,1,0,1,0,0,9,2024,2024-09
Sri Lanka,Test,New Zealand v Sri Lanka,New Zealand,Won,63 runs,2024-09-18,Galle International Stadium,Neutral,1,1,0,0,0,9,2024,2024-09
Bangladesh,Test,Bangladesh v India,India,Lost,280 runs,2024-09-19,"MA Chidambaram Stadium, Chepauk, Chennai",Neutral,1,0,1,0,0,9,2024,2024-09
India,Test,Bangladesh v India,Bangladesh,Won,280 runs,2024-09-19,"MA Chidambaram Stadium, Chepauk, Chennai",Neutral,1,1,0,0,0,9,2024,2024-09
New Zealand,Test,New Zealand v Sri Lanka,Sri Lanka,Lost,154 runs,2024-09-26,Galle International Stadium,Neutral,1,0,1,0,0,9,2024,2024-09
Sri Lanka,Test,New Zealand v Sri Lanka,New Zealand,Won,154 runs,2024-09-26,Galle International Stadium,Neutral,1,1,0,0,0,9,2024,2024-09
Bangladesh,Test,Bangladesh v India,India,Lost,7 wickets,2024-09-27,"Green Park, Kanpur",Neutral,1,0,1,0,0,9,2024,2024-09
India,Test,Bangladesh v India,Bangladesh,Won,7 wickets,2024-09-27,"Green Park, Kanpur",Neutral,1,1,0,0,0,9,2024,2024-09
England,Test,England v Pakistan,Pakistan,Won,47 runs,2024-10-07,Multan Cricket Stadium,Neutral,1,1,0,0,0,10,2024,2024-10
Pakistan,Test,England v Pakistan,England,Lost,47 runs,2024-10-07,Multan Cricket Stadium,Neutral,1,0,1,0,0,10,2024,2024-10
England,Test,England v Pakistan,Pakistan,Lost,152 runs,2024-10-15,Multan Cricket Stadium,Neutral,1,0,1,0,0,10,2024,2024-10
Pakistan,Test,England v Pakistan,England,Won,152 runs,2024-10-15,Multan Cricket Stadium,Neutral,1,1,0,0,0,10,2024,2024-10
India,Test,India v New Zealand,New Zealand,Lost,8 wickets,2024-10-16,"M Chinnaswamy Stadium, Bengaluru",Neutral,1,0,1,0,0,10,2024,2024-10
New Zealand,Test,India v New Zealand,India,Won,8 wickets,2024-10-16,"M Chinnaswamy Stadium, Bengaluru",Neutral,1,1,0,0,0,10,2024,2024-10
Bangladesh,Test,Bangladesh v South Africa,South Africa,Lost,7 wickets,2024-10-21,"Shere Bangla National Stadium, Mirpur",Neutral,1,0,1,0,0,10,2024,2024-10
South Africa,Test,Bangladesh v South Africa,Bangladesh,Won,7 wickets,2024-10-21,"Shere Bangla National Stadium, Mirpur",Neutral,1,1,0,0,0,10,2024,2024-10
India,Test,India v New Zealand,New Zealand,Lost,113 runs,2024-10-24,"Maharashtra Cricket Association Stadium, Pune",Neutral,1,0,1,0,0,10,2024,2024-10
New Zealand,Test,India v New Zealand,India,Won,113 runs,2024-10-24,"Maharashtra Cricket Association Stadium, Pune",Neutral,1,1,0,0,0,10,2024,2024-10
England,Test,England v Pakistan,Pakistan,Lost,9 wickets,2024-10-24,Rawalpindi Cricket Stadium,Neutral,1,0,1,0,0,10,2024,2024-10
Pakistan,Test,England v Pakistan,England,Won,9 wickets,2024-10-24,Rawalpindi Cricket Stadium,Neutral,1,1,0,0,0,10,2024,2024-10
Bangladesh,Test,Bangladesh v South Africa,South Africa,Lost,273 runs,2024-10-29,"Zahur Ahmed Chowdhury Stadium, Chattogram",Neutral,1,0,1,0,0,10,2024,2024-10
South Africa,Test,Bangladesh v South Africa,Bangladesh,Won,273 runs,2024-10-29,"Zahur Ahmed Chowdhury Stadium, Chattogram",Neutral,1,1,0,0,0,10,2024,2024-10
India,Test,India v New Zealand,New Zealand,Lost,25 runs,2024-11-01,"Wankhede Stadium, Mumbai",Neutral,1,0,1,0,0,11,2024,2024-11
New Zealand,Test,India v New Zealand,India,Won,25 runs,2024-11-01,"Wankhede Stadium, Mumbai",Neutral,1,1,0,0,0,11,2024,2024-11
Australia,Test,Australia v India,India,Lost,295 runs,2024-11-22,Perth Stadium,Neutral,1,0,1,0,0,11,2024,2024-11
India,Test,Australia v India,Australia,Won,295 runs,2024-11-22,Perth Stadium,Neutral,1,1,0,0,0,11,2024,2024-11
Bangladesh,Test,Bangladesh v West Indies,West Indies,Lost,201 runs,2024-11-22,"Sir Vivian Richards Stadium, North Sound, Antigua",Neutral,1,0,1,0,0,11,2024,2024-11
West Indies,Test,Bangladesh v West Indies,Bangladesh,Won,201 runs,2024-11-22,"Sir Vivian Richards Stadium, North Sound, Antigua",Neutral,1,1,0,0,0,11,2024,2024-11
South Africa,Test,South Africa v Sri Lanka,Sri Lanka,Won,233 runs,2024-11-27,"Kingsmead, Durban",Neutral,1,1,0,0,0,11,2024,2024-11
Sri Lanka,Test,South Africa v Sri Lanka,South Africa,Lost,233 runs,2024-11-27,"Kingsmead, Durban",Neutral,1,0,1,0,0,11,2024,2024-11
England,Test,England v New Zealand,New Zealand,Won,8 wickets,2024-11-28,"Hagley Oval, Christchurch",Neutral,1,1,0,0,0,11,2024,2024-11
New Zealand,Test,England v New Zealand,England,Lost,8 wickets,2024-11-28,"Hagley Oval, Christchurch",Neutral,1,0,1,0,0,11,2024,2024-11
Bangladesh,Test,Bangladesh v West Indies,West Indies,Won,101 runs,2024-11-30,"Sabina Park, Kingston, Jamaica",Neutral,1,1,0,0,0,11,2024,2024-11
West Indies,Test,Bangladesh v West Indies,Bangladesh,Lost,101 runs,2024-11-30,"Sabina Park, Kingston, Jamaica",Neutral,1,0,1,0,0,11,2024,2024-11
South Africa,Test,South Africa v Sri Lanka,Sri Lanka,Won,109 runs,2024-12-05,"St George's Park, Gqeberha",Neutral,1,1,0,0,0,12,2024,2024-12
Sri Lanka,Test,South Africa v Sri Lanka,South Africa,Lost,109 runs,2024-12-05,"St George's Park, Gqeberha",Neutral,1,0,1,0,0,12,2024,2024-12
Australia,Test,Australia v India,India,Won,10 wickets,2024-12-06,Adelaide Oval,Neutral,1,1,0,0,0,12,2024,2024-12
India,Test,Australia v India,Australia,Lost,10 wickets,2024-12-06,Adelaide Oval,Neutral,1,0,1,0,0,12,2024,2024-12
England,Test,England v New Zealand,New Zealand,Won,323 runs,2024-12-06,"Basin Reserve, Wellington",Neutral,1,1,0,0,0,12,2024,2024-12
New Zealand,Test,England v New Zealand,England,Lost,323 runs,2024-12-06,"Basin Reserve, Wellington",Neutral,1,0,1,0,0,12,2024,2024-12
Australia,Test,Australia v India,India,Drawn,Draw,2024-12-14,"Brisbane Cricket Ground, Woolloongabba, Brisbane",Neutral,1,0,0,0,1,12,2024,2024-12
India,Test,Australia v India,Australia,Drawn,Draw,2024-12-14,"Brisbane Cricket Ground, Woolloongabba, Brisbane",Neutral,1,0,0,0,1,12,2024,2024-12
England,Test,England v New Zealand,New Zealand,Lost,423 runs,2024-12-14,"Seddon Park, Hamilton",Neutral,1,0,1,0,0,12,2024,2024-12
New Zealand,Test,England v New Zealand,England,Won,423 runs,2024-12-14,"Seddon Park, Hamilton",Neutral,1,1,0,0,0,12,2024,2024-12
Australia,Test,Australia v India,India,Won,184 runs,2024-12-26,Melbourne Cricket Ground,Neutral,1,1,0,0,0,12,2024,2024-12
India,Test,Australia v India,Australia,Lost,184 runs,2024-12-26,Melbourne Cricket Ground,Neutral,1,0,1,0,0,12,2024,2024-12
Pakistan,Test,Pakistan v South Africa,South Africa,Lost,2 wickets,2024-12-26,"SuperSport Park, Centurion",Neutral,1,0,1,0,0,12,2024,2024-12
South Africa,Test,Pakistan v South Africa,Pakistan,Won,2 wickets,2024-12-26,"SuperSport Park, Centurion",Neutral,1,1,0,0,0,12,2024,2024-12
Australia,Test,Australia v India,India,Won,6 wickets,2025-01-03,Sydney Cricket Ground,Neutral,1,1,0,0,0,1,2025,2025-01
India,Test,Australia v India,Australia,Lost,6 wickets,2025-01-03,Sydney Cricket Ground,Neutral,1,0,1,0,0,1,2025,2025-01
Pakistan,Test,Pakistan v South Africa,South Africa,Lost,10 wickets,2025-01-03,"Newlands, Cape Town",Neutral,1,0,1,0,0,1,2025,2025-01
South Africa,Test,Pakistan v South Africa,Pakistan,Won,10 wickets,2025-01-03,"Newlands, Cape Town",Neutral,1,1,0,0,0,1,2025,2025-01
Pakistan,Test,Pakistan v West Indies,West Indies,Won,127 runs,2025-01-17,Multan Cricket Stadium,Neutral,1,1,0,0,0,1,2025,2025-01
West Indies,Test,Pakistan v West Indies,Pakistan,Lost,127 runs,2025-01-17,Multan Cricket Stadium,Neutral,1,0,1,0,0,1,2025,2025-01
Pakistan,Test,Pakistan v West Indies,West Indies,Lost,120 runs,2025-01-25,Multan Cricket Stadium,Neutral,1,0,1,0,0,1,2025,2025-01
West Indies,Test,Pakistan v West Indies,Pakistan,Won,120 runs,2025-01-25,Multan Cricket Stadium,Neutral,1,1,0,0,0,1,2025,2025-01
Australia,Test,Australia v Sri Lanka,Sri Lanka,Won,242 runs,2025-01-29,Galle International Stadium,Neutral,1,1,0,0,0,1,2025,2025-01
Sri Lanka,Test,Australia v Sri Lanka,Australia,Lost,242 runs,2025-01-29,Galle International Stadium,Neutral,1,0,1,0,0,1,2025,2025-01
Australia,Test,Australia v Sri Lanka,Sri Lanka,Won,9 wickets,2025-02-06,Galle International Stadium,Neutral,1,1,0,0,0,2,2025,2025-02
Sri Lanka,Test,Australia v Sri Lanka,Australia,Lost,9 wickets,2025-02-06,Galle International Stadium,Neutral,1,0,1,0,0,2,2025,2025-02
Ireland,Test,Ireland v Zimbabwe,Zimbabwe,Won,63 runs,2025-02-06,"Queens Sports Club, Bulawayo",Neutral,1,1,0,0,0,2,2025,2025-02
Zimbabwe,Test,Ireland v Zimbabwe,Ireland,Lost,63 runs,2025-02-06,"Queens Sports Club, Bulawayo",Neutral,1,0,1,0,0,2,2025,2025-02
Bangladesh,Test,Bangladesh v Zimbabwe,Zimbabwe,Lost,3 wickets,2025-04-20,Sylhet International Cricket Stadium,Neutral,1,0,1,0,0,4,2025,2025-04
Zimbabwe,Test,Bangladesh v Zimbabwe,Bangladesh,Won,3 wickets,2025-04-20,Sylhet International Cricket Stadium,Neutral,1,1,0,0,0,4,2025,2025-04
Bangladesh,Test,Bangladesh v Zimbabwe,Zimbabwe,Won,106 runs,2025-04-28,"Zahur Ahmed Chowdhury Stadium, Chattogram",Neutral,1,1,0,0,0,4,2025,2025-04
Zimbabwe,Test,Bangladesh v Zimbabwe,Bangladesh,Lost,106 runs,2025-04-28,"Zahur Ahmed Chowdhury Stadium, Chattogram",Neutral,1,0,1,0,0,4,2025,2025-04
England,Test,England v Zimbabwe,Zimbabwe,Won,45 runs,2025-05-22,"Trent Bridge, Nottingham",Neutral,1,1,0,0,0,5,2025,2025-05
Zimbabwe,Test,England v Zimbabwe,England,Lost,45 runs,2025-05-22,"Trent Bridge, Nottingham",Neutral,1,0,1,0,0,5,2025,2025-05
Australia,Test,Australia v South Africa,South Africa,Lost,5 wickets,2025-06-11,"Lord's, London",Neutral,1,0,1,0,0,6,2025,2025-06
South Africa,Test,Australia v South Africa,Australia,Won,5 wickets,2025-06-11,"Lord's, London",Neutral,1,1,0,0,0,6,2025,2025-06
Bangladesh,Test,Bangladesh v Sri Lanka,Sri Lanka,Drawn,Draw,2025-06-17,Galle International Stadium,Neutral,1,0,0,0,1,6,2025,2025-06
Sri Lanka,Test,Bangladesh v Sri Lanka,Bangladesh,Drawn,Draw,2025-06-17,Galle International Stadium,Neutral,1,0,0,0,1,6,2025,2025-06
England,Test,England v India,India,Won,5 wickets,2025-06-20,"Headingley, Leeds",Neutral,1,1,0,0,0,6,2025,2025-06
India,Test,England v India,England,Lost,5 wickets,2025-06-20,"Headingley, Leeds",Neutral,1,0,1,0,0,6,2025,2025-06
Australia,Test,Australia v West Indies,West Indies,Won,159 runs,2025-06-25,"Kensington Oval, Bridgetown, Barbados",Neutral,1,1,0,0,0,6,2025,2025-06
West Indies,Test,Australia v West Indies,Australia,Lost,159 runs,2025-06-25,"Kensington Oval, Bridgetown, Barbados",Neutral,1,0,1,0,0,6,2025,2025-06
Bangladesh,Test,Bangladesh v Sri Lanka,Sri Lanka,Lost,78 runs,2025-06-25,"Sinhalese Sports Club Ground, Colombo",Neutral,1,0,1,0,0,6,2025,2025-06
Sri Lanka,Test,Bangladesh v Sri Lanka,Bangladesh,Won,78 runs,2025-06-25,"Sinhalese Sports Club Ground, Colombo",Neutral,1,1,0,0,0,6,2025,2025-06
South Africa,Test,South Africa v Zimbabwe,Zimbabwe,Won,328 runs,2025-06-28,"Queens Sports Club, Bulawayo",Neutral,1,1,0,0,0,6,2025,2025-06
Zimbabwe,Test,South Africa v Zimbabwe,South Africa,Lost,328 runs,2025-06-28,"Queens Sports Club, Bulawayo",Neutral,1,0,1,0,0,6,2025,2025-06
England,Test,England v India,India,Lost,336 runs,2025-07-02,"Edgbaston, Birmingham",Neutral,1,0,1,0,0,7,2025,2025-07
India,Test,England v India,England,Won,336 runs,2025-07-02,"Edgbaston, Birmingham",Neutral,1,1,0,0,0,7,2025,2025-07
Australia,Test,Australia v West Indies,West Indies,Won,133 runs,2025-07-03,"National Cricket Stadium, St George's, Grenada",Neutral,1,1,0,0,0,7,2025,2025-07
West Indies,Test,Australia v West Indies,Australia,Lost,133 runs,2025-07-03,"National Cricket Stadium, St George's, Grenada",Neutral,1,0,1,0,0,7,2025,2025-07
South Africa,Test,South Africa v Zimbabwe,Zimbabwe,Won,236 runs,2025-07-06,"Queens Sports Club, Bulawayo",Neutral,1,1,0,0,0,7,2025,2025-07
Zimbabwe,Test,South Africa v Zimbabwe,South Africa,Lost,236 runs,2025-07-06,"Queens Sports Club, Bulawayo",Neutral,1,0,1,0,0,7,2025,2025-07
England,Test,England v India,India,Won,22 runs,2025-07-10,"Lord's, London",Neutral,1,1,0,0,0,7,2025,2025-07
India,Test,England v India,England,Lost,22 runs,2025-07-10,"Lord's, London",Neutral,1,0,1,0,0,7,2025,2025-07
Australia,Test,Australia v West Indies,West Indies,Won,176 runs,2025-07-12,"Sabina Park, Kingston, Jamaica",Neutral,1,1,0,0,0,7,2025,2025-07
West Indies,Test,Australia v West Indies,Australia,Lost,176 runs,2025-07-12,"Sabina Park, Kingston, Jamaica",Neutral,1,0,1,0,0,7,2025,2025-07
England,Test,England v India,India,Drawn,Draw,2025-07-23,"Old Trafford, Manchester",Neutral,1,0,0,0,1,7,2025,2025-07
India,Test,England v India,England,Drawn,Draw,2025-07-23,"Old Trafford, Manchester",Neutral,1,0,0,0,1,7,2025,2025-07
New Zealand,Test,New Zealand v Zimbabwe,Zimbabwe,Won,9 wickets,2025-07-30,"Queens Sports Club, Bulawayo",Neutral,1,1,0,0,0,7,2025,2025-07
Zimbabwe,Test,New Zealand v Zimbabwe,New Zealand,Lost,9 wickets,2025-07-30,"Queens Sports Club, Bulawayo",Neutral,1,0,1,0,0,7,2025,2025-07
England,Test,England v India,India,Lost,6 runs,2025-07-31,"Kennington Oval, London",Neutral,1,0,1,0,0,7,2025,2025-07
India,Test,England v India,England,Won,6 runs,2025-07-31,"Kennington Oval, London",Neutral,1,1,0,0,0,7,2025,2025-07
New Zealand,Test,New Zealand v Zimbabwe,Zimbabwe,Won,359 runs,2025-08-07,"Queens Sports Club, Bulawayo",Neutral,1,1,0,0,0,8,2025,2025-08
Zimbabwe,Test,New Zealand v Zimbabwe,New Zealand,Lost,359 runs,2025-08-07,"Queens Sports Club, Bulawayo",Neutral,1,0,1,0,0,8,2025,2025-08
India,Test,India v West Indies,West Indies,Won,140 runs,2025-10-02,"Narendra Modi Stadium, Ahmedabad",Neutral,1,1,0,0,0,10,2025,2025-10
West Indies,Test,India v West Indies,India,Lost,140 runs,2025-10-02,"Narendra Modi Stadium, Ahmedabad",Neutral,1,0,1,0,0,10,2025,2025-10
India,Test,India v West Indies,West Indies,Won,7 wickets,2025-10-10,"Arun Jaitley Stadium, Delhi",Neutral,1,1,0,0,0,10,2025,2025-10
West Indies,Test,India v West Indies,India,Lost,7 wickets,2025-10-10,"Arun Jaitley Stadium, Delhi",Neutral,1,0,1,0,0,10,2025,2025-10
Pakistan,Test,Pakistan v South Africa,South Africa,Won,93 runs,2025-10-12,"Gaddafi Stadium, Lahore",Neutral,1,1,0,0,0,10,2025,2025-10
South Africa,Test,Pakistan v South Africa,Pakistan,Lost,93 runs,2025-10-12,"Gaddafi Stadium, Lahore",Neutral,1,0,1,0,0,10,2025,2025-10
Pakistan,Test,Pakistan v South Africa,South Africa,Lost,8 wickets,2025-10-20,Rawalpindi Cricket Stadium,Neutral,1,0,1,0,0,10,2025,2025-10
South Africa,Test,Pakistan v South Africa,Pakistan,Won,8 wickets,2025-10-20,Rawalpindi Cricket Stadium,Neutral,1,1,0,0,0,10,2025,2025-10
Bangladesh,Test,Bangladesh v Ireland,Ireland,Won,47 runs,2025-11-11,Sylhet International Cricket Stadium,Neutral,1,1,0,0,0,11,2025,2025-11
Ireland,Test,Bangladesh v Ireland,Bangladesh,Lost,47 runs,2025-11-11,Sylhet International Cricket Stadium,Neutral,1,0,1,0,0,11,2025,2025-11
India,Test,India v South Africa,South Africa,Lost,30 runs,2025-11-14,"Eden Gardens, Kolkata",Neutral,1,0,1,0,0,11,2025,2025-11
South Africa,Test,India v South Africa,India,Won,30 runs,2025-11-14,"Eden Gardens, Kolkata",Neutral,1,1,0,0,0,11,2025,2025-11
Bangladesh,Test,Bangladesh v Ireland,Ireland,Won,217 runs,2025-11-19,"Shere Bangla National Stadium, Mirpur",Neutral,1,1,0,0,0,11,2025,2025-11
Ireland,Test,Bangladesh v Ireland,Bangladesh,Lost,217 runs,2025-11-19,"Shere Bangla National Stadium, Mirpur",Neutral,1,0,1,0,0,11,2025,2025-11
Australia,Test,Australia v England,England,Won,8 wickets,2025-11-21,Perth Stadium,Neutral,1,1,0,0,0,11,2025,2025-11
England,Test,Australia v England,Australia,Lost,8 wickets,2025-11-21,Perth Stadium,Neutral,1,0,1,0,0,11,2025,2025-11
India,Test,India v South Africa,South Africa,Lost,408 runs,2025-11-22,"Barsapara Cricket Stadium, Guwahati",Neutral,1,0,1,0,0,11,2025,2025-11
South Africa,Test,India v South Africa,India,Won,408 runs,2025-11-22,"Barsapara Cricket Stadium, Guwahati",Neutral,1,1,0,0,0,11,2025,2025-11
New Zealand,Test,New Zealand v West Indies,West Indies,Drawn,Draw,2025-12-02,"Hagley Oval, Christchurch",Neutral,1,0,0,0,1,12,2025,2025-12
West Indies,Test,New Zealand v West Indies,New Zealand,Drawn,Draw,2025-12-02,"Hagley Oval, Christchurch",Neutral,1,0,0,0,1,12,2025,2025-12
Australia,Test,Australia v England,England,Won,8 wickets,2025-12-04,"Brisbane Cricket Ground, Woolloongabba, Brisbane",Neutral,1,1,0,0,0,12,2025,2025-12
England,Test,Australia v England,Australia,Lost,8 wickets,2025-12-04,"Brisbane Cricket Ground, Woolloongabba, Brisbane",Neutral,1,0,1,0,0,12,2025,2025-12
New Zealand,Test,New Zealand v West Indies,West Indies,Won,9 wickets,2025-12-10,"Basin Reserve, Wellington",Neutral,1,1,0,0,0,12,2025,2025-12
West Indies,Test,New Zealand v West Indies,New Zealand,Lost,9 wickets,2025-12-10,"Basin Reserve, Wellington",Neutral,1,0,1,0,0,12,2025,2025-12
Australia,Test,Australia v England,England,Won,82 runs,2025-12-17,Adelaide Oval,Neutral,1,1,0,0,0,12,2025,2025-12
England,Test,Australia v England,Australia,Lost,82 runs,2025-12-17,Adelaide Oval,Neutral,1,0,1,0,0,12,2025,2025-12
New Zealand,Test,New Zealand v West Indies,West Indies,Won,323 runs,2025-12-18,"Bay Oval, Mount Maunganui",Neutral,1,1,0,0,0,12,2025,2025-12
West Indies,Test,New Zealand v West Indies,New Zealand,Lost,323 runs,2025-12-18,"Bay Oval, Mount Maunganui",Neutral,1,0,1,0,0,12,2025,2025-12
Australia,Test,Australia v England,England,Lost,4 wickets,2025-12-26,Melbourne Cricket Ground,Neutral,1,0,1,0,0,12,2025,2025-12
England,Test,Australia v England,Australia,Won,4 wickets,2025-12-26,Melbourne Cricket Ground,Neutral,1,1,0,0,0,12,2025,2025-12
Ireland,ODI,Ireland v United Arab Emirates,United Arab Emirates,Lost,6 wickets,2021-01-08,Sheikh Zayed Stadium,Neutral,1,0,1,0,0,1,2021,2021-01
United Arab Emirates,ODI,Ireland v United Arab Emirates,Ireland,Won,6 wickets,2021-01-08,Sheikh Zayed Stadium,Neutral,1,1,0,0,0,1,2021,2021-01
Ireland,ODI,Ireland v United Arab Emirates,United Arab Emirates,Won,112 runs,2021-01-18,Sheikh Zayed Stadium,Neutral,1,1,0,0,0,1,2021,2021-01
United Arab Emirates,ODI,Ireland v United Arab Emirates,Ireland,Lost,112 runs,2021-01-18,Sheikh Zayed Stadium,Neutral,1,0,1,0,0,1,2021,2021-01
Bangladesh,ODI,Bangladesh v West Indies,West Indies,Won,6 wickets,2021-01-20,Shere Bangla National Stadium,Neutral,1,1,0,0,0,1,2021,2021-01
West Indies,ODI,Bangladesh v West Indies,Bangladesh,Lost,6 wickets,2021-01-20,Shere Bangla National Stadium,Neutral,1,0,1,0,0,1,2021,2021-01
Bangladesh,ODI,Bangladesh v West Indies,West Indies,Won,7 wickets,2021-01-22,Shere Bangla National Stadium,Neutral,1,1,0,0,0,1,2021,2021-01
West Indies,ODI,Bangladesh v West Indies,Bangladesh,Lost,7 wickets,2021-01-22,Shere Bangla National Stadium,Neutral,1,0,1,0,0,1,2021,2021-01
Bangladesh,ODI,Bangladesh v West Indies,West Indies,Won,120 runs,2021-01-25,Zahur Ahmed Chowdhury Stadium,Neutral,1,1,0,0,0,1,2021,2021-01
West Indies,ODI,Bangladesh v West Indies,Bangladesh,Lost,120 runs,2021-01-25,Zahur Ahmed Chowdhury Stadium,Neutral,1,0,1,0,0,1,2021,2021-01
Sri Lanka,ODI,Sri Lanka v West Indies,West Indies,Lost,8 wickets,2021-03-10,Sir Vivian Richards Stadium,Neutral,1,0,1,0,0,3,2021,2021-03
West Indies,ODI,Sri Lanka v West Indies,Sri Lanka,Won,8 wickets,2021-03-10,Sir Vivian Richards Stadium,Neutral,1,1,0,0,0,3,2021,2021-03
Sri Lanka,ODI,Sri Lanka v West Indies,West Indies,Lost,5 wickets,2021-03-12,Sir Vivian Richards Stadium,Neutral,1,0,1,0,0,3,2021,2021-03
West Indies,ODI,Sri Lanka v West Indies,Sri Lanka,Won,5 wickets,2021-03-12,Sir Vivian Richards Stadium,Neutral,1,1,0,0,0,3,2021,2021-03
Sri Lanka,ODI,Sri Lanka v West Indies,West Indies,Lost,5 wickets,2021-03-14,Sir Vivian Richards Stadium,Neutral,1,0,1,0,0,3,2021,2021-03
West Indies,ODI,Sri Lanka v West Indies,Sri Lanka,Won,5 wickets,2021-03-14,Sir Vivian Richards Stadium,Neutral,1,1,0,0,0,3,2021,2021-03
Bangladesh,ODI,Bangladesh v New Zealand,New Zealand,Lost,8 wickets,2021-03-20,University Oval,Neutral,1,0,1,0,0,3,2021,2021-03
New Zealand,ODI,Bangladesh v New Zealand,Bangladesh,Won,8 wickets,2021-03-20,University Oval,Neutral,1,1,0,0,0,3,2021,2021-03
Bangladesh,ODI,Bangladesh v New Zealand,New Zealand,Lost,5 wickets,2021-03-23,Hagley Oval,Neutral,1,0,1,0,0,3,2021,2021-03
New Zealand,ODI,Bangladesh v New Zealand,Bangladesh,Won,5 wickets,2021-03-23,Hagley Oval,Neutral,1,1,0,0,0,3,2021,2021-03
England,ODI,England v India,India,Lost,66 runs,2021-03-23,Maharashtra Cricket Association Stadium,Neutral,1,0,1,0,0,3,2021,2021-03
India,ODI,England v India,England,Won,66 runs,2021-03-23,Maharashtra Cricket Association Stadium,Neutral,1,1,0,0,0,3,2021,2021-03
Bangladesh,ODI,Bangladesh v New Zealand,New Zealand,Lost,164 runs,2021-03-26,Basin Reserve,Neutral,1,0,1,0,0,3,2021,2021-03
New Zealand,ODI,Bangladesh v New Zealand,Bangladesh,Won,164 runs,2021-03-26,Basin Reserve,Neutral,1,1,0,0,0,3,2021,2021-03
England,ODI,England v India,India,Won,6 wickets,2021-03-26,Maharashtra Cricket Association Stadium,Neutral,1,1,0,0,0,3,2021,2021-03
India,ODI,England v India,England,Lost,6 wickets,2021-03-26,Maharashtra Cricket Association Stadium,Neutral,1,0,1,0,0,3,2021,2021-03
England,ODI,England v India,India,Lost,7 runs,2021-03-28,Maharashtra Cricket Association Stadium,Neutral,1,0,1,0,0,3,2021,2021-03
India,ODI,England v India,England,Won,7 runs,2021-03-28,Maharashtra Cricket Association Stadium,Neutral,1,1,0,0,0,3,2021,2021-03
Pakistan,ODI,Pakistan v South Africa,South Africa,Won,3 wickets,2021-04-02,"SuperSport Park, Centurion",Neutral,1,1,0,0,0,4,2021,2021-04
South Africa,ODI,Pakistan v South Africa,Pakistan,Lost,3 wickets,2021-04-02,"SuperSport Park, Centurion",Neutral,1,0,1,0,0,4,2021,2021-04
Pakistan,ODI,Pakistan v South Africa,South Africa,Lost,17 runs,2021-04-04,The Wanderers Stadium,Neutral,1,0,1,0,0,4,2021,2021-04
South Africa,ODI,Pakistan v South Africa,Pakistan,Won,17 runs,2021-04-04,The Wanderers Stadium,Neutral,1,1,0,0,0,4,2021,2021-04
Pakistan,ODI,Pakistan v South Africa,South Africa,Won,28 runs,2021-04-07,"SuperSport Park, Centurion",Neutral,1,1,0,0,0,4,2021,2021-04
South Africa,ODI,Pakistan v South Africa,Pakistan,Lost,28 runs,2021-04-07,"SuperSport Park, Centurion",Neutral,1,0,1,0,0,4,2021,2021-04
Netherlands,ODI,Netherlands v Scotland,Scotland,Won,14 runs,2021-05-19,"Hazelaarweg, Rotterdam",Neutral,1,1,0,0,0,5,2021,2021-05
Scotland,ODI,Netherlands v Scotland,Netherlands,Lost,14 runs,2021-05-19,"Hazelaarweg, Rotterdam",Neutral,1,0,1,0,0,5,2021,2021-05
Netherlands,ODI,Netherlands v Scotland,Scotland,Lost,6 wickets,2021-05-20,"Hazelaarweg, Rotterdam",Neutral,1,0,1,0,0,5,2021,2021-05
Scotland,ODI,Netherlands v Scotland,Netherlands,Won,6 wickets,2021-05-20,"Hazelaarweg, Rotterdam",Neutral,1,1,0,0,0,5,2021,2021-05
Bangladesh,ODI,Bangladesh v Sri Lanka,Sri Lanka,Won,33 runs,2021-05-23,"Shere Bangla National Stadium, Mirpur",Neutral,1,1,0,0,0,5,2021,2021-05
Sri Lanka,ODI,Bangladesh v Sri Lanka,Bangladesh,Lost,33 runs,2021-05-23,"Shere Bangla National Stadium, Mirpur",Neutral,1,0,1,0,0,5,2021,2021-05
Bangladesh,ODI,Bangladesh v Sri Lanka,Sri Lanka,Won,103 runs,2021-05-25,Sher-e-Bangla National Cricket Stadium,Neutral,1,1,0,0,0,5,2021,2021-05
Sri Lanka,ODI,Bangladesh v Sri Lanka,Bangladesh,Lost,103 runs,2021-05-25,Sher-e-Bangla National Cricket Stadium,Neutral,1,0,1,0,0,5,2021,2021-05
Bangladesh,ODI,Bangladesh v Sri Lanka,Sri Lanka,Lost,97 runs,2021-05-28,"Shere Bangla National Stadium, Mirpur",Neutral,1,0,1,0,0,5,2021,2021-05
Sri Lanka,ODI,Bangladesh v Sri Lanka,Bangladesh,Won,97 runs,2021-05-28,"Shere Bangla National Stadium, Mirpur",Neutral,1,1,0,0,0,5,2021,2021-05
Ireland,ODI,Ireland v Netherlands,Netherlands,Lost,1 runs,2021-06-02,"Sportpark Maarschalkerweerd, Utrecht",Neutral,1,0,1,0,0,6,2021,2021-06
Netherlands,ODI,Ireland v Netherlands,Ireland,Won,1 runs,2021-06-02,"Sportpark Maarschalkerweerd, Utrecht",Neutral,1,1,0,0,0,6,2021,2021-06
Ireland,ODI,Ireland v Netherlands,Netherlands,Won,8 wickets,2021-06-04,"Sportpark Maarschalkerweerd, Utrecht",Neutral,1,1,0,0,0,6,2021,2021-06
Netherlands,ODI,Ireland v Netherlands,Ireland,Lost,8 wickets,2021-06-04,"Sportpark Maarschalkerweerd, Utrecht",Neutral,1,0,1,0,0,6,2021,2021-06
Ireland,ODI,Ireland v Netherlands,Netherlands,Lost,4 wickets,2021-06-07,"Sportpark Maarschalkerweerd, Utrecht",Neutral,1,0,1,0,0,6,2021,2021-06
Netherlands,ODI,Ireland v Netherlands,Ireland,Won,4 wickets,2021-06-07,"Sportpark Maarschalkerweerd, Utrecht",Neutral,1,1,0,0,0,6,2021,2021-06
England,ODI,England v Sri Lanka,Sri Lanka,Won,5 wickets,2021-06-29,"Riverside Ground, Chester-le-Street",Neutral,1,1,0,0,0,6,2021,2021-06
Sri Lanka,ODI,England v Sri Lanka,England,Lost,5 wickets,2021-06-29,"Riverside Ground, Chester-le-Street",Neutral,1,0,1,0,0,6,2021,2021-06
England,ODI,England v Sri Lanka,Sri Lanka,Won,8 wickets,2021-07-01,"Kennington Oval, London",Neutral,1,1,0,0,0,7,2021,2021-07
Sri Lanka,ODI,England v Sri Lanka,England,Lost,8 wickets,2021-07-01,"Kennington Oval, London",Neutral,1,0,1,0,0,7,2021,2021-07
England,ODI,England v Sri Lanka,Sri Lanka,No Result,No Result,2021-07-04,"County Ground, Bristol",Neutral,1,0,0,0,1,7,2021,2021-07
Sri Lanka,ODI,England v Sri Lanka,England,No Result,No Result,2021-07-04,"County Ground, Bristol",Neutral,1,0,0,0,1,7,2021,2021-07
England,ODI,England v Pakistan,Pakistan,Won,9 wickets,2021-07-08,"Sophia Gardens, Cardiff",Neutral,1,1,0,0,0,7,2021,2021-07
Pakistan,ODI,England v Pakistan,England,Lost,9 wickets,2021-07-08,"Sophia Gardens, Cardiff",Neutral,1,0,1,0,0,7,2021,2021-07
England,ODI,England v Pakistan,Pakistan,Won,52 runs,2021-07-10,"Lord's, London",Neutral,1,1,0,0,0,7,2021,2021-07
Pakistan,ODI,England v Pakistan,England,Lost,52 runs,2021-07-10,"Lord's, London",Neutral,1,0,1,0,0,7,2021,2021-07
Ireland,ODI,Ireland v South Africa,South Africa,No Result,No Result,2021-07-11,"The Village, Malahide, Dublin",Neutral,1,0,0,0,1,7,2021,2021-07
South Africa,ODI,Ireland v South Africa,Ireland,No Result,No Result,2021-07-11,"The Village, Malahide, Dublin",Neutral,1,0,0,0,1,7,2021,2021-07
England,ODI,England v Pakistan,Pakistan,Won,3 wickets,2021-07-13,"Edgbaston, Birmingham",Neutral,1,1,0,0,0,7,2021,2021-07
Pakistan,ODI,England v Pakistan,England,Lost,3 wickets,2021-07-13,"Edgbaston, Birmingham",Neutral,1,0,1,0,0,7,2021,2021-07
Ireland,ODI,Ireland v South Africa,South Africa,Won,43 runs,2021-07-13,"The Village, Malahide, Dublin",Neutral,1,1,0,0,0,7,2021,2021-07
South Africa,ODI,Ireland v South Africa,Ireland,Lost,43 runs,2021-07-13,"The Village, Malahide, Dublin",Neutral,1,0,1,0,0,7,2021,2021-07
Ireland,ODI,Ireland v South Africa,South Africa,Lost,70 runs,2021-07-16,"The Village, Malahide, Dublin",Neutral,1,0,1,0,0,7,2021,2021-07
South Africa,ODI,Ireland v South Africa,Ireland,Won,70 runs,2021-07-16,"The Village, Malahide, Dublin",Neutral,1,1,0,0,0,7,2021,2021-07
Bangladesh,ODI,Bangladesh v Zimbabwe,Zimbabwe,Won,155 runs,2021-07-16,Harare Sports Club,Neutral,1,1,0,0,0,7,2021,2021-07
Zimbabwe,ODI,Bangladesh v Zimbabwe,Bangladesh,Lost,155 runs,2021-07-16,Harare Sports Club,Neutral,1,0,1,0,0,7,2021,2021-07
India,ODI,India v Sri Lanka,Sri Lanka,Won,7 wickets,2021-07-18,"R Premadasa Stadium, Colombo",Neutral,1,1,0,0,0,7,2021,2021-07
Sri Lanka,ODI,India v Sri Lanka,India,Lost,7 wickets,2021-07-18,"R Premadasa Stadium, Colombo",Neutral,1,0,1,0,0,7,2021,2021-07
Bangladesh,ODI,Bangladesh v Zimbabwe,Zimbabwe,Won,3 wickets,2021-07-18,Harare Sports Club,Neutral,1,1,0,0,0,7,2021,2021-07
Zimbabwe,ODI,Bangladesh v Zimbabwe,Bangladesh,Lost,3 wickets,2021-07-18,Harare Sports Club,Neutral,1,0,1,0,0,7,2021,2021-07
India,ODI,India v Sri Lanka,Sri Lanka,Won,3 wickets,2021-07-20,"R Premadasa Stadium, Colombo",Neutral,1,1,0,0,0,7,2021,2021-07
Sri Lanka,ODI,India v Sri Lanka,India,Lost,3 wickets,2021-07-20,"R Premadasa Stadium, Colombo",Neutral,1,0,1,0,0,7,2021,2021-07
Australia,ODI,Australia v West Indies,West Indies,Won,133 runs,2021-07-20,"Kensington Oval, Bridgetown, Barbados",Neutral,1,1,0,0,0,7,2021,2021-07
West Indies,ODI,Australia v West Indies,Australia,Lost,133 runs,2021-07-20,"Kensington Oval, Bridgetown, Barbados",Neutral,1,0,1,0,0,7,2021,2021-07
Bangladesh,ODI,Bangladesh v Zimbabwe,Zimbabwe,Won,5 wickets,2021-07-20,Harare Sports Club,Neutral,1,1,0,0,0,7,2021,2021-07
Zimbabwe,ODI,Bangladesh v Zimbabwe,Bangladesh,Lost,5 wickets,2021-07-20,Harare Sports Club,Neutral,1,0,1,0,0,7,2021,2021-07
Australia,ODI,Australia v West Indies,West Indies,Lost,4 wickets,2021-07-22,"Kensington Oval, Bridgetown, Barbados",Neutral,1,0,1,0,0,7,2021,2021-07
West Indies,ODI,Australia v West Indies,Australia,Won,4 wickets,2021-07-22,"Kensington Oval, Bridgetown, Barbados",Neutral,1,1,0,0,0,7,2021,2021-07
India,ODI,India v Sri Lanka,Sri Lanka,Lost,3 wickets,2021-07-23,"R Premadasa Stadium, Colombo",Neutral,1,0,1,0,0,7,2021,2021-07
Sri Lanka,ODI,India v Sri Lanka,India,Won,3 wickets,2021-07-23,"R Premadasa Stadium, Colombo",Neutral,1,1,0,0,0,7,2021,2021-07
Australia,ODI,Australia v West Indies,West Indies,Won,6 wickets,2021-07-26,"Kensington Oval, Bridgetown, Barbados",Neutral,1,1,0,0,0,7,2021,2021-07
West Indies,ODI,Australia v West Indies,Australia,Lost,6 wickets,2021-07-26,"Kensington Oval, Bridgetown, Barbados",Neutral,1,0,1,0,0,7,2021,2021-07
South Africa,ODI,South Africa v Sri Lanka,Sri Lanka,Lost,14 runs,2021-09-02,"R Premadasa Stadium, Colombo",Neutral,1,0,1,0,0,9,2021,2021-09
Sri Lanka,ODI,South Africa v Sri Lanka,South Africa,Won,14 runs,2021-09-02,"R Premadasa Stadium, Colombo",Neutral,1,1,0,0,0,9,2021,2021-09
South Africa,ODI,South Africa v Sri Lanka,Sri Lanka,Won,67 runs,2021-09-04,"R Premadasa Stadium, Colombo",Neutral,1,1,0,0,0,9,2021,2021-09
Sri Lanka,ODI,South Africa v Sri Lanka,South Africa,Lost,67 runs,2021-09-04,"R Premadasa Stadium, Colombo",Neutral,1,0,1,0,0,9,2021,2021-09
Papua New Guinea,ODI,Papua New Guinea v United States of America,United States of America,Lost,7 wickets,2021-09-06,Al Amerat Cricket Ground Oman Cricket (Ministry Turf 2),Neutral,1,0,1,0,0,9,2021,2021-09
United States of America,ODI,Papua New Guinea v United States of America,Papua New Guinea,Won,7 wickets,2021-09-06,Al Amerat Cricket Ground Oman Cricket (Ministry Turf 2),Neutral,1,1,0,0,0,9,2021,2021-09
South Africa,ODI,South Africa v Sri Lanka,Sri Lanka,Lost,78 runs,2021-09-07,"R Premadasa Stadium, Colombo",Neutral,1,0,1,0,0,9,2021,2021-09
Sri Lanka,ODI,South Africa v Sri Lanka,South Africa,Won,78 runs,2021-09-07,"R Premadasa Stadium, Colombo",Neutral,1,1,0,0,0,9,2021,2021-09
Nepal,ODI,Nepal v Papua New Guinea,Papua New Guinea,Won,2 wickets,2021-09-07,Al Amerat Cricket Ground Oman Cricket (Ministry Turf 1),Neutral,1,1,0,0,0,9,2021,2021-09
Papua New Guinea,ODI,Nepal v Papua New Guinea,Nepal,Lost,2 wickets,2021-09-07,Al Amerat Cricket Ground Oman Cricket (Ministry Turf 1),Neutral,1,0,1,0,0,9,2021,2021-09
Ireland,ODI,Ireland v Zimbabwe,Zimbabwe,Lost,38 runs,2021-09-08,"Civil Service Cricket Club, Stormont, Belfast",Neutral,1,0,1,0,0,9,2021,2021-09
Zimbabwe,ODI,Ireland v Zimbabwe,Ireland,Won,38 runs,2021-09-08,"Civil Service Cricket Club, Stormont, Belfast",Neutral,1,1,0,0,0,9,2021,2021-09
Papua New Guinea,ODI,Papua New Guinea v United States of America,United States of America,Lost,134 runs,2021-09-09,Al Amerat Cricket Ground Oman Cricket (Ministry Turf 2),Neutral,1,0,1,0,0,9,2021,2021-09
United States of America,ODI,Papua New Guinea v United States of America,Papua New Guinea,Won,134 runs,2021-09-09,Al Amerat Cricket Ground Oman Cricket (Ministry Turf 2),Neutral,1,1,0,0,0,9,2021,2021-09
Ireland,ODI,Ireland v Zimbabwe,Zimbabwe,No Result,No Result,2021-09-10,"Civil Service Cricket Club, Stormont, Belfast",Neutral,1,0,0,0,1,9,2021,2021-09
Zimbabwe,ODI,Ireland v Zimbabwe,Ireland,No Result,No Result,2021-09-10,"Civil Service Cricket Club, Stormont, Belfast",Neutral,1,0,0,0,1,9,2021,2021-09
Nepal,ODI,Nepal v Papua New Guinea,Papua New Guinea,Won,151 runs,2021-09-10,Al Amerat Cricket Ground Oman Cricket (Ministry Turf 1),Neutral,1,1,0,0,0,9,2021,2021-09
Papua New Guinea,ODI,Nepal v Papua New Guinea,Nepal,Lost,151 runs,2021-09-10,Al Amerat Cricket Ground Oman Cricket (Ministry Turf 1),Neutral,1,0,1,0,0,9,2021,2021-09
Ireland,ODI,Ireland v Zimbabwe,Zimbabwe,Won,7 wickets,2021-09-13,"Civil Service Cricket Club, Stormont, Belfast",Neutral,1,1,0,0,0,9,2021,2021-09
Zimbabwe,ODI,Ireland v Zimbabwe,Ireland,Lost,7 wickets,2021-09-13,"Civil Service Cricket Club, Stormont, Belfast",Neutral,1,0,1,0,0,9,2021,2021-09
Nepal,ODI,Nepal v United States of America,United States of America,Won,5 wickets,2021-09-13,Al Amerat Cricket Ground Oman Cricket (Ministry Turf 1),Neutral,1,1,0,0,0,9,2021,2021-09
United States of America,ODI,Nepal v United States of America,Nepal,Lost,5 wickets,2021-09-13,Al Amerat Cricket Ground Oman Cricket (Ministry Turf 1),Neutral,1,0,1,0,0,9,2021,2021-09
Nepal,ODI,Nepal v Oman,Oman,Lost,5 wickets,2021-09-14,Al Amerat Cricket Ground Oman Cricket (Ministry Turf 1),Neutral,1,0,1,0,0,9,2021,2021-09
Oman,ODI,Nepal v Oman,Nepal,Won,5 wickets,2021-09-14,Al Amerat Cricket Ground Oman Cricket (Ministry Turf 1),Neutral,1,1,0,0,0,9,2021,2021-09
Oman,ODI,Oman v United States of America,United States of America,Won,4 wickets,2021-09-16,Al Amerat Cricket Ground Oman Cricket (Ministry Turf 1),Neutral,1,1,0,0,0,9,2021,2021-09
United States of America,ODI,Oman v United States of America,Oman,Lost,4 wickets,2021-09-16,Al Amerat Cricket Ground Oman Cricket (Ministry Turf 1),Neutral,1,0,1,0,0,9,2021,2021-09
Nepal,ODI,Nepal v Oman,Oman,Won,7 wickets,2021-09-19,Al Amerat Cricket Ground Oman Cricket (Ministry Turf 1),Neutral,1,1,0,0,0,9,2021,2021-09
Oman,ODI,Nepal v Oman,Nepal,Lost,7 wickets,2021-09-19,Al Amerat Cricket Ground Oman Cricket (Ministry Turf 1),Neutral,1,0,1,0,0,9,2021,2021-09
Papua New Guinea,ODI,Papua New Guinea v Scotland,Scotland,Lost,6 wickets,2021-09-25,Al Amerat Cricket Ground Oman Cricket (Ministry Turf 2),Neutral,1,0,1,0,0,9,2021,2021-09
Scotland,ODI,Papua New Guinea v Scotland,Papua New Guinea,Won,6 wickets,2021-09-25,Al Amerat Cricket Ground Oman Cricket (Ministry Turf 2),Neutral,1,1,0,0,0,9,2021,2021-09
Oman,ODI,Oman v Papua New Guinea,Papua New Guinea,Won,110 runs,2021-09-26,Al Amerat Cricket Ground Oman Cricket (Ministry Turf 2),Neutral,1,1,0,0,0,9,2021,2021-09
Papua New Guinea,ODI,Oman v Papua New Guinea,Oman,Lost,110 runs,2021-09-26,Al Amerat Cricket Ground Oman Cricket (Ministry Turf 2),Neutral,1,0,1,0,0,9,2021,2021-09
Oman,ODI,Oman v Scotland,Scotland,Lost,18 runs,2021-09-28,Al Amerat Cricket Ground Oman Cricket (Ministry Turf 2),Neutral,1,0,1,0,0,9,2021,2021-09
Scotland,ODI,Oman v Scotland,Oman,Won,18 runs,2021-09-28,Al Amerat Cricket Ground Oman Cricket (Ministry Turf 2),Neutral,1,1,0,0,0,9,2021,2021-09
Papua New Guinea,ODI,Papua New Guinea v Scotland,Scotland,Lost,4 wickets,2021-09-29,Al Amerat Cricket Ground Oman Cricket (Ministry Turf 1),Neutral,1,0,1,0,0,9,2021,2021-09
Scotland,ODI,Papua New Guinea v Scotland,Papua New Guinea,Won,4 wickets,2021-09-29,Al Amerat Cricket Ground Oman Cricket (Ministry Turf 1),Neutral,1,1,0,0,0,9,2021,2021-09
Oman,ODI,Oman v Papua New Guinea,Papua New Guinea,Won,3 wickets,2021-10-01,Al Amerat Cricket Ground Oman Cricket (Ministry Turf 1),Neutral,1,1,0,0,0,10,2021,2021-10
Papua New Guinea,ODI,Oman v Papua New Guinea,Oman,Lost,3 wickets,2021-10-01,Al Amerat Cricket Ground Oman Cricket (Ministry Turf 1),Neutral,1,0,1,0,0,10,2021,2021-10
Oman,ODI,Oman v Scotland,Scotland,No Result,No Result,2021-10-02,Al Amerat Cricket Ground Oman Cricket (Ministry Turf 1),Neutral,1,0,0,0,1,10,2021,2021-10
Scotland,ODI,Oman v Scotland,Oman,No Result,No Result,2021-10-02,Al Amerat Cricket Ground Oman Cricket (Ministry Turf 1),Neutral,1,0,0,0,1,10,2021,2021-10
Netherlands,ODI,Netherlands v South Africa,South Africa,No Result,No Result,2021-11-26,"SuperSport Park, Centurion",Neutral,1,0,0,0,1,11,2021,2021-11
South Africa,ODI,Netherlands v South Africa,Netherlands,No Result,No Result,2021-11-26,"SuperSport Park, Centurion",Neutral,1,0,0,0,1,11,2021,2021-11
Namibia,ODI,Namibia v Oman,Oman,Won,40 runs,2021-11-26,"Wanderers Cricket Ground, Windhoek",Neutral,1,1,0,0,0,11,2021,2021-11
Oman,ODI,Namibia v Oman,Namibia,Lost,40 runs,2021-11-26,"Wanderers Cricket Ground, Windhoek",Neutral,1,0,1,0,0,11,2021,2021-11
Ireland,ODI,Ireland v West Indies,West Indies,Lost,24 runs,2022-01-08,"Sabina Park, Kingston, Jamaica",Neutral,1,0,1,0,0,1,2022,2022-01
West Indies,ODI,Ireland v West Indies,Ireland,Won,24 runs,2022-01-08,"Sabina Park, Kingston, Jamaica",Neutral,1,1,0,0,0,1,2022,2022-01
Ireland,ODI,Ireland v West Indies,West Indies,Won,5 wickets,2022-01-13,"Sabina Park, Kingston, Jamaica",Neutral,1,1,0,0,0,1,2022,2022-01
West Indies,ODI,Ireland v West Indies,Ireland,Lost,5 wickets,2022-01-13,"Sabina Park, Kingston, Jamaica",Neutral,1,0,1,0,0,1,2022,2022-01
Ireland,ODI,Ireland v West Indies,West Indies,Won,2 wickets,2022-01-16,"Sabina Park, Kingston, Jamaica",Neutral,1,1,0,0,0,1,2022,2022-01
West Indies,ODI,Ireland v West Indies,Ireland,Lost,2 wickets,2022-01-16,"Sabina Park, Kingston, Jamaica",Neutral,1,0,1,0,0,1,2022,2022-01
Sri Lanka,ODI,Sri Lanka v Zimbabwe,Zimbabwe,Won,5 wickets,2022-01-16,Pallekele International Cricket Stadium,Neutral,1,1,0,0,0,1,2022,2022-01
Zimbabwe,ODI,Sri Lanka v Zimbabwe,Sri Lanka,Lost,5 wickets,2022-01-16,Pallekele International Cricket Stadium,Neutral,1,0,1,0,0,1,2022,2022-01
Sri Lanka,ODI,Sri Lanka v Zimbabwe,Zimbabwe,Lost,22 runs,2022-01-18,Pallekele International Cricket Stadium,Neutral,1,0,1,0,0,1,2022,2022-01
Zimbabwe,ODI,Sri Lanka v Zimbabwe,Sri Lanka,Won,22 runs,2022-01-18,Pallekele International Cricket Stadium,Neutral,1,1,0,0,0,1,2022,2022-01
India,ODI,India v South Africa,South Africa,Lost,31 runs,2022-01-19,"Boland Park, Paarl",Neutral,1,0,1,0,0,1,2022,2022-01
South Africa,ODI,India v South Africa,India,Won,31 runs,2022-01-19,"Boland Park, Paarl",Neutral,1,1,0,0,0,1,2022,2022-01
India,ODI,India v South Africa,South Africa,Lost,7 wickets,2022-01-21,"Boland Park, Paarl",Neutral,1,0,1,0,0,1,2022,2022-01
South Africa,ODI,India v South Africa,India,Won,7 wickets,2022-01-21,"Boland Park, Paarl",Neutral,1,1,0,0,0,1,2022,2022-01
Sri Lanka,ODI,Sri Lanka v Zimbabwe,Zimbabwe,Won,184 runs,2022-01-21,Pallekele International Cricket Stadium,Neutral,1,1,0,0,0,1,2022,2022-01
Zimbabwe,ODI,Sri Lanka v Zimbabwe,Sri Lanka,Lost,184 runs,2022-01-21,Pallekele International Cricket Stadium,Neutral,1,0,1,0,0,1,2022,2022-01
India,ODI,India v South Africa,South Africa,Lost,4 runs,2022-01-23,"Newlands, Cape Town",Neutral,1,0,1,0,0,1,2022,2022-01
South Africa,ODI,India v South Africa,India,Won,4 runs,2022-01-23,"Newlands, Cape Town",Neutral,1,1,0,0,0,1,2022,2022-01
Oman,ODI,Oman v United Arab Emirates,United Arab Emirates,Lost,4 wickets,2022-02-05,Al Amerat Cricket Ground Oman Cricket (Ministry Turf 1),Neutral,1,0,1,0,0,2,2022,2022-02
United Arab Emirates,ODI,Oman v United Arab Emirates,Oman,Won,4 wickets,2022-02-05,Al Amerat Cricket Ground Oman Cricket (Ministry Turf 1),Neutral,1,1,0,0,0,2,2022,2022-02
India,ODI,India v West Indies,West Indies,Won,6 wickets,2022-02-06,"Narendra Modi Stadium, Ahmedabad",Neutral,1,1,0,0,0,2,2022,2022-02
West Indies,ODI,India v West Indies,India,Lost,6 wickets,2022-02-06,"Narendra Modi Stadium, Ahmedabad",Neutral,1,0,1,0,0,2,2022,2022-02
Oman,ODI,Oman v United Arab Emirates,United Arab Emirates,Lost,4 wickets,2022-02-06,Al Amerat Cricket Ground Oman Cricket (Ministry Turf 1),Neutral,1,0,1,0,0,2,2022,2022-02
United Arab Emirates,ODI,Oman v United Arab Emirates,Oman,Won,4 wickets,2022-02-06,Al Amerat Cricket Ground Oman Cricket (Ministry Turf 1),Neutral,1,1,0,0,0,2,2022,2022-02
Oman,ODI,Oman v United Arab Emirates,United Arab Emirates,Tied,Tie,2022-02-08,Al Amerat Cricket Ground Oman Cricket (Ministry Turf 1),Neutral,1,0,0,1,0,2,2022,2022-02
United Arab Emirates,ODI,Oman v United Arab Emirates,Oman,Tied,Tie,2022-02-08,Al Amerat Cricket Ground Oman Cricket (Ministry Turf 1),Neutral,1,0,0,1,0,2,2022,2022-02
India,ODI,India v West Indies,West Indies,Won,44 runs,2022-02-09,"Narendra Modi Stadium, Ahmedabad",Neutral,1,1,0,0,0,2,2022,2022-02
West Indies,ODI,India v West Indies,India,Lost,44 runs,2022-02-09,"Narendra Modi Stadium, Ahmedabad",Neutral,1,0,1,0,0,2,2022,2022-02
India,ODI,India v West Indies,West Indies,Won,96 runs,2022-02-11,"Narendra Modi Stadium, Ahmedabad",Neutral,1,1,0,0,0,2,2022,2022-02
West Indies,ODI,India v West Indies,India,Lost,96 runs,2022-02-11,"Narendra Modi Stadium, Ahmedabad",Neutral,1,0,1,0,0,2,2022,2022-02
Oman,ODI,Oman v United Arab Emirates,United Arab Emirates,Won,12 runs,2022-03-05,"ICC Academy, Dubai",Neutral,1,1,0,0,0,3,2022,2022-03
United Arab Emirates,ODI,Oman v United Arab Emirates,Oman,Lost,12 runs,2022-03-05,"ICC Academy, Dubai",Neutral,1,0,1,0,0,3,2022,2022-03
Namibia,ODI,Namibia v Oman,Oman,Won,110 runs,2022-03-06,"ICC Academy, Dubai",Neutral,1,1,0,0,0,3,2022,2022-03
Oman,ODI,Namibia v Oman,Namibia,Lost,110 runs,2022-03-06,"ICC Academy, Dubai",Neutral,1,0,1,0,0,3,2022,2022-03
Namibia,ODI,Namibia v United Arab Emirates,United Arab Emirates,Lost,3 wickets,2022-03-08,"ICC Academy, Dubai",Neutral,1,0,1,0,0,3,2022,2022-03
United Arab Emirates,ODI,Namibia v United Arab Emirates,Namibia,Won,3 wickets,2022-03-08,"ICC Academy, Dubai",Neutral,1,1,0,0,0,3,2022,2022-03
Oman,ODI,Oman v United Arab Emirates,United Arab Emirates,Won,8 runs,2022-03-09,"ICC Academy, Dubai",Neutral,1,1,0,0,0,3,2022,2022-03
United Arab Emirates,ODI,Oman v United Arab Emirates,Oman,Lost,8 runs,2022-03-09,"ICC Academy, Dubai",Neutral,1,0,1,0,0,3,2022,2022-03
Namibia,ODI,Namibia v Oman,Oman,Lost,7 wickets,2022-03-11,Sharjah Cricket Stadium,Neutral,1,0,1,0,0,3,2022,2022-03
Oman,ODI,Namibia v Oman,Namibia,Won,7 wickets,2022-03-11,Sharjah Cricket Stadium,Neutral,1,1,0,0,0,3,2022,2022-03
Namibia,ODI,Namibia v United Arab Emirates,United Arab Emirates,Lost,43 runs,2022-03-12,Sharjah Cricket Stadium,Neutral,1,0,1,0,0,3,2022,2022-03
United Arab Emirates,ODI,Namibia v United Arab Emirates,Namibia,Won,43 runs,2022-03-12,Sharjah Cricket Stadium,Neutral,1,1,0,0,0,3,2022,2022-03
Namibia,ODI,Namibia v Oman,Oman,Won,5 wickets,2022-03-14,Dubai International Cricket Stadium,Neutral,1,1,0,0,0,3,2022,2022-03
Oman,ODI,Namibia v Oman,Namibia,Lost,5 wickets,2022-03-14,Dubai International Cricket Stadium,Neutral,1,0,1,0,0,3,2022,2022-03
Papua New Guinea,ODI,Papua New Guinea v United Arab Emirates,United Arab Emirates,Lost,7 wickets,2022-03-15,Sharjah Cricket Stadium,Neutral,1,0,1,0,0,3,2022,2022-03
United Arab Emirates,ODI,Papua New Guinea v United Arab Emirates,Papua New Guinea,Won,7 wickets,2022-03-15,Sharjah Cricket Stadium,Neutral,1,1,0,0,0,3,2022,2022-03
Nepal,ODI,Nepal v Papua New Guinea,Papua New Guinea,Won,2 wickets,2022-03-16,Sharjah Cricket Stadium,Neutral,1,1,0,0,0,3,2022,2022-03
Papua New Guinea,ODI,Nepal v Papua New Guinea,Nepal,Lost,2 wickets,2022-03-16,Sharjah Cricket Stadium,Neutral,1,0,1,0,0,3,2022,2022-03
Bangladesh,ODI,Bangladesh v South Africa,South Africa,Won,38 runs,2022-03-18,"SuperSport Park, Centurion",Neutral,1,1,0,0,0,3,2022,2022-03
South Africa,ODI,Bangladesh v South Africa,Bangladesh,Lost,38 runs,2022-03-18,"SuperSport Park, Centurion",Neutral,1,0,1,0,0,3,2022,2022-03
Nepal,ODI,Nepal v United Arab Emirates,United Arab Emirates,Lost,48 runs,2022-03-18,Dubai International Cricket Stadium,Neutral,1,0,1,0,0,3,2022,2022-03
United Arab Emirates,ODI,Nepal v United Arab Emirates,Nepal,Won,48 runs,2022-03-18,Dubai International Cricket Stadium,Neutral,1,1,0,0,0,3,2022,2022-03
Papua New Guinea,ODI,Papua New Guinea v United Arab Emirates,United Arab Emirates,Won,6 wickets,2022-03-19,Dubai International Cricket Stadium,Neutral,1,1,0,0,0,3,2022,2022-03
United Arab Emirates,ODI,Papua New Guinea v United Arab Emirates,Papua New Guinea,Lost,6 wickets,2022-03-19,Dubai International Cricket Stadium,Neutral,1,0,1,0,0,3,2022,2022-03
Bangladesh,ODI,Bangladesh v South Africa,South Africa,Lost,7 wickets,2022-03-20,"The Wanderers Stadium, Johannesburg",Neutral,1,0,1,0,0,3,2022,2022-03
South Africa,ODI,Bangladesh v South Africa,Bangladesh,Won,7 wickets,2022-03-20,"The Wanderers Stadium, Johannesburg",Neutral,1,1,0,0,0,3,2022,2022-03
Nepal,ODI,Nepal v United Arab Emirates,United Arab Emirates,Lost,99 runs,2022-03-21,Dubai International Cricket Stadium,Neutral,1,0,1,0,0,3,2022,2022-03
United Arab Emirates,ODI,Nepal v United Arab Emirates,Nepal,Won,99 runs,2022-03-21,Dubai International Cricket Stadium,Neutral,1,1,0,0,0,3,2022,2022-03
Nepal,ODI,Nepal v Papua New Guinea,Papua New Guinea,Won,7 wickets,2022-03-22,Dubai International Cricket Stadium,Neutral,1,1,0,0,0,3,2022,2022-03
Papua New Guinea,ODI,Nepal v Papua New Guinea,Nepal,Lost,7 wickets,2022-03-22,Dubai International Cricket Stadium,Neutral,1,0,1,0,0,3,2022,2022-03
Bangladesh,ODI,Bangladesh v South Africa,South Africa,Won,9 wickets,2022-03-23,"SuperSport Park, Centurion",Neutral,1,1,0,0,0,3,2022,2022-03
South Africa,ODI,Bangladesh v South Africa,Bangladesh,Lost,9 wickets,2022-03-23,"SuperSport Park, Centurion",Neutral,1,0,1,0,0,3,2022,2022-03
Nepal,ODI,Nepal v Papua New Guinea,Papua New Guinea,Lost,6 runs,2022-03-25,"Tribhuvan University International Cricket Ground, Kirtipur",Neutral,1,0,1,0,0,3,2022,2022-03
Papua New Guinea,ODI,Nepal v Papua New Guinea,Nepal,Won,6 runs,2022-03-25,"Tribhuvan University International Cricket Ground, Kirtipur",Neutral,1,1,0,0,0,3,2022,2022-03
Nepal,ODI,Nepal v Papua New Guinea,Papua New Guinea,Lost,3 wickets,2022-03-26,"Tribhuvan University International Cricket Ground, Kirtipur",Neutral,1,0,1,0,0,3,2022,2022-03
Papua New Guinea,ODI,Nepal v Papua New Guinea,Nepal,Won,3 wickets,2022-03-26,"Tribhuvan University International Cricket Ground, Kirtipur",Neutral,1,1,0,0,0,3,2022,2022-03
Australia,ODI,Australia v Pakistan,Pakistan,Won,88 runs,2022-03-29,"Gaddafi Stadium, Lahore",Neutral,1,1,0,0,0,3,2022,2022-03
Pakistan,ODI,Australia v Pakistan,Australia,Lost,88 runs,2022-03-29,"Gaddafi Stadium, Lahore",Neutral,1,0,1,0,0,3,2022,2022-03
Netherlands,ODI,Netherlands v New Zealand,New Zealand,Lost,7 wickets,2022-03-29,"Bay Oval, Mount Maunganui",Neutral,1,0,1,0,0,3,2022,2022-03
New Zealand,ODI,Netherlands v New Zealand,Netherlands,Won,7 wickets,2022-03-29,"Bay Oval, Mount Maunganui",Neutral,1,1,0,0,0,3,2022,2022-03
Australia,ODI,Australia v Pakistan,Pakistan,Lost,6 wickets,2022-03-31,"Gaddafi Stadium, Lahore",Neutral,1,0,1,0,0,3,2022,2022-03
Pakistan,ODI,Australia v Pakistan,Australia,Won,6 wickets,2022-03-31,"Gaddafi Stadium, Lahore",Neutral,1,1,0,0,0,3,2022,2022-03
Australia,ODI,Australia v Pakistan,Pakistan,Lost,9 wickets,2022-04-02,"Gaddafi Stadium, Lahore",Neutral,1,0,1,0,0,4,2022,2022-04
Pakistan,ODI,Australia v Pakistan,Australia,Won,9 wickets,2022-04-02,"Gaddafi Stadium, Lahore",Neutral,1,1,0,0,0,4,2022,2022-04
Netherlands,ODI,Netherlands v New Zealand,New Zealand,Lost,118 runs,2022-04-02,"Seddon Park, Hamilton",Neutral,1,0,1,0,0,4,2022,2022-04
New Zealand,ODI,Netherlands v New Zealand,Netherlands,Won,118 runs,2022-04-02,"Seddon Park, Hamilton",Neutral,1,1,0,0,0,4,2022,2022-04
Netherlands,ODI,Netherlands v New Zealand,New Zealand,Lost,115 runs,2022-04-04,"Seddon Park, Hamilton",Neutral,1,0,1,0,0,4,2022,2022-04
New Zealand,ODI,Netherlands v New Zealand,Netherlands,Won,115 runs,2022-04-04,"Seddon Park, Hamilton",Neutral,1,1,0,0,0,4,2022,2022-04
Papua New Guinea,ODI,Papua New Guinea v Scotland,Scotland,Lost,162 runs,2022-04-09,Dubai International Cricket Stadium,Neutral,1,0,1,0,0,4,2022,2022-04
Scotland,ODI,Papua New Guinea v Scotland,Papua New Guinea,Won,162 runs,2022-04-09,Dubai International Cricket Stadium,Neutral,1,1,0,0,0,4,2022,2022-04
Oman,ODI,Oman v Scotland,Scotland,Lost,4 runs,2022-04-10,Dubai International Cricket Stadium,Neutral,1,0,1,0,0,4,2022,2022-04
Scotland,ODI,Oman v Scotland,Oman,Won,4 runs,2022-04-10,Dubai International Cricket Stadium,Neutral,1,1,0,0,0,4,2022,2022-04
Oman,ODI,Oman v Papua New Guinea,Papua New Guinea,Won,7 wickets,2022-04-12,Dubai International Cricket Stadium,Neutral,1,1,0,0,0,4,2022,2022-04
Papua New Guinea,ODI,Oman v Papua New Guinea,Oman,Lost,7 wickets,2022-04-12,Dubai International Cricket Stadium,Neutral,1,0,1,0,0,4,2022,2022-04
Papua New Guinea,ODI,Papua New Guinea v Scotland,Scotland,Lost,123 runs,2022-04-13,Dubai International Cricket Stadium,Neutral,1,0,1,0,0,4,2022,2022-04
Scotland,ODI,Papua New Guinea v Scotland,Papua New Guinea,Won,123 runs,2022-04-13,Dubai International Cricket Stadium,Neutral,1,1,0,0,0,4,2022,2022-04
Oman,ODI,Oman v Scotland,Scotland,Lost,2 wickets,2022-04-15,Dubai International Cricket Stadium,Neutral,1,0,1,0,0,4,2022,2022-04
Scotland,ODI,Oman v Scotland,Oman,Won,2 wickets,2022-04-15,Dubai International Cricket Stadium,Neutral,1,1,0,0,0,4,2022,2022-04
Oman,ODI,Oman v Papua New Guinea,Papua New Guinea,Won,85 runs,2022-04-16,Dubai International Cricket Stadium,Neutral,1,1,0,0,0,4,2022,2022-04
Papua New Guinea,ODI,Oman v Papua New Guinea,Oman,Lost,85 runs,2022-04-16,Dubai International Cricket Stadium,Neutral,1,0,1,0,0,4,2022,2022-04
Scotland,ODI,Scotland v United States of America,United States of America,Lost,104 runs,2022-05-28,"Choice Moosa Stadium, Pearland",Neutral,1,0,1,0,0,5,2022,2022-05
United States of America,ODI,Scotland v United States of America,Scotland,Won,104 runs,2022-05-28,"Choice Moosa Stadium, Pearland",Neutral,1,1,0,0,0,5,2022,2022-05
Scotland,ODI,Scotland v United States of America,United States of America,Won,111 runs,2022-05-29,"Choice Moosa Stadium, Pearland",Neutral,1,1,0,0,0,5,2022,2022-05
United States of America,ODI,Scotland v United States of America,Scotland,Lost,111 runs,2022-05-29,"Choice Moosa Stadium, Pearland",Neutral,1,0,1,0,0,5,2022,2022-05
Netherlands,ODI,Netherlands v West Indies,West Indies,Lost,7 wickets,2022-05-31,"VRA Ground, Amstelveen",Neutral,1,0,1,0,0,5,2022,2022-05
West Indies,ODI,Netherlands v West Indies,Netherlands,Won,7 wickets,2022-05-31,"VRA Ground, Amstelveen",Neutral,1,1,0,0,0,5,2022,2022-05
Scotland,ODI,Scotland v United Arab Emirates,United Arab Emirates,Won,4 wickets,2022-05-31,"Moosa Cricket Stadium, Pearland",Neutral,1,1,0,0,0,5,2022,2022-05
United Arab Emirates,ODI,Scotland v United Arab Emirates,Scotland,Lost,4 wickets,2022-05-31,"Moosa Cricket Stadium, Pearland",Neutral,1,0,1,0,0,5,2022,2022-05
United Arab Emirates,ODI,United Arab Emirates v United States of America,United States of America,Lost,4 wickets,2022-06-01,"Moosa Cricket Stadium, Pearland",Neutral,1,0,1,0,0,6,2022,2022-06
United States of America,ODI,United Arab Emirates v United States of America,United Arab Emirates,Won,4 wickets,2022-06-01,"Moosa Cricket Stadium, Pearland",Neutral,1,1,0,0,0,6,2022,2022-06
Netherlands,ODI,Netherlands v West Indies,West Indies,Lost,5 wickets,2022-06-02,"VRA Ground, Amstelveen",Neutral,1,0,1,0,0,6,2022,2022-06
West Indies,ODI,Netherlands v West Indies,Netherlands,Won,5 wickets,2022-06-02,"VRA Ground, Amstelveen",Neutral,1,1,0,0,0,6,2022,2022-06
Scotland,ODI,Scotland v United Arab Emirates,United Arab Emirates,Lost,5 wickets,2022-06-03,"Moosa Cricket Stadium, Pearland",Neutral,1,0,1,0,0,6,2022,2022-06
United Arab Emirates,ODI,Scotland v United Arab Emirates,Scotland,Won,5 wickets,2022-06-03,"Moosa Cricket Stadium, Pearland",Neutral,1,1,0,0,0,6,2022,2022-06
Netherlands,ODI,Netherlands v West Indies,West Indies,Lost,20 runs,2022-06-04,"VRA Ground, Amstelveen",Neutral,1,0,1,0,0,6,2022,2022-06
West Indies,ODI,Netherlands v West Indies,Netherlands,Won,20 runs,2022-06-04,"VRA Ground, Amstelveen",Neutral,1,1,0,0,0,6,2022,2022-06
United Arab Emirates,ODI,United Arab Emirates v United States of America,United States of America,Won,8 wickets,2022-06-04,"Moosa Cricket Stadium, Pearland",Neutral,1,1,0,0,0,6,2022,2022-06
United States of America,ODI,United Arab Emirates v United States of America,United Arab Emirates,Lost,8 wickets,2022-06-04,"Moosa Cricket Stadium, Pearland",Neutral,1,0,1,0,0,6,2022,2022-06
Oman,ODI,Oman v United States of America,United States of America,Lost,114 runs,2022-06-08,"Moosa Cricket Stadium, Pearland",Neutral,1,0,1,0,0,6,2022,2022-06
United States of America,ODI,Oman v United States of America,Oman,Won,114 runs,2022-06-08,"Moosa Cricket Stadium, Pearland",Neutral,1,1,0,0,0,6,2022,2022-06
Pakistan,ODI,Pakistan v West Indies,West Indies,Won,5 wickets,2022-06-08,Multan Cricket Stadium,Neutral,1,1,0,0,0,6,2022,2022-06
West Indies,ODI,Pakistan v West Indies,Pakistan,Lost,5 wickets,2022-06-08,Multan Cricket Stadium,Neutral,1,0,1,0,0,6,2022,2022-06
Nepal,ODI,Nepal v Oman,Oman,Lost,13 runs,2022-06-09,"Moosa Cricket Stadium, Pearland",Neutral,1,0,1,0,0,6,2022,2022-06
Oman,ODI,Nepal v Oman,Nepal,Won,13 runs,2022-06-09,"Moosa Cricket Stadium, Pearland",Neutral,1,1,0,0,0,6,2022,2022-06
Pakistan,ODI,Pakistan v West Indies,West Indies,Won,120 runs,2022-06-10,Multan Cricket Stadium,Neutral,1,1,0,0,0,6,2022,2022-06
West Indies,ODI,Pakistan v West Indies,Pakistan,Lost,120 runs,2022-06-10,Multan Cricket Stadium,Neutral,1,0,1,0,0,6,2022,2022-06
Nepal,ODI,Nepal v United States of America,United States of America,Tied,Tie,2022-06-11,"Moosa Cricket Stadium, Pearland",Neutral,1,0,0,1,0,6,2022,2022-06
United States of America,ODI,Nepal v United States of America,Nepal,Tied,Tie,2022-06-11,"Moosa Cricket Stadium, Pearland",Neutral,1,0,0,1,0,6,2022,2022-06
Oman,ODI,Oman v United States of America,United States of America,Won,13 runs,2022-06-12,"Moosa Cricket Stadium, Pearland",Neutral,1,1,0,0,0,6,2022,2022-06
United States of America,ODI,Oman v United States of America,Oman,Lost,13 runs,2022-06-12,"Moosa Cricket Stadium, Pearland",Neutral,1,0,1,0,0,6,2022,2022-06
Pakistan,ODI,Pakistan v West Indies,West Indies,Won,53 runs,2022-06-12,Multan Cricket Stadium,Neutral,1,1,0,0,0,6,2022,2022-06
West Indies,ODI,Pakistan v West Indies,Pakistan,Lost,53 runs,2022-06-12,Multan Cricket Stadium,Neutral,1,0,1,0,0,6,2022,2022-06
Australia,ODI,Australia v Sri Lanka,Sri Lanka,Won,2 wickets,2022-06-14,Pallekele International Cricket Stadium,Neutral,1,1,0,0,0,6,2022,2022-06
Sri Lanka,ODI,Australia v Sri Lanka,Australia,Lost,2 wickets,2022-06-14,Pallekele International Cricket Stadium,Neutral,1,0,1,0,0,6,2022,2022-06
Nepal,ODI,Nepal v Oman,Oman,Won,7 wickets,2022-06-14,"Moosa Cricket Stadium, Pearland",Neutral,1,1,0,0,0,6,2022,2022-06
Oman,ODI,Nepal v Oman,Nepal,Lost,7 wickets,2022-06-14,"Moosa Cricket Stadium, Pearland",Neutral,1,0,1,0,0,6,2022,2022-06
Nepal,ODI,Nepal v United States of America,United States of America,Lost,39 runs,2022-06-15,"Moosa Cricket Stadium, Pearland",Neutral,1,0,1,0,0,6,2022,2022-06
United States of America,ODI,Nepal v United States of America,Nepal,Won,39 runs,2022-06-15,"Moosa Cricket Stadium, Pearland",Neutral,1,1,0,0,0,6,2022,2022-06
Australia,ODI,Australia v Sri Lanka,Sri Lanka,Lost,26 runs,2022-06-16,Pallekele International Cricket Stadium,Neutral,1,0,1,0,0,6,2022,2022-06
Sri Lanka,ODI,Australia v Sri Lanka,Australia,Won,26 runs,2022-06-16,Pallekele International Cricket Stadium,Neutral,1,1,0,0,0,6,2022,2022-06
England,ODI,England v Netherlands,Netherlands,Won,232 runs,2022-06-17,"VRA Ground, Amstelveen",Neutral,1,1,0,0,0,6,2022,2022-06
Netherlands,ODI,England v Netherlands,England,Lost,232 runs,2022-06-17,"VRA Ground, Amstelveen",Neutral,1,0,1,0,0,6,2022,2022-06
England,ODI,England v Netherlands,Netherlands,Won,6 wickets,2022-06-19,"VRA Ground, Amstelveen",Neutral,1,1,0,0,0,6,2022,2022-06
Netherlands,ODI,England v Netherlands,England,Lost,6 wickets,2022-06-19,"VRA Ground, Amstelveen",Neutral,1,0,1,0,0,6,2022,2022-06
Australia,ODI,Australia v Sri Lanka,Sri Lanka,Lost,6 wickets,2022-06-19,"R Premadasa Stadium, Colombo",Neutral,1,0,1,0,0,6,2022,2022-06
Sri Lanka,ODI,Australia v Sri Lanka,Australia,Won,6 wickets,2022-06-19,"R Premadasa Stadium, Colombo",Neutral,1,1,0,0,0,6,2022,2022-06
Australia,ODI,Australia v Sri Lanka,Sri Lanka,Lost,4 runs,2022-06-21,"R Premadasa Stadium, Colombo",Neutral,1,0,1,0,0,6,2022,2022-06
Sri Lanka,ODI,Australia v Sri Lanka,Australia,Won,4 runs,2022-06-21,"R Premadasa Stadium, Colombo",Neutral,1,1,0,0,0,6,2022,2022-06
England,ODI,England v Netherlands,Netherlands,Won,8 wickets,2022-06-22,"VRA Ground, Amstelveen",Neutral,1,1,0,0,0,6,2022,2022-06
Netherlands,ODI,England v Netherlands,England,Lost,8 wickets,2022-06-22,"VRA Ground, Amstelveen",Neutral,1,0,1,0,0,6,2022,2022-06
Australia,ODI,Australia v Sri Lanka,Sri Lanka,Won,4 wickets,2022-06-24,"R Premadasa Stadium, Colombo",Neutral,1,1,0,0,0,6,2022,2022-06
Sri Lanka,ODI,Australia v Sri Lanka,Australia,Lost,4 wickets,2022-06-24,"R Premadasa Stadium, Colombo",Neutral,1,0,1,0,0,6,2022,2022-06
Ireland,ODI,Ireland v New Zealand,New Zealand,Lost,1 wickets,2022-07-10,"The Village, Malahide, Dublin",Neutral,1,0,1,0,0,7,2022,2022-07
New Zealand,ODI,Ireland v New Zealand,Ireland,Won,1 wickets,2022-07-10,"The Village, Malahide, Dublin",Neutral,1,1,0,0,0,7,2022,2022-07
Bangladesh,ODI,Bangladesh v West Indies,West Indies,Won,6 wickets,2022-07-10,"Providence Stadium, Guyana",Neutral,1,1,0,0,0,7,2022,2022-07
West Indies,ODI,Bangladesh v West Indies,Bangladesh,Lost,6 wickets,2022-07-10,"Providence Stadium, Guyana",Neutral,1,0,1,0,0,7,2022,2022-07
Namibia,ODI,Namibia v Nepal,Nepal,Won,40 runs,2022-07-11,"Cambusdoon New Ground, Ayr",Neutral,1,1,0,0,0,7,2022,2022-07
Nepal,ODI,Namibia v Nepal,Namibia,Lost,40 runs,2022-07-11,"Cambusdoon New Ground, Ayr",Neutral,1,0,1,0,0,7,2022,2022-07
England,ODI,England v India,India,Lost,10 wickets,2022-07-12,"Kennington Oval, London",Neutral,1,0,1,0,0,7,2022,2022-07
India,ODI,England v India,England,Won,10 wickets,2022-07-12,"Kennington Oval, London",Neutral,1,1,0,0,0,7,2022,2022-07
Ireland,ODI,Ireland v New Zealand,New Zealand,Lost,3 wickets,2022-07-12,"The Village, Malahide, Dublin",Neutral,1,0,1,0,0,7,2022,2022-07
New Zealand,ODI,Ireland v New Zealand,Ireland,Won,3 wickets,2022-07-12,"The Village, Malahide, Dublin",Neutral,1,1,0,0,0,7,2022,2022-07
Bangladesh,ODI,Bangladesh v West Indies,West Indies,Won,9 wickets,2022-07-13,"Providence Stadium, Guyana",Neutral,1,1,0,0,0,7,2022,2022-07
West Indies,ODI,Bangladesh v West Indies,Bangladesh,Lost,9 wickets,2022-07-13,"Providence Stadium, Guyana",Neutral,1,0,1,0,0,7,2022,2022-07
Nepal,ODI,Nepal v Scotland,Scotland,Won,5 wickets,2022-07-13,"Titwood, Glasgow",Neutral,1,1,0,0,0,7,2022,2022-07
Scotland,ODI,Nepal v Scotland,Nepal,Lost,5 wickets,2022-07-13,"Titwood, Glasgow",Neutral,1,0,1,0,0,7,2022,2022-07
England,ODI,England v India,India,Won,100 runs,2022-07-14,"Lord's, London",Neutral,1,1,0,0,0,7,2022,2022-07
India,ODI,England v India,England,Lost,100 runs,2022-07-14,"Lord's, London",Neutral,1,0,1,0,0,7,2022,2022-07
Namibia,ODI,Namibia v Scotland,Scotland,Lost,3 wickets,2022-07-14,"Titwood, Glasgow",Neutral,1,0,1,0,0,7,2022,2022-07
Scotland,ODI,Namibia v Scotland,Namibia,Won,3 wickets,2022-07-14,"Titwood, Glasgow",Neutral,1,1,0,0,0,7,2022,2022-07
Ireland,ODI,Ireland v New Zealand,New Zealand,Lost,1 runs,2022-07-15,"The Village, Malahide, Dublin",Neutral,1,0,1,0,0,7,2022,2022-07
New Zealand,ODI,Ireland v New Zealand,Ireland,Won,1 runs,2022-07-15,"The Village, Malahide, Dublin",Neutral,1,1,0,0,0,7,2022,2022-07
Bangladesh,ODI,Bangladesh v West Indies,West Indies,Won,4 wickets,2022-07-16,"Providence Stadium, Guyana",Neutral,1,1,0,0,0,7,2022,2022-07
West Indies,ODI,Bangladesh v West Indies,Bangladesh,Lost,4 wickets,2022-07-16,"Providence Stadium, Guyana",Neutral,1,0,1,0,0,7,2022,2022-07
Namibia,ODI,Namibia v Nepal,Nepal,Won,63 runs,2022-07-16,"Cambusdoon New Ground, Ayr",Neutral,1,1,0,0,0,7,2022,2022-07
Nepal,ODI,Namibia v Nepal,Namibia,Lost,63 runs,2022-07-16,"Cambusdoon New Ground, Ayr",Neutral,1,0,1,0,0,7,2022,2022-07
England,ODI,England v India,India,Lost,5 wickets,2022-07-17,"Old Trafford, Manchester",Neutral,1,0,1,0,0,7,2022,2022-07
India,ODI,England v India,England,Won,5 wickets,2022-07-17,"Old Trafford, Manchester",Neutral,1,1,0,0,0,7,2022,2022-07
Nepal,ODI,Nepal v Scotland,Scotland,Lost,8 wickets,2022-07-17,"Titwood, Glasgow",Neutral,1,0,1,0,0,7,2022,2022-07
Scotland,ODI,Nepal v Scotland,Nepal,Won,8 wickets,2022-07-17,"Titwood, Glasgow",Neutral,1,1,0,0,0,7,2022,2022-07
England,ODI,England v South Africa,South Africa,Lost,62 runs,2022-07-19,"Riverside Ground, Chester-le-Street",Neutral,1,0,1,0,0,7,2022,2022-07
South Africa,ODI,England v South Africa,England,Won,62 runs,2022-07-19,"Riverside Ground, Chester-le-Street",Neutral,1,1,0,0,0,7,2022,2022-07
England,ODI,England v South Africa,South Africa,Won,118 runs,2022-07-22,"Old Trafford, Manchester",Neutral,1,1,0,0,0,7,2022,2022-07
South Africa,ODI,England v South Africa,England,Lost,118 runs,2022-07-22,"Old Trafford, Manchester",Neutral,1,0,1,0,0,7,2022,2022-07
India,ODI,India v West Indies,West Indies,Won,3 runs,2022-07-22,"Queen's Park Oval, Port of Spain, Trinidad",Neutral,1,1,0,0,0,7,2022,2022-07
West Indies,ODI,India v West Indies,India,Lost,3 runs,2022-07-22,"Queen's Park Oval, Port of Spain, Trinidad",Neutral,1,0,1,0,0,7,2022,2022-07
England,ODI,England v South Africa,South Africa,No Result,No Result,2022-07-24,"Headingley, Leeds",Neutral,1,0,0,0,1,7,2022,2022-07
South Africa,ODI,England v South Africa,England,No Result,No Result,2022-07-24,"Headingley, Leeds",Neutral,1,0,0,0,1,7,2022,2022-07
India,ODI,India v West Indies,West Indies,Won,2 wickets,2022-07-24,"Queen's Park Oval, Port of Spain, Trinidad",Neutral,1,1,0,0,0,7,2022,2022-07
West Indies,ODI,India v West Indies,India,Lost,2 wickets,2022-07-24,"Queen's Park Oval, Port of Spain, Trinidad",Neutral,1,0,1,0,0,7,2022,2022-07
India,ODI,India v West Indies,West Indies,Won,119 runs,2022-07-27,"Queen's Park Oval, Port of Spain, Trinidad",Neutral,1,1,0,0,0,7,2022,2022-07
West Indies,ODI,India v West Indies,India,Lost,119 runs,2022-07-27,"Queen's Park Oval, Port of Spain, Trinidad",Neutral,1,0,1,0,0,7,2022,2022-07
New Zealand,ODI,New Zealand v Scotland,Scotland,Won,7 wickets,2022-07-31,"Grange Cricket Club Ground, Raeburn Place, Edinburgh",Neutral,1,1,0,0,0,7,2022,2022-07
Scotland,ODI,New Zealand v Scotland,New Zealand,Lost,7 wickets,2022-07-31,"Grange Cricket Club Ground, Raeburn Place, Edinburgh",Neutral,1,0,1,0,0,7,2022,2022-07
Bangladesh,ODI,Bangladesh v Zimbabwe,Zimbabwe,Lost,5 wickets,2022-08-05,Harare Sports Club,Neutral,1,0,1,0,0,8,2022,2022-08
Zimbabwe,ODI,Bangladesh v Zimbabwe,Bangladesh,Won,5 wickets,2022-08-05,Harare Sports Club,Neutral,1,1,0,0,0,8,2022,2022-08
Bangladesh,ODI,Bangladesh v Zimbabwe,Zimbabwe,Lost,5 wickets,2022-08-07,Harare Sports Club,Neutral,1,0,1,0,0,8,2022,2022-08
Zimbabwe,ODI,Bangladesh v Zimbabwe,Bangladesh,Won,5 wickets,2022-08-07,Harare Sports Club,Neutral,1,1,0,0,0,8,2022,2022-08
Scotland,ODI,Scotland v United Arab Emirates,United Arab Emirates,Won,64 runs,2022-08-10,"Mannofield Park, Aberdeen",Neutral,1,1,0,0,0,8,2022,2022-08
United Arab Emirates,ODI,Scotland v United Arab Emirates,Scotland,Lost,64 runs,2022-08-10,"Mannofield Park, Aberdeen",Neutral,1,0,1,0,0,8,2022,2022-08
Bangladesh,ODI,Bangladesh v Zimbabwe,Zimbabwe,Won,105 runs,2022-08-10,Harare Sports Club,Neutral,1,1,0,0,0,8,2022,2022-08
Zimbabwe,ODI,Bangladesh v Zimbabwe,Bangladesh,Lost,105 runs,2022-08-10,Harare Sports Club,Neutral,1,0,1,0,0,8,2022,2022-08
United Arab Emirates,ODI,United Arab Emirates v United States of America,United States of America,Lost,1 wickets,2022-08-11,"Mannofield Park, Aberdeen",Neutral,1,0,1,0,0,8,2022,2022-08
United States of America,ODI,United Arab Emirates v United States of America,United Arab Emirates,Won,1 wickets,2022-08-11,"Mannofield Park, Aberdeen",Neutral,1,1,0,0,0,8,2022,2022-08
Scotland,ODI,Scotland v United States of America,United States of America,Won,5 wickets,2022-08-13,"Mannofield Park, Aberdeen",Neutral,1,1,0,0,0,8,2022,2022-08
United States of America,ODI,Scotland v United States of America,Scotland,Lost,5 wickets,2022-08-13,"Mannofield Park, Aberdeen",Neutral,1,0,1,0,0,8,2022,2022-08
Scotland,ODI,Scotland v United Arab Emirates,United Arab Emirates,Won,86 runs,2022-08-14,"Mannofield Park, Aberdeen",Neutral,1,1,0,0,0,8,2022,2022-08
United Arab Emirates,ODI,Scotland v United Arab Emirates,Scotland,Lost,86 runs,2022-08-14,"Mannofield Park, Aberdeen",Neutral,1,0,1,0,0,8,2022,2022-08
Netherlands,ODI,Netherlands v Pakistan,Pakistan,Lost,16 runs,2022-08-16,"Hazelaarweg, Rotterdam",Neutral,1,0,1,0,0,8,2022,2022-08
Pakistan,ODI,Netherlands v Pakistan,Netherlands,Won,16 runs,2022-08-16,"Hazelaarweg, Rotterdam",Neutral,1,1,0,0,0,8,2022,2022-08
New Zealand,ODI,New Zealand v West Indies,West Indies,Lost,5 wickets,2022-08-17,"Kensington Oval, Bridgetown, Barbados",Neutral,1,0,1,0,0,8,2022,2022-08
West Indies,ODI,New Zealand v West Indies,New Zealand,Won,5 wickets,2022-08-17,"Kensington Oval, Bridgetown, Barbados",Neutral,1,1,0,0,0,8,2022,2022-08
Scotland,ODI,Scotland v United States of America,United States of America,Lost,2 wickets,2022-08-17,"Mannofield Park, Aberdeen",Neutral,1,0,1,0,0,8,2022,2022-08
United States of America,ODI,Scotland v United States of America,Scotland,Won,2 wickets,2022-08-17,"Mannofield Park, Aberdeen",Neutral,1,1,0,0,0,8,2022,2022-08
Netherlands,ODI,Netherlands v Pakistan,Pakistan,Lost,7 wickets,2022-08-18,"Hazelaarweg, Rotterdam",Neutral,1,0,1,0,0,8,2022,2022-08
Pakistan,ODI,Netherlands v Pakistan,Netherlands,Won,7 wickets,2022-08-18,"Hazelaarweg, Rotterdam",Neutral,1,1,0,0,0,8,2022,2022-08
India,ODI,India v Zimbabwe,Zimbabwe,Won,10 wickets,2022-08-18,Harare Sports Club,Neutral,1,1,0,0,0,8,2022,2022-08
Zimbabwe,ODI,India v Zimbabwe,India,Lost,10 wickets,2022-08-18,Harare Sports Club,Neutral,1,0,1,0,0,8,2022,2022-08
New Zealand,ODI,New Zealand v West Indies,West Indies,Won,50 runs,2022-08-19,"Kensington Oval, Bridgetown, Barbados",Neutral,1,1,0,0,0,8,2022,2022-08
West Indies,ODI,New Zealand v West Indies,New Zealand,Lost,50 runs,2022-08-19,"Kensington Oval, Bridgetown, Barbados",Neutral,1,0,1,0,0,8,2022,2022-08
India,ODI,India v Zimbabwe,Zimbabwe,Won,5 wickets,2022-08-20,Harare Sports Club,Neutral,1,1,0,0,0,8,2022,2022-08
Zimbabwe,ODI,India v Zimbabwe,India,Lost,5 wickets,2022-08-20,Harare Sports Club,Neutral,1,0,1,0,0,8,2022,2022-08
Netherlands,ODI,Netherlands v Pakistan,Pakistan,Lost,9 runs,2022-08-21,"Hazelaarweg, Rotterdam",Neutral,1,0,1,0,0,8,2022,2022-08
Pakistan,ODI,Netherlands v Pakistan,Netherlands,Won,9 runs,2022-08-21,"Hazelaarweg, Rotterdam",Neutral,1,1,0,0,0,8,2022,2022-08
New Zealand,ODI,New Zealand v West Indies,West Indies,Won,5 wickets,2022-08-21,"Kensington Oval, Bridgetown, Barbados",Neutral,1,1,0,0,0,8,2022,2022-08
West Indies,ODI,New Zealand v West Indies,New Zealand,Lost,5 wickets,2022-08-21,"Kensington Oval, Bridgetown, Barbados",Neutral,1,0,1,0,0,8,2022,2022-08
India,ODI,India v Zimbabwe,Zimbabwe,Won,13 runs,2022-08-22,Harare Sports Club,Neutral,1,1,0,0,0,8,2022,2022-08
Zimbabwe,ODI,India v Zimbabwe,India,Lost,13 runs,2022-08-22,Harare Sports Club,Neutral,1,0,1,0,0,8,2022,2022-08
Australia,ODI,Australia v Zimbabwe,Zimbabwe,Won,5 wickets,2022-08-28,"Tony Ireland Stadium, Townsville",Neutral,1,1,0,0,0,8,2022,2022-08
Zimbabwe,ODI,Australia v Zimbabwe,Australia,Lost,5 wickets,2022-08-28,"Tony Ireland Stadium, Townsville",Neutral,1,0,1,0,0,8,2022,2022-08
Australia,ODI,Australia v Zimbabwe,Zimbabwe,Won,8 wickets,2022-08-31,"Tony Ireland Stadium, Townsville",Neutral,1,1,0,0,0,8,2022,2022-08
Zimbabwe,ODI,Australia v Zimbabwe,Australia,Lost,8 wickets,2022-08-31,"Tony Ireland Stadium, Townsville",Neutral,1,0,1,0,0,8,2022,2022-08
Australia,ODI,Australia v Zimbabwe,Zimbabwe,Lost,3 wickets,2022-09-03,"Riverway Stadium, Townsville",Neutral,1,0,1,0,0,9,2022,2022-09
Zimbabwe,ODI,Australia v Zimbabwe,Australia,Won,3 wickets,2022-09-03,"Riverway Stadium, Townsville",Neutral,1,1,0,0,0,9,2022,2022-09
Australia,ODI,Australia v New Zealand,New Zealand,Won,2 wickets,2022-09-06,"Cazaly's Stadium, Cairns",Neutral,1,1,0,0,0,9,2022,2022-09
New Zealand,ODI,Australia v New Zealand,Australia,Lost,2 wickets,2022-09-06,"Cazaly's Stadium, Cairns",Neutral,1,0,1,0,0,9,2022,2022-09
Australia,ODI,Australia v New Zealand,New Zealand,Won,113 runs,2022-09-08,"Cazaly's Stadium, Cairns",Neutral,1,1,0,0,0,9,2022,2022-09
New Zealand,ODI,Australia v New Zealand,Australia,Lost,113 runs,2022-09-08,"Cazaly's Stadium, Cairns",Neutral,1,0,1,0,0,9,2022,2022-09
Australia,ODI,Australia v New Zealand,New Zealand,Won,25 runs,2022-09-11,"Cazaly's Stadium, Cairns",Neutral,1,1,0,0,0,9,2022,2022-09
New Zealand,ODI,Australia v New Zealand,Australia,Lost,25 runs,2022-09-11,"Cazaly's Stadium, Cairns",Neutral,1,0,1,0,0,9,2022,2022-09
Papua New Guinea,ODI,Papua New Guinea v United States of America,United States of America,Tied,Tie,2022-09-11,"Amini Park, Port Moresby",Neutral,1,0,0,1,0,9,2022,2022-09
United States of America,ODI,Papua New Guinea v United States of America,Papua New Guinea,Tied,Tie,2022-09-11,"Amini Park, Port Moresby",Neutral,1,0,0,1,0,9,2022,2022-09
Papua New Guinea,ODI,Papua New Guinea v United States of America,United States of America,Won,26 runs,2022-09-13,"Amini Park, Port Moresby",Neutral,1,1,0,0,0,9,2022,2022-09
United States of America,ODI,Papua New Guinea v United States of America,Papua New Guinea,Lost,26 runs,2022-09-13,"Amini Park, Port Moresby",Neutral,1,0,1,0,0,9,2022,2022-09
Namibia,ODI,Namibia v United States of America,United States of America,Won,79 runs,2022-09-15,"Amini Park, Port Moresby",Neutral,1,1,0,0,0,9,2022,2022-09
United States of America,ODI,Namibia v United States of America,Namibia,Lost,79 runs,2022-09-15,"Amini Park, Port Moresby",Neutral,1,0,1,0,0,9,2022,2022-09
Namibia,ODI,Namibia v United States of America,United States of America,Won,68 runs,2022-09-17,"Amini Park, Port Moresby",Neutral,1,1,0,0,0,9,2022,2022-09
United States of America,ODI,Namibia v United States of America,Namibia,Lost,68 runs,2022-09-17,"Amini Park, Port Moresby",Neutral,1,0,1,0,0,9,2022,2022-09
Namibia,ODI,Namibia v Papua New Guinea,Papua New Guinea,Won,167 runs,2022-09-20,"Amini Park, Port Moresby",Neutral,1,1,0,0,0,9,2022,2022-09
Papua New Guinea,ODI,Namibia v Papua New Guinea,Namibia,Lost,167 runs,2022-09-20,"Amini Park, Port Moresby",Neutral,1,0,1,0,0,9,2022,2022-09
Namibia,ODI,Namibia v Papua New Guinea,Papua New Guinea,Won,61 runs,2022-09-21,"Amini Park, Port Moresby",Neutral,1,1,0,0,0,9,2022,2022-09
Papua New Guinea,ODI,Namibia v Papua New Guinea,Namibia,Lost,61 runs,2022-09-21,"Amini Park, Port Moresby",Neutral,1,0,1,0,0,9,2022,2022-09
India,ODI,India v South Africa,South Africa,Lost,9 runs,2022-10-06,"Bharat Ratna Shri Atal Bihari Vajpayee Ekana Cricket Stadium, Lucknow",Neutral,1,0,1,0,0,10,2022,2022-10
South Africa,ODI,India v South Africa,India,Won,9 runs,2022-10-06,"Bharat Ratna Shri Atal Bihari Vajpayee Ekana Cricket Stadium, Lucknow",Neutral,1,1,0,0,0,10,2022,2022-10
India,ODI,India v South Africa,South Africa,Won,7 wickets,2022-10-09,"JSCA International Stadium Complex, Ranchi",Neutral,1,1,0,0,0,10,2022,2022-10
South Africa,ODI,India v South Africa,India,Lost,7 wickets,2022-10-09,"JSCA International Stadium Complex, Ranchi",Neutral,1,0,1,0,0,10,2022,2022-10
India,ODI,India v South Africa,South Africa,Won,7 wickets,2022-10-11,"Arun Jaitley Stadium, Delhi",Neutral,1,1,0,0,0,10,2022,2022-10
South Africa,ODI,India v South Africa,India,Lost,7 wickets,2022-10-11,"Arun Jaitley Stadium, Delhi",Neutral,1,0,1,0,0,10,2022,2022-10
Nepal,ODI,Nepal v United Arab Emirates,United Arab Emirates,Lost,84 runs,2022-11-14,"Tribhuvan University International Cricket Ground, Kirtipur",Neutral,1,0,1,0,0,11,2022,2022-11
United Arab Emirates,ODI,Nepal v United Arab Emirates,Nepal,Won,84 runs,2022-11-14,"Tribhuvan University International Cricket Ground, Kirtipur",Neutral,1,1,0,0,0,11,2022,2022-11
Nepal,ODI,Nepal v United Arab Emirates,United Arab Emirates,Won,3 wickets,2022-11-16,"Tribhuvan University International Cricket Ground, Kirtipur",Neutral,1,1,0,0,0,11,2022,2022-11
United Arab Emirates,ODI,Nepal v United Arab Emirates,Nepal,Lost,3 wickets,2022-11-16,"Tribhuvan University International Cricket Ground, Kirtipur",Neutral,1,0,1,0,0,11,2022,2022-11
Australia,ODI,Australia v England,England,Won,6 wickets,2022-11-17,Adelaide Oval,Neutral,1,1,0,0,0,11,2022,2022-11
England,ODI,Australia v England,Australia,Lost,6 wickets,2022-11-17,Adelaide Oval,Neutral,1,0,1,0,0,11,2022,2022-11
Nepal,ODI,Nepal v United Arab Emirates,United Arab Emirates,Won,6 wickets,2022-11-18,"Tribhuvan University International Cricket Ground, Kirtipur",Neutral,1,1,0,0,0,11,2022,2022-11
United Arab Emirates,ODI,Nepal v United Arab Emirates,Nepal,Lost,6 wickets,2022-11-18,"Tribhuvan University International Cricket Ground, Kirtipur",Neutral,1,0,1,0,0,11,2022,2022-11
Australia,ODI,Australia v England,England,Won,72 runs,2022-11-19,Sydney Cricket Ground,Neutral,1,1,0,0,0,11,2022,2022-11
England,ODI,Australia v England,Australia,Lost,72 runs,2022-11-19,Sydney Cricket Ground,Neutral,1,0,1,0,0,11,2022,2022-11
Namibia,ODI,Namibia v Papua New Guinea,Papua New Guinea,Won,8 wickets,2022-11-19,"Wanderers Cricket Ground, Windhoek",Neutral,1,1,0,0,0,11,2022,2022-11
Papua New Guinea,ODI,Namibia v Papua New Guinea,Namibia,Lost,8 wickets,2022-11-19,"Wanderers Cricket Ground, Windhoek",Neutral,1,0,1,0,0,11,2022,2022-11
Namibia,ODI,Namibia v United States of America,United States of America,Lost,71 runs,2022-11-20,"Wanderers Cricket Ground, Windhoek",Neutral,1,0,1,0,0,11,2022,2022-11
United States of America,ODI,Namibia v United States of America,Namibia,Won,71 runs,2022-11-20,"Wanderers Cricket Ground, Windhoek",Neutral,1,1,0,0,0,11,2022,2022-11
Australia,ODI,Australia v England,England,Won,221 runs,2022-11-22,Melbourne Cricket Ground,Neutral,1,1,0,0,0,11,2022,2022-11
England,ODI,Australia v England,Australia,Lost,221 runs,2022-11-22,Melbourne Cricket Ground,Neutral,1,0,1,0,0,11,2022,2022-11
Papua New Guinea,ODI,Papua New Guinea v United States of America,United States of America,Lost,6 wickets,2022-11-22,"Wanderers Cricket Ground, Windhoek",Neutral,1,0,1,0,0,11,2022,2022-11
United States of America,ODI,Papua New Guinea v United States of America,Papua New Guinea,Won,6 wickets,2022-11-22,"Wanderers Cricket Ground, Windhoek",Neutral,1,1,0,0,0,11,2022,2022-11
Namibia,ODI,Namibia v Papua New Guinea,Papua New Guinea,Won,3 wickets,2022-11-23,"Wanderers Cricket Ground, Windhoek",Neutral,1,1,0,0,0,11,2022,2022-11
Papua New Guinea,ODI,Namibia v Papua New Guinea,Namibia,Lost,3 wickets,2022-11-23,"Wanderers Cricket Ground, Windhoek",Neutral,1,0,1,0,0,11,2022,2022-11
India,ODI,India v New Zealand,New Zealand,Lost,7 wickets,2022-11-25,"Eden Park, Auckland",Neutral,1,0,1,0,0,11,2022,2022-11
New Zealand,ODI,India v New Zealand,India,Won,7 wickets,2022-11-25,"Eden Park, Auckland",Neutral,1,1,0,0,0,11,2022,2022-11
Papua New Guinea,ODI,Papua New Guinea v United States of America,United States of America,Lost,35 runs,2022-11-25,"Wanderers Cricket Ground, Windhoek",Neutral,1,0,1,0,0,11,2022,2022-11
United States of America,ODI,Papua New Guinea v United States of America,Papua New Guinea,Won,35 runs,2022-11-25,"Wanderers Cricket Ground, Windhoek",Neutral,1,1,0,0,0,11,2022,2022-11
Namibia,ODI,Namibia v United States of America,United States of America,Won,6 wickets,2022-11-26,"Wanderers Cricket Ground, Windhoek",Neutral,1,1,0,0,0,11,2022,2022-11
United States of America,ODI,Namibia v United States of America,Namibia,Lost,6 wickets,2022-11-26,"Wanderers Cricket Ground, Windhoek",Neutral,1,0,1,0,0,11,2022,2022-11
India,ODI,India v New Zealand,New Zealand,No Result,No Result,2022-11-27,"Seddon Park, Hamilton",Neutral,1,0,0,0,1,11,2022,2022-11
New Zealand,ODI,India v New Zealand,India,No Result,No Result,2022-11-27,"Seddon Park, Hamilton",Neutral,1,0,0,0,1,11,2022,2022-11
India,ODI,India v New Zealand,New Zealand,No Result,No Result,2022-11-30,"Hagley Oval, Christchurch",Neutral,1,0,0,0,1,11,2022,2022-11
New Zealand,ODI,India v New Zealand,India,No Result,No Result,2022-11-30,"Hagley Oval, Christchurch",Neutral,1,0,0,0,1,11,2022,2022-11
Namibia,ODI,Namibia v Scotland,Scotland,Lost,4 wickets,2022-12-01,"United Cricket Club Ground, Windhoek",Neutral,1,0,1,0,0,12,2022,2022-12
Scotland,ODI,Namibia v Scotland,Namibia,Won,4 wickets,2022-12-01,"United Cricket Club Ground, Windhoek",Neutral,1,1,0,0,0,12,2022,2022-12
Namibia,ODI,Namibia v Nepal,Nepal,No Result,No Result,2022-12-02,"United Cricket Club Ground, Windhoek",Neutral,1,0,0,0,1,12,2022,2022-12
Nepal,ODI,Namibia v Nepal,Namibia,No Result,No Result,2022-12-02,"United Cricket Club Ground, Windhoek",Neutral,1,0,0,0,1,12,2022,2022-12
Bangladesh,ODI,Bangladesh v India,India,Won,1 wickets,2022-12-04,"Shere Bangla National Stadium, Mirpur",Neutral,1,1,0,0,0,12,2022,2022-12
India,ODI,Bangladesh v India,Bangladesh,Lost,1 wickets,2022-12-04,"Shere Bangla National Stadium, Mirpur",Neutral,1,0,1,0,0,12,2022,2022-12
Nepal,ODI,Nepal v Scotland,Scotland,Lost,3 wickets,2022-12-04,"United Cricket Club Ground, Windhoek",Neutral,1,0,1,0,0,12,2022,2022-12
Scotland,ODI,Nepal v Scotland,Nepal,Won,3 wickets,2022-12-04,"United Cricket Club Ground, Windhoek",Neutral,1,1,0,0,0,12,2022,2022-12
Namibia,ODI,Namibia v Scotland,Scotland,Won,3 wickets,2022-12-05,"United Cricket Club Ground, Windhoek",Neutral,1,1,0,0,0,12,2022,2022-12
Scotland,ODI,Namibia v Scotland,Namibia,Lost,3 wickets,2022-12-05,"United Cricket Club Ground, Windhoek",Neutral,1,0,1,0,0,12,2022,2022-12
Bangladesh,ODI,Bangladesh v India,India,Won,5 runs,2022-12-07,"Shere Bangla National Stadium, Mirpur",Neutral,1,1,0,0,0,12,2022,2022-12
India,ODI,Bangladesh v India,Bangladesh,Lost,5 runs,2022-12-07,"Shere Bangla National Stadium, Mirpur",Neutral,1,0,1,0,0,12,2022,2022-12
Namibia,ODI,Namibia v Nepal,Nepal,Won,86 runs,2022-12-07,"United Cricket Club Ground, Windhoek",Neutral,1,1,0,0,0,12,2022,2022-12
Nepal,ODI,Namibia v Nepal,Namibia,Lost,86 runs,2022-12-07,"United Cricket Club Ground, Windhoek",Neutral,1,0,1,0,0,12,2022,2022-12
Nepal,ODI,Nepal v Scotland,Scotland,Lost,8 wickets,2022-12-08,"United Cricket Club Ground, Windhoek",Neutral,1,0,1,0,0,12,2022,2022-12
Scotland,ODI,Nepal v Scotland,Nepal,Won,8 wickets,2022-12-08,"United Cricket Club Ground, Windhoek",Neutral,1,1,0,0,0,12,2022,2022-12
Bangladesh,ODI,Bangladesh v India,India,Lost,227 runs,2022-12-10,"Zahur Ahmed Chowdhury Stadium, Chattogram",Neutral,1,0,1,0,0,12,2022,2022-12
India,ODI,Bangladesh v India,Bangladesh,Won,227 runs,2022-12-10,"Zahur Ahmed Chowdhury Stadium, Chattogram",Neutral,1,1,0,0,0,12,2022,2022-12
New Zealand,ODI,New Zealand v Pakistan,Pakistan,Lost,6 wickets,2023-01-09,"National Stadium, Karachi",Neutral,1,0,1,0,0,1,2023,2023-01
Pakistan,ODI,New Zealand v Pakistan,New Zealand,Won,6 wickets,2023-01-09,"National Stadium, Karachi",Neutral,1,1,0,0,0,1,2023,2023-01
India,ODI,India v Sri Lanka,Sri Lanka,Won,67 runs,2023-01-10,"Barsapara Cricket Stadium, Guwahati",Neutral,1,1,0,0,0,1,2023,2023-01
Sri Lanka,ODI,India v Sri Lanka,India,Lost,67 runs,2023-01-10,"Barsapara Cricket Stadium, Guwahati",Neutral,1,0,1,0,0,1,2023,2023-01
New Zealand,ODI,New Zealand v Pakistan,Pakistan,Won,79 runs,2023-01-11,"National Stadium, Karachi",Neutral,1,1,0,0,0,1,2023,2023-01
Pakistan,ODI,New Zealand v Pakistan,New Zealand,Lost,79 runs,2023-01-11,"National Stadium, Karachi",Neutral,1,0,1,0,0,1,2023,2023-01
India,ODI,India v Sri Lanka,Sri Lanka,Won,4 wickets,2023-01-12,"Eden Gardens, Kolkata",Neutral,1,1,0,0,0,1,2023,2023-01
Sri Lanka,ODI,India v Sri Lanka,India,Lost,4 wickets,2023-01-12,"Eden Gardens, Kolkata",Neutral,1,0,1,0,0,1,2023,2023-01
New Zealand,ODI,New Zealand v Pakistan,Pakistan,Won,2 wickets,2023-01-13,"National Stadium, Karachi",Neutral,1,1,0,0,0,1,2023,2023-01
Pakistan,ODI,New Zealand v Pakistan,New Zealand,Lost,2 wickets,2023-01-13,"National Stadium, Karachi",Neutral,1,0,1,0,0,1,2023,2023-01
India,ODI,India v Sri Lanka,Sri Lanka,Won,317 runs,2023-01-15,"Greenfield International Stadium, Thiruvananthapuram",Neutral,1,1,0,0,0,1,2023,2023-01
Sri Lanka,ODI,India v Sri Lanka,India,Lost,317 runs,2023-01-15,"Greenfield International Stadium, Thiruvananthapuram",Neutral,1,0,1,0,0,1,2023,2023-01
Ireland,ODI,Ireland v Zimbabwe,Zimbabwe,Lost,3 wickets,2023-01-18,Harare Sports Club,Neutral,1,0,1,0,0,1,2023,2023-01
Zimbabwe,ODI,Ireland v Zimbabwe,Ireland,Won,3 wickets,2023-01-18,Harare Sports Club,Neutral,1,1,0,0,0,1,2023,2023-01
India,ODI,India v New Zealand,New Zealand,Won,12 runs,2023-01-18,"Rajiv Gandhi International Stadium, Uppal, Hyderabad",Neutral,1,1,0,0,0,1,2023,2023-01
New Zealand,ODI,India v New Zealand,India,Lost,12 runs,2023-01-18,"Rajiv Gandhi International Stadium, Uppal, Hyderabad",Neutral,1,0,1,0,0,1,2023,2023-01
Ireland,ODI,Ireland v Zimbabwe,Zimbabwe,Won,46 runs,2023-01-21,Harare Sports Club,Neutral,1,1,0,0,0,1,2023,2023-01
Zimbabwe,ODI,Ireland v Zimbabwe,Ireland,Lost,46 runs,2023-01-21,Harare Sports Club,Neutral,1,0,1,0,0,1,2023,2023-01
India,ODI,India v New Zealand,New Zealand,Won,8 wickets,2023-01-21,"Shaheed Veer Narayan Singh International Stadium, Raipur",Neutral,1,1,0,0,0,1,2023,2023-01
New Zealand,ODI,India v New Zealand,India,Lost,8 wickets,2023-01-21,"Shaheed Veer Narayan Singh International Stadium, Raipur",Neutral,1,0,1,0,0,1,2023,2023-01
Ireland,ODI,Ireland v Zimbabwe,Zimbabwe,No Result,No Result,2023-01-23,Harare Sports Club,Neutral,1,0,0,0,1,1,2023,2023-01
Zimbabwe,ODI,Ireland v Zimbabwe,Ireland,No Result,No Result,2023-01-23,Harare Sports Club,Neutral,1,0,0,0,1,1,2023,2023-01
India,ODI,India v New Zealand,New Zealand,Won,90 runs,2023-01-24,"Holkar Cricket Stadium, Indore",Neutral,1,1,0,0,0,1,2023,2023-01
New Zealand,ODI,India v New Zealand,India,Lost,90 runs,2023-01-24,"Holkar Cricket Stadium, Indore",Neutral,1,0,1,0,0,1,2023,2023-01
England,ODI,England v South Africa,South Africa,Lost,27 runs,2023-01-27,"Mangaung Oval, Bloemfontein",Neutral,1,0,1,0,0,1,2023,2023-01
South Africa,ODI,England v South Africa,England,Won,27 runs,2023-01-27,"Mangaung Oval, Bloemfontein",Neutral,1,1,0,0,0,1,2023,2023-01
England,ODI,England v South Africa,South Africa,Lost,5 wickets,2023-01-29,"Mangaung Oval, Bloemfontein",Neutral,1,0,1,0,0,1,2023,2023-01
South Africa,ODI,England v South Africa,England,Won,5 wickets,2023-01-29,"Mangaung Oval, Bloemfontein",Neutral,1,1,0,0,0,1,2023,2023-01
England,ODI,England v South Africa,South Africa,Won,59 runs,2023-02-01,"Diamond Oval, Kimberley",Neutral,1,1,0,0,0,2,2023,2023-02
South Africa,ODI,England v South Africa,England,Lost,59 runs,2023-02-01,"Diamond Oval, Kimberley",Neutral,1,0,1,0,0,2,2023,2023-02
Namibia,ODI,Namibia v Nepal,Nepal,Lost,2 wickets,2023-02-14,"Tribhuvan University International Cricket Ground, Kirtipur",Neutral,1,0,1,0,0,2,2023,2023-02
Nepal,ODI,Namibia v Nepal,Namibia,Won,2 wickets,2023-02-14,"Tribhuvan University International Cricket Ground, Kirtipur",Neutral,1,1,0,0,0,2,2023,2023-02
Namibia,ODI,Namibia v Scotland,Scotland,Lost,10 wickets,2023-02-15,"Tribhuvan University International Cricket Ground, Kirtipur",Neutral,1,0,1,0,0,2,2023,2023-02
Scotland,ODI,Namibia v Scotland,Namibia,Won,10 wickets,2023-02-15,"Tribhuvan University International Cricket Ground, Kirtipur",Neutral,1,1,0,0,0,2,2023,2023-02
Nepal,ODI,Nepal v Scotland,Scotland,Won,3 wickets,2023-02-17,"Tribhuvan University International Cricket Ground, Kirtipur",Neutral,1,1,0,0,0,2,2023,2023-02
Scotland,ODI,Nepal v Scotland,Nepal,Lost,3 wickets,2023-02-17,"Tribhuvan University International Cricket Ground, Kirtipur",Neutral,1,0,1,0,0,2,2023,2023-02
Namibia,ODI,Namibia v Nepal,Nepal,Lost,3 wickets,2023-02-18,"Tribhuvan University International Cricket Ground, Kirtipur",Neutral,1,0,1,0,0,2,2023,2023-02
Nepal,ODI,Namibia v Nepal,Namibia,Won,3 wickets,2023-02-18,"Tribhuvan University International Cricket Ground, Kirtipur",Neutral,1,1,0,0,0,2,2023,2023-02
Namibia,ODI,Namibia v Scotland,Scotland,Lost,43 runs,2023-02-20,"Tribhuvan University International Cricket Ground, Kirtipur",Neutral,1,0,1,0,0,2,2023,2023-02
Scotland,ODI,Namibia v Scotland,Namibia,Won,43 runs,2023-02-20,"Tribhuvan University International Cricket Ground, Kirtipur",Neutral,1,1,0,0,0,2,2023,2023-02
Nepal,ODI,Nepal v Scotland,Scotland,Won,2 wickets,2023-02-21,"Tribhuvan University International Cricket Ground, Kirtipur",Neutral,1,1,0,0,0,2,2023,2023-02
Scotland,ODI,Nepal v Scotland,Nepal,Lost,2 wickets,2023-02-21,"Tribhuvan University International Cricket Ground, Kirtipur",Neutral,1,0,1,0,0,2,2023,2023-02
Namibia,ODI,Namibia v United Arab Emirates,United Arab Emirates,Lost,1 wickets,2023-02-23,Dubai International Cricket Stadium,Neutral,1,0,1,0,0,2,2023,2023-02
United Arab Emirates,ODI,Namibia v United Arab Emirates,Namibia,Won,1 wickets,2023-02-23,Dubai International Cricket Stadium,Neutral,1,1,0,0,0,2,2023,2023-02
Namibia,ODI,Namibia v United Arab Emirates,United Arab Emirates,Won,7 wickets,2023-02-25,Dubai International Cricket Stadium,Neutral,1,1,0,0,0,2,2023,2023-02
United Arab Emirates,ODI,Namibia v United Arab Emirates,Namibia,Lost,7 wickets,2023-02-25,Dubai International Cricket Stadium,Neutral,1,0,1,0,0,2,2023,2023-02
Papua New Guinea,ODI,Papua New Guinea v United Arab Emirates,United Arab Emirates,Won,131 runs,2023-02-28,Dubai International Cricket Stadium,Neutral,1,1,0,0,0,2,2023,2023-02
United Arab Emirates,ODI,Papua New Guinea v United Arab Emirates,Papua New Guinea,Lost,131 runs,2023-02-28,Dubai International Cricket Stadium,Neutral,1,0,1,0,0,2,2023,2023-02
Bangladesh,ODI,Bangladesh v England,England,Lost,3 wickets,2023-03-01,"Shere Bangla National Stadium, Mirpur",Neutral,1,0,1,0,0,3,2023,2023-03
England,ODI,Bangladesh v England,Bangladesh,Won,3 wickets,2023-03-01,"Shere Bangla National Stadium, Mirpur",Neutral,1,1,0,0,0,3,2023,2023-03
Nepal,ODI,Nepal v United Arab Emirates,United Arab Emirates,Lost,68 runs,2023-03-02,Dubai International Cricket Stadium,Neutral,1,0,1,0,0,3,2023,2023-03
United Arab Emirates,ODI,Nepal v United Arab Emirates,Nepal,Won,68 runs,2023-03-02,Dubai International Cricket Stadium,Neutral,1,1,0,0,0,3,2023,2023-03
Bangladesh,ODI,Bangladesh v England,England,Lost,132 runs,2023-03-03,"Shere Bangla National Stadium, Mirpur",Neutral,1,0,1,0,0,3,2023,2023-03
England,ODI,Bangladesh v England,Bangladesh,Won,132 runs,2023-03-03,"Shere Bangla National Stadium, Mirpur",Neutral,1,1,0,0,0,3,2023,2023-03
Nepal,ODI,Nepal v Papua New Guinea,Papua New Guinea,Won,3 wickets,2023-03-03,Dubai International Cricket Stadium,Neutral,1,1,0,0,0,3,2023,2023-03
Papua New Guinea,ODI,Nepal v Papua New Guinea,Nepal,Lost,3 wickets,2023-03-03,Dubai International Cricket Stadium,Neutral,1,0,1,0,0,3,2023,2023-03
Papua New Guinea,ODI,Papua New Guinea v United Arab Emirates,United Arab Emirates,Won,5 wickets,2023-03-05,Dubai International Cricket Stadium,Neutral,1,1,0,0,0,3,2023,2023-03
United Arab Emirates,ODI,Papua New Guinea v United Arab Emirates,Papua New Guinea,Lost,5 wickets,2023-03-05,Dubai International Cricket Stadium,Neutral,1,0,1,0,0,3,2023,2023-03
Bangladesh,ODI,Bangladesh v England,England,Won,50 runs,2023-03-06,"Zahur Ahmed Chowdhury Stadium, Chattogram",Neutral,1,1,0,0,0,3,2023,2023-03
England,ODI,Bangladesh v England,Bangladesh,Lost,50 runs,2023-03-06,"Zahur Ahmed Chowdhury Stadium, Chattogram",Neutral,1,0,1,0,0,3,2023,2023-03
Nepal,ODI,Nepal v United Arab Emirates,United Arab Emirates,Won,42 runs,2023-03-06,Dubai International Cricket Stadium,Neutral,1,1,0,0,0,3,2023,2023-03
United Arab Emirates,ODI,Nepal v United Arab Emirates,Nepal,Lost,42 runs,2023-03-06,Dubai International Cricket Stadium,Neutral,1,0,1,0,0,3,2023,2023-03
Nepal,ODI,Nepal v Papua New Guinea,Papua New Guinea,Won,52 runs,2023-03-09,"Tribhuvan University International Cricket Ground, Kirtipur",Neutral,1,1,0,0,0,3,2023,2023-03
Papua New Guinea,ODI,Nepal v Papua New Guinea,Nepal,Lost,52 runs,2023-03-09,"Tribhuvan University International Cricket Ground, Kirtipur",Neutral,1,0,1,0,0,3,2023,2023-03
Papua New Guinea,ODI,Papua New Guinea v United Arab Emirates,United Arab Emirates,Won,56 runs,2023-03-10,"Tribhuvan University International Cricket Ground, Kirtipur",Neutral,1,1,0,0,0,3,2023,2023-03
United Arab Emirates,ODI,Papua New Guinea v United Arab Emirates,Papua New Guinea,Lost,56 runs,2023-03-10,"Tribhuvan University International Cricket Ground, Kirtipur",Neutral,1,0,1,0,0,3,2023,2023-03
Nepal,ODI,Nepal v United Arab Emirates,United Arab Emirates,Won,177 runs,2023-03-12,"Tribhuvan University International Cricket Ground, Kirtipur",Neutral,1,1,0,0,0,3,2023,2023-03
United Arab Emirates,ODI,Nepal v United Arab Emirates,Nepal,Lost,177 runs,2023-03-12,"Tribhuvan University International Cricket Ground, Kirtipur",Neutral,1,0,1,0,0,3,2023,2023-03
Nepal,ODI,Nepal v Papua New Guinea,Papua New Guinea,Won,9 wickets,2023-03-13,"Tribhuvan University International Cricket Ground, Kirtipur",Neutral,1,1,0,0,0,3,2023,2023-03
Papua New Guinea,ODI,Nepal v Papua New Guinea,Nepal,Lost,9 wickets,2023-03-13,"Tribhuvan University International Cricket Ground, Kirtipur",Neutral,1,0,1,0,0,3,2023,2023-03
Papua New Guinea,ODI,Papua New Guinea v United Arab Emirates,United Arab Emirates,Lost,6 wickets,2023-03-15,"Tribhuvan University International Cricket Ground, Kirtipur",Neutral,1,0,1,0,0,3,2023,2023-03
United Arab Emirates,ODI,Papua New Guinea v United Arab Emirates,Papua New Guinea,Won,6 wickets,2023-03-15,"Tribhuvan University International Cricket Ground, Kirtipur",Neutral,1,1,0,0,0,3,2023,2023-03
Nepal,ODI,Nepal v United Arab Emirates,United Arab Emirates,Won,9 runs,2023-03-16,"Tribhuvan University International Cricket Ground, Kirtipur",Neutral,1,1,0,0,0,3,2023,2023-03
United Arab Emirates,ODI,Nepal v United Arab Emirates,Nepal,Lost,9 runs,2023-03-16,"Tribhuvan University International Cricket Ground, Kirtipur",Neutral,1,0,1,0,0,3,2023,2023-03
Australia,ODI,Australia v India,India,Lost,5 wickets,2023-03-17,"Wankhede Stadium, Mumbai",Neutral,1,0,1,0,0,3,2023,2023-03
India,ODI,Australia v India,Australia,Won,5 wickets,2023-03-17,"Wankhede Stadium, Mumbai",Neutral,1,1,0,0,0,3,2023,2023-03
South Africa,ODI,South Africa v West Indies,West Indies,Lost,48 runs,2023-03-18,"Buffalo Park, East London",Neutral,1,0,1,0,0,3,2023,2023-03
West Indies,ODI,South Africa v West Indies,South Africa,Won,48 runs,2023-03-18,"Buffalo Park, East London",Neutral,1,1,0,0,0,3,2023,2023-03
Bangladesh,ODI,Bangladesh v Ireland,Ireland,Won,183 runs,2023-03-18,Sylhet International Cricket Stadium,Neutral,1,1,0,0,0,3,2023,2023-03
Ireland,ODI,Bangladesh v Ireland,Bangladesh,Lost,183 runs,2023-03-18,Sylhet International Cricket Stadium,Neutral,1,0,1,0,0,3,2023,2023-03
Australia,ODI,Australia v India,India,Won,10 wickets,2023-03-19,"Dr. Y.S. Rajasekhara Reddy ACA-VDCA Cricket Stadium, Visakhapatnam",Neutral,1,1,0,0,0,3,2023,2023-03
India,ODI,Australia v India,Australia,Lost,10 wickets,2023-03-19,"Dr. Y.S. Rajasekhara Reddy ACA-VDCA Cricket Stadium, Visakhapatnam",Neutral,1,0,1,0,0,3,2023,2023-03
Bangladesh,ODI,Bangladesh v Ireland,Ireland,No Result,No Result,2023-03-20,Sylhet International Cricket Stadium,Neutral,1,0,0,0,1,3,2023,2023-03
Ireland,ODI,Bangladesh v Ireland,Bangladesh,No Result,No Result,2023-03-20,Sylhet International Cricket Stadium,Neutral,1,0,0,0,1,3,2023,2023-03
South Africa,ODI,South Africa v West Indies,West Indies,Won,4 wickets,2023-03-21,"Senwes Park, Potchefstroom",Neutral,1,1,0,0,0,3,2023,2023-03
West Indies,ODI,South Africa v West Indies,South Africa,Lost,4 wickets,2023-03-21,"Senwes Park, Potchefstroom",Neutral,1,0,1,0,0,3,2023,2023-03
Netherlands,ODI,Netherlands v Zimbabwe,Zimbabwe,Won,3 wickets,2023-03-21,Harare Sports Club,Neutral,1,1,0,0,0,3,2023,2023-03
Zimbabwe,ODI,Netherlands v Zimbabwe,Netherlands,Lost,3 wickets,2023-03-21,Harare Sports Club,Neutral,1,0,1,0,0,3,2023,2023-03
Australia,ODI,Australia v India,India,Won,21 runs,2023-03-22,"MA Chidambaram Stadium, Chepauk, Chennai",Neutral,1,1,0,0,0,3,2023,2023-03
India,ODI,Australia v India,Australia,Lost,21 runs,2023-03-22,"MA Chidambaram Stadium, Chepauk, Chennai",Neutral,1,0,1,0,0,3,2023,2023-03
Bangladesh,ODI,Bangladesh v Ireland,Ireland,Won,10 wickets,2023-03-23,Sylhet International Cricket Stadium,Neutral,1,1,0,0,0,3,2023,2023-03
Ireland,ODI,Bangladesh v Ireland,Bangladesh,Lost,10 wickets,2023-03-23,Sylhet International Cricket Stadium,Neutral,1,0,1,0,0,3,2023,2023-03
Netherlands,ODI,Netherlands v Zimbabwe,Zimbabwe,Lost,1 runs,2023-03-23,Harare Sports Club,Neutral,1,0,1,0,0,3,2023,2023-03
Zimbabwe,ODI,Netherlands v Zimbabwe,Netherlands,Won,1 runs,2023-03-23,Harare Sports Club,Neutral,1,1,0,0,0,3,2023,2023-03
New Zealand,ODI,New Zealand v Sri Lanka,Sri Lanka,Won,198 runs,2023-03-25,"Eden Park, Auckland",Neutral,1,1,0,0,0,3,2023,2023-03
Sri Lanka,ODI,New Zealand v Sri Lanka,New Zealand,Lost,198 runs,2023-03-25,"Eden Park, Auckland",Neutral,1,0,1,0,0,3,2023,2023-03
Netherlands,ODI,Netherlands v Zimbabwe,Zimbabwe,Lost,7 wickets,2023-03-25,Harare Sports Club,Neutral,1,0,1,0,0,3,2023,2023-03
Zimbabwe,ODI,Netherlands v Zimbabwe,Netherlands,Won,7 wickets,2023-03-25,Harare Sports Club,Neutral,1,1,0,0,0,3,2023,2023-03
Namibia,ODI,Namibia v United States of America,United States of America,Lost,80 runs,2023-03-26,"Wanderers Cricket Ground, Windhoek",Neutral,1,0,1,0,0,3,2023,2023-03
United States of America,ODI,Namibia v United States of America,Namibia,Won,80 runs,2023-03-26,"Wanderers Cricket Ground, Windhoek",Neutral,1,1,0,0,0,3,2023,2023-03
Papua New Guinea,ODI,Papua New Guinea v United Arab Emirates,United Arab Emirates,Lost,21 runs,2023-03-27,"Wanderers Cricket Ground, Windhoek",Neutral,1,0,1,0,0,3,2023,2023-03
United Arab Emirates,ODI,Papua New Guinea v United Arab Emirates,Papua New Guinea,Won,21 runs,2023-03-27,"Wanderers Cricket Ground, Windhoek",Neutral,1,1,0,0,0,3,2023,2023-03
Canada,ODI,Canada v United States of America,United States of America,Won,26 runs,2023-03-29,"Wanderers Cricket Ground, Windhoek",Neutral,1,1,0,0,0,3,2023,2023-03
United States of America,ODI,Canada v United States of America,Canada,Lost,26 runs,2023-03-29,"Wanderers Cricket Ground, Windhoek",Neutral,1,0,1,0,0,3,2023,2023-03
Jersey,ODI,Jersey v Namibia,Namibia,Lost,8 wickets,2023-03-30,"Wanderers Cricket Ground, Windhoek",Neutral,1,0,1,0,0,3,2023,2023-03
Namibia,ODI,Jersey v Namibia,Jersey,Won,8 wickets,2023-03-30,"Wanderers Cricket Ground, Windhoek",Neutral,1,1,0,0,0,3,2023,2023-03
United Arab Emirates,ODI,United Arab Emirates v United States of America,United States of America,Lost,5 wickets,2023-03-30,"United Cricket Club Ground, Windhoek",Neutral,1,0,1,0,0,3,2023,2023-03
United States of America,ODI,United Arab Emirates v United States of America,United Arab Emirates,Won,5 wickets,2023-03-30,"United Cricket Club Ground, Windhoek",Neutral,1,1,0,0,0,3,2023,2023-03
New Zealand,ODI,New Zealand v Sri Lanka,Sri Lanka,Won,6 wickets,2023-03-31,"Seddon Park, Hamilton",Neutral,1,1,0,0,0,3,2023,2023-03
Sri Lanka,ODI,New Zealand v Sri Lanka,New Zealand,Lost,6 wickets,2023-03-31,"Seddon Park, Hamilton",Neutral,1,0,1,0,0,3,2023,2023-03
Netherlands,ODI,Netherlands v South Africa,South Africa,Lost,8 wickets,2023-03-31,"Willowmoore Park, Benoni",Neutral,1,0,1,0,0,3,2023,2023-03
South Africa,ODI,Netherlands v South Africa,Netherlands,Won,8 wickets,2023-03-31,"Willowmoore Park, Benoni",Neutral,1,1,0,0,0,3,2023,2023-03
Canada,ODI,Canada v United Arab Emirates,United Arab Emirates,Lost,6 wickets,2023-04-01,"Wanderers Cricket Ground, Windhoek",Neutral,1,0,1,0,0,4,2023,2023-04
United Arab Emirates,ODI,Canada v United Arab Emirates,Canada,Won,6 wickets,2023-04-01,"Wanderers Cricket Ground, Windhoek",Neutral,1,1,0,0,0,4,2023,2023-04
Jersey,ODI,Jersey v Papua New Guinea,Papua New Guinea,Won,11 runs,2023-04-01,"United Cricket Club Ground, Windhoek",Neutral,1,1,0,0,0,4,2023,2023-04
Papua New Guinea,ODI,Jersey v Papua New Guinea,Jersey,Lost,11 runs,2023-04-01,"United Cricket Club Ground, Windhoek",Neutral,1,0,1,0,0,4,2023,2023-04
Netherlands,ODI,Netherlands v South Africa,South Africa,Lost,146 runs,2023-04-02,"The Wanderers Stadium, Johannesburg",Neutral,1,0,1,0,0,4,2023,2023-04
South Africa,ODI,Netherlands v South Africa,Netherlands,Won,146 runs,2023-04-02,"The Wanderers Stadium, Johannesburg",Neutral,1,1,0,0,0,4,2023,2023-04
Papua New Guinea,ODI,Papua New Guinea v United States of America,United States of America,Lost,117 runs,2023-04-02,"Wanderers Cricket Ground, Windhoek",Neutral,1,0,1,0,0,4,2023,2023-04
United States of America,ODI,Papua New Guinea v United States of America,Papua New Guinea,Won,117 runs,2023-04-02,"Wanderers Cricket Ground, Windhoek",Neutral,1,1,0,0,0,4,2023,2023-04
Namibia,ODI,Namibia v United Arab Emirates,United Arab Emirates,Lost,28 runs,2023-04-02,"United Cricket Club Ground, Windhoek",Neutral,1,0,1,0,0,4,2023,2023-04
United Arab Emirates,ODI,Namibia v United Arab Emirates,Namibia,Won,28 runs,2023-04-02,"United Cricket Club Ground, Windhoek",Neutral,1,1,0,0,0,4,2023,2023-04
Canada,ODI,Canada v Namibia,Namibia,Lost,111 runs,2023-04-04,"Wanderers Cricket Ground, Windhoek",Neutral,1,0,1,0,0,4,2023,2023-04
Namibia,ODI,Canada v Namibia,Canada,Won,111 runs,2023-04-04,"Wanderers Cricket Ground, Windhoek",Neutral,1,1,0,0,0,4,2023,2023-04
Jersey,ODI,Jersey v United States of America,United States of America,Lost,25 runs,2023-04-04,"United Cricket Club Ground, Windhoek",Neutral,1,0,1,0,0,4,2023,2023-04
United States of America,ODI,Jersey v United States of America,Jersey,Won,25 runs,2023-04-04,"United Cricket Club Ground, Windhoek",Neutral,1,1,0,0,0,4,2023,2023-04
Jersey,ODI,Jersey v United Arab Emirates,United Arab Emirates,Lost,66 runs,2023-04-05,"Wanderers Cricket Ground, Windhoek",Neutral,1,0,1,0,0,4,2023,2023-04
United Arab Emirates,ODI,Jersey v United Arab Emirates,Jersey,Won,66 runs,2023-04-05,"Wanderers Cricket Ground, Windhoek",Neutral,1,1,0,0,0,4,2023,2023-04
Canada,ODI,Canada v Papua New Guinea,Papua New Guinea,Won,90 runs,2023-04-05,"United Cricket Club Ground, Windhoek",Neutral,1,1,0,0,0,4,2023,2023-04
Papua New Guinea,ODI,Canada v Papua New Guinea,Canada,Lost,90 runs,2023-04-05,"United Cricket Club Ground, Windhoek",Neutral,1,0,1,0,0,4,2023,2023-04
Nepal,ODI,Nepal v Oman,Oman,Won,84 runs,2023-04-21,"Tribhuvan University International Cricket Ground, Kirtipur",Neutral,1,1,0,0,0,4,2023,2023-04
Oman,ODI,Nepal v Oman,Nepal,Lost,84 runs,2023-04-21,"Tribhuvan University International Cricket Ground, Kirtipur",Neutral,1,0,1,0,0,4,2023,2023-04
New Zealand,ODI,New Zealand v Pakistan,Pakistan,Lost,5 wickets,2023-04-27,Rawalpindi Cricket Stadium,Neutral,1,0,1,0,0,4,2023,2023-04
Pakistan,ODI,New Zealand v Pakistan,New Zealand,Won,5 wickets,2023-04-27,Rawalpindi Cricket Stadium,Neutral,1,1,0,0,0,4,2023,2023-04
New Zealand,ODI,New Zealand v Pakistan,Pakistan,Lost,7 wickets,2023-04-29,Rawalpindi Cricket Stadium,Neutral,1,0,1,0,0,4,2023,2023-04
Pakistan,ODI,New Zealand v Pakistan,New Zealand,Won,7 wickets,2023-04-29,Rawalpindi Cricket Stadium,Neutral,1,1,0,0,0,4,2023,2023-04
Oman,ODI,Oman v United Arab Emirates,United Arab Emirates,Lost,2 runs,2023-04-29,Mulpani Cricket Ground,Neutral,1,0,1,0,0,4,2023,2023-04
United Arab Emirates,ODI,Oman v United Arab Emirates,Oman,Won,2 runs,2023-04-29,Mulpani Cricket Ground,Neutral,1,1,0,0,0,4,2023,2023-04
Nepal,ODI,Nepal v United Arab Emirates,United Arab Emirates,Won,7 wickets,2023-05-01,"Tribhuvan University International Cricket Ground, Kirtipur",Neutral,1,1,0,0,0,5,2023,2023-05
United Arab Emirates,ODI,Nepal v United Arab Emirates,Nepal,Lost,7 wickets,2023-05-01,"Tribhuvan University International Cricket Ground, Kirtipur",Neutral,1,0,1,0,0,5,2023,2023-05
New Zealand,ODI,New Zealand v Pakistan,Pakistan,Lost,26 runs,2023-05-03,"National Stadium, Karachi",Neutral,1,0,1,0,0,5,2023,2023-05
Pakistan,ODI,New Zealand v Pakistan,New Zealand,Won,26 runs,2023-05-03,"National Stadium, Karachi",Neutral,1,1,0,0,0,5,2023,2023-05
New Zealand,ODI,New Zealand v Pakistan,Pakistan,Lost,102 runs,2023-05-05,"National Stadium, Karachi",Neutral,1,0,1,0,0,5,2023,2023-05
Pakistan,ODI,New Zealand v Pakistan,New Zealand,Won,102 runs,2023-05-05,"National Stadium, Karachi",Neutral,1,1,0,0,0,5,2023,2023-05
New Zealand,ODI,New Zealand v Pakistan,Pakistan,Won,47 runs,2023-05-07,"National Stadium, Karachi",Neutral,1,1,0,0,0,5,2023,2023-05
Pakistan,ODI,New Zealand v Pakistan,New Zealand,Lost,47 runs,2023-05-07,"National Stadium, Karachi",Neutral,1,0,1,0,0,5,2023,2023-05
Bangladesh,ODI,Bangladesh v Ireland,Ireland,No Result,No Result,2023-05-09,"County Ground, Chelmsford",Neutral,1,0,0,0,1,5,2023,2023-05
Ireland,ODI,Bangladesh v Ireland,Bangladesh,No Result,No Result,2023-05-09,"County Ground, Chelmsford",Neutral,1,0,0,0,1,5,2023,2023-05
Bangladesh,ODI,Bangladesh v Ireland,Ireland,Won,3 wickets,2023-05-12,"County Ground, Chelmsford",Neutral,1,1,0,0,0,5,2023,2023-05
Ireland,ODI,Bangladesh v Ireland,Bangladesh,Lost,3 wickets,2023-05-12,"County Ground, Chelmsford",Neutral,1,0,1,0,0,5,2023,2023-05
Bangladesh,ODI,Bangladesh v Ireland,Ireland,Won,5 runs,2023-05-14,"County Ground, Chelmsford",Neutral,1,1,0,0,0,5,2023,2023-05
Ireland,ODI,Bangladesh v Ireland,Bangladesh,Lost,5 runs,2023-05-14,"County Ground, Chelmsford",Neutral,1,0,1,0,0,5,2023,2023-05
United Arab Emirates,ODI,United Arab Emirates v West Indies,West Indies,Lost,7 wickets,2023-06-04,Sharjah Cricket Stadium,Neutral,1,0,1,0,0,6,2023,2023-06
West Indies,ODI,United Arab Emirates v West Indies,United Arab Emirates,Won,7 wickets,2023-06-04,Sharjah Cricket Stadium,Neutral,1,1,0,0,0,6,2023,2023-06
United Arab Emirates,ODI,United Arab Emirates v West Indies,West Indies,Lost,78 runs,2023-06-06,Sharjah Cricket Stadium,Neutral,1,0,1,0,0,6,2023,2023-06
West Indies,ODI,United Arab Emirates v West Indies,United Arab Emirates,Won,78 runs,2023-06-06,Sharjah Cricket Stadium,Neutral,1,1,0,0,0,6,2023,2023-06
United Arab Emirates,ODI,United Arab Emirates v West Indies,West Indies,Lost,4 wickets,2023-06-09,Sharjah Cricket Stadium,Neutral,1,0,1,0,0,6,2023,2023-06
West Indies,ODI,United Arab Emirates v West Indies,United Arab Emirates,Won,4 wickets,2023-06-09,Sharjah Cricket Stadium,Neutral,1,1,0,0,0,6,2023,2023-06
Nepal,ODI,Nepal v Zimbabwe,Zimbabwe,Lost,8 wickets,2023-06-18,Harare Sports Club,Neutral,1,0,1,0,0,6,2023,2023-06
Zimbabwe,ODI,Nepal v Zimbabwe,Nepal,Won,8 wickets,2023-06-18,Harare Sports Club,Neutral,1,1,0,0,0,6,2023,2023-06
United States of America,ODI,United States of America v West Indies,West Indies,Lost,39 runs,2023-06-18,"Takashinga Sports Club, Highfield, Harare",Neutral,1,0,1,0,0,6,2023,2023-06
West Indies,ODI,United States of America v West Indies,United States of America,Won,39 runs,2023-06-18,"Takashinga Sports Club, Highfield, Harare",Neutral,1,1,0,0,0,6,2023,2023-06
Sri Lanka,ODI,Sri Lanka v United Arab Emirates,United Arab Emirates,Won,175 runs,2023-06-19,"Queens Sports Club, Bulawayo",Neutral,1,1,0,0,0,6,2023,2023-06
United Arab Emirates,ODI,Sri Lanka v United Arab Emirates,Sri Lanka,Lost,175 runs,2023-06-19,"Queens Sports Club, Bulawayo",Neutral,1,0,1,0,0,6,2023,2023-06
Ireland,ODI,Ireland v Oman,Oman,Lost,5 wickets,2023-06-19,Bulawayo Athletic Club,Neutral,1,0,1,0,0,6,2023,2023-06
Oman,ODI,Ireland v Oman,Ireland,Won,5 wickets,2023-06-19,Bulawayo Athletic Club,Neutral,1,1,0,0,0,6,2023,2023-06
Netherlands,ODI,Netherlands v Zimbabwe,Zimbabwe,Lost,6 wickets,2023-06-20,Harare Sports Club,Neutral,1,0,1,0,0,6,2023,2023-06
Zimbabwe,ODI,Netherlands v Zimbabwe,Netherlands,Won,6 wickets,2023-06-20,Harare Sports Club,Neutral,1,1,0,0,0,6,2023,2023-06
Nepal,ODI,Nepal v United States of America,United States of America,Won,6 wickets,2023-06-20,"Takashinga Sports Club, Highfield, Harare",Neutral,1,1,0,0,0,6,2023,2023-06
United States of America,ODI,Nepal v United States of America,Nepal,Lost,6 wickets,2023-06-20,"Takashinga Sports Club, Highfield, Harare",Neutral,1,0,1,0,0,6,2023,2023-06
Ireland,ODI,Ireland v Scotland,Scotland,Lost,1 wickets,2023-06-21,"Queens Sports Club, Bulawayo",Neutral,1,0,1,0,0,6,2023,2023-06
Scotland,ODI,Ireland v Scotland,Ireland,Won,1 wickets,2023-06-21,"Queens Sports Club, Bulawayo",Neutral,1,1,0,0,0,6,2023,2023-06
Oman,ODI,Oman v United Arab Emirates,United Arab Emirates,Won,5 wickets,2023-06-21,Bulawayo Athletic Club,Neutral,1,1,0,0,0,6,2023,2023-06
United Arab Emirates,ODI,Oman v United Arab Emirates,Oman,Lost,5 wickets,2023-06-21,Bulawayo Athletic Club,Neutral,1,0,1,0,0,6,2023,2023-06
Nepal,ODI,Nepal v West Indies,West Indies,Lost,101 runs,2023-06-22,Harare Sports Club,Neutral,1,0,1,0,0,6,2023,2023-06
West Indies,ODI,Nepal v West Indies,Nepal,Won,101 runs,2023-06-22,Harare Sports Club,Neutral,1,1,0,0,0,6,2023,2023-06
Netherlands,ODI,Netherlands v United States of America,United States of America,Won,5 wickets,2023-06-22,"Takashinga Sports Club, Highfield, Harare",Neutral,1,1,0,0,0,6,2023,2023-06
United States of America,ODI,Netherlands v United States of America,Netherlands,Lost,5 wickets,2023-06-22,"Takashinga Sports Club, Highfield, Harare",Neutral,1,0,1,0,0,6,2023,2023-06
Oman,ODI,Oman v Sri Lanka,Sri Lanka,Lost,10 wickets,2023-06-23,"Queens Sports Club, Bulawayo",Neutral,1,0,1,0,0,6,2023,2023-06
Sri Lanka,ODI,Oman v Sri Lanka,Oman,Won,10 wickets,2023-06-23,"Queens Sports Club, Bulawayo",Neutral,1,1,0,0,0,6,2023,2023-06
Scotland,ODI,Scotland v United Arab Emirates,United Arab Emirates,Won,111 runs,2023-06-23,Bulawayo Athletic Club,Neutral,1,1,0,0,0,6,2023,2023-06
United Arab Emirates,ODI,Scotland v United Arab Emirates,Scotland,Lost,111 runs,2023-06-23,Bulawayo Athletic Club,Neutral,1,0,1,0,0,6,2023,2023-06
West Indies,ODI,West Indies v Zimbabwe,Zimbabwe,Lost,35 runs,2023-06-24,Harare Sports Club,Neutral,1,0,1,0,0,6,2023,2023-06
Zimbabwe,ODI,West Indies v Zimbabwe,West Indies,Won,35 runs,2023-06-24,Harare Sports Club,Neutral,1,1,0,0,0,6,2023,2023-06
Nepal,ODI,Nepal v Netherlands,Netherlands,Lost,7 wickets,2023-06-24,"Takashinga Sports Club, Highfield, Harare",Neutral,1,0,1,0,0,6,2023,2023-06
Netherlands,ODI,Nepal v Netherlands,Nepal,Won,7 wickets,2023-06-24,"Takashinga Sports Club, Highfield, Harare",Neutral,1,1,0,0,0,6,2023,2023-06
Ireland,ODI,Ireland v Sri Lanka,Sri Lanka,Lost,133 runs,2023-06-25,"Queens Sports Club, Bulawayo",Neutral,1,0,1,0,0,6,2023,2023-06
Sri Lanka,ODI,Ireland v Sri Lanka,Ireland,Won,133 runs,2023-06-25,"Queens Sports Club, Bulawayo",Neutral,1,1,0,0,0,6,2023,2023-06
Oman,ODI,Oman v Scotland,Scotland,Lost,76 runs,2023-06-25,Bulawayo Athletic Club,Neutral,1,0,1,0,0,6,2023,2023-06
Scotland,ODI,Oman v Scotland,Oman,Won,76 runs,2023-06-25,Bulawayo Athletic Club,Neutral,1,1,0,0,0,6,2023,2023-06
United States of America,ODI,United States of America v Zimbabwe,Zimbabwe,Lost,304 runs,2023-06-26,Harare Sports Club,Neutral,1,0,1,0,0,6,2023,2023-06
Zimbabwe,ODI,United States of America v Zimbabwe,United States of America,Won,304 runs,2023-06-26,Harare Sports Club,Neutral,1,1,0,0,0,6,2023,2023-06
Netherlands,ODI,Netherlands v West Indies,West Indies,Tied,Tie,2023-06-26,"Takashinga Sports Club, Highfield, Harare",Neutral,1,0,0,1,0,6,2023,2023-06
West Indies,ODI,Netherlands v West Indies,Netherlands,Tied,Tie,2023-06-26,"Takashinga Sports Club, Highfield, Harare",Neutral,1,0,0,1,0,6,2023,2023-06
Scotland,ODI,Scotland v Sri Lanka,Sri Lanka,Lost,82 runs,2023-06-27,"Queens Sports Club, Bulawayo",Neutral,1,0,1,0,0,6,2023,2023-06
Sri Lanka,ODI,Scotland v Sri Lanka,Scotland,Won,82 runs,2023-06-27,"Queens Sports Club, Bulawayo",Neutral,1,1,0,0,0,6,2023,2023-06
Ireland,ODI,Ireland v United Arab Emirates,United Arab Emirates,Won,138 runs,2023-06-27,Bulawayo Athletic Club,Neutral,1,1,0,0,0,6,2023,2023-06
United Arab Emirates,ODI,Ireland v United Arab Emirates,Ireland,Lost,138 runs,2023-06-27,Bulawayo Athletic Club,Neutral,1,0,1,0,0,6,2023,2023-06
Oman,ODI,Oman v Zimbabwe,Zimbabwe,Lost,14 runs,2023-06-29,"Queens Sports Club, Bulawayo",Neutral,1,0,1,0,0,6,2023,2023-06
Zimbabwe,ODI,Oman v Zimbabwe,Oman,Won,14 runs,2023-06-29,"Queens Sports Club, Bulawayo",Neutral,1,1,0,0,0,6,2023,2023-06
Netherlands,ODI,Netherlands v Sri Lanka,Sri Lanka,Lost,21 runs,2023-06-30,"Queens Sports Club, Bulawayo",Neutral,1,0,1,0,0,6,2023,2023-06
Sri Lanka,ODI,Netherlands v Sri Lanka,Netherlands,Won,21 runs,2023-06-30,"Queens Sports Club, Bulawayo",Neutral,1,1,0,0,0,6,2023,2023-06
Ireland,ODI,Ireland v United States of America,United States of America,Won,6 wickets,2023-06-30,"Takashinga Sports Club, Highfield, Harare",Neutral,1,1,0,0,0,6,2023,2023-06
United States of America,ODI,Ireland v United States of America,Ireland,Lost,6 wickets,2023-06-30,"Takashinga Sports Club, Highfield, Harare",Neutral,1,0,1,0,0,6,2023,2023-06
Scotland,ODI,Scotland v West Indies,West Indies,Won,7 wickets,2023-07-01,Harare Sports Club,Neutral,1,1,0,0,0,7,2023,2023-07
West Indies,ODI,Scotland v West Indies,Scotland,Lost,7 wickets,2023-07-01,Harare Sports Club,Neutral,1,0,1,0,0,7,2023,2023-07
Sri Lanka,ODI,Sri Lanka v Zimbabwe,Zimbabwe,Won,9 wickets,2023-07-02,"Queens Sports Club, Bulawayo",Neutral,1,1,0,0,0,7,2023,2023-07
Zimbabwe,ODI,Sri Lanka v Zimbabwe,Sri Lanka,Lost,9 wickets,2023-07-02,"Queens Sports Club, Bulawayo",Neutral,1,0,1,0,0,7,2023,2023-07
Nepal,ODI,Nepal v United Arab Emirates,United Arab Emirates,Won,3 wickets,2023-07-02,"Takashinga Sports Club, Highfield, Harare",Neutral,1,1,0,0,0,7,2023,2023-07
United Arab Emirates,ODI,Nepal v United Arab Emirates,Nepal,Lost,3 wickets,2023-07-02,"Takashinga Sports Club, Highfield, Harare",Neutral,1,0,1,0,0,7,2023,2023-07
Netherlands,ODI,Netherlands v Oman,Oman,Won,74 runs,2023-07-03,Harare Sports Club,Neutral,1,1,0,0,0,7,2023,2023-07
Oman,ODI,Netherlands v Oman,Netherlands,Lost,74 runs,2023-07-03,Harare Sports Club,Neutral,1,0,1,0,0,7,2023,2023-07
Scotland,ODI,Scotland v Zimbabwe,Zimbabwe,Won,31 runs,2023-07-04,"Queens Sports Club, Bulawayo",Neutral,1,1,0,0,0,7,2023,2023-07
Zimbabwe,ODI,Scotland v Zimbabwe,Scotland,Lost,31 runs,2023-07-04,"Queens Sports Club, Bulawayo",Neutral,1,0,1,0,0,7,2023,2023-07
Ireland,ODI,Ireland v Nepal,Nepal,Won,2 wickets,2023-07-04,"Takashinga Sports Club, Highfield, Harare",Neutral,1,1,0,0,0,7,2023,2023-07
Nepal,ODI,Ireland v Nepal,Ireland,Lost,2 wickets,2023-07-04,"Takashinga Sports Club, Highfield, Harare",Neutral,1,0,1,0,0,7,2023,2023-07
Oman,ODI,Oman v West Indies,West Indies,Lost,7 wickets,2023-07-05,Harare Sports Club,Neutral,1,0,1,0,0,7,2023,2023-07
West Indies,ODI,Oman v West Indies,Oman,Won,7 wickets,2023-07-05,Harare Sports Club,Neutral,1,1,0,0,0,7,2023,2023-07
Netherlands,ODI,Netherlands v Scotland,Scotland,Won,4 wickets,2023-07-06,"Queens Sports Club, Bulawayo",Neutral,1,1,0,0,0,7,2023,2023-07
Scotland,ODI,Netherlands v Scotland,Netherlands,Lost,4 wickets,2023-07-06,"Queens Sports Club, Bulawayo",Neutral,1,0,1,0,0,7,2023,2023-07
United Arab Emirates,ODI,United Arab Emirates v United States of America,United States of America,Won,1 runs,2023-07-06,"Takashinga Sports Club, Highfield, Harare",Neutral,1,1,0,0,0,7,2023,2023-07
United States of America,ODI,United Arab Emirates v United States of America,United Arab Emirates,Lost,1 runs,2023-07-06,"Takashinga Sports Club, Highfield, Harare",Neutral,1,0,1,0,0,7,2023,2023-07
Sri Lanka,ODI,Sri Lanka v West Indies,West Indies,Won,8 wickets,2023-07-07,Harare Sports Club,Neutral,1,1,0,0,0,7,2023,2023-07
West Indies,ODI,Sri Lanka v West Indies,Sri Lanka,Lost,8 wickets,2023-07-07,Harare Sports Club,Neutral,1,0,1,0,0,7,2023,2023-07
Netherlands,ODI,Netherlands v Sri Lanka,Sri Lanka,Lost,128 runs,2023-07-09,Harare Sports Club,Neutral,1,0,1,0,0,7,2023,2023-07
Sri Lanka,ODI,Netherlands v Sri Lanka,Netherlands,Won,128 runs,2023-07-09,Harare Sports Club,Neutral,1,1,0,0,0,7,2023,2023-07
India,ODI,India v West Indies,West Indies,Won,5 wickets,2023-07-27,"Kensington Oval, Bridgetown, Barbados",Neutral,1,1,0,0,0,7,2023,2023-07
West Indies,ODI,India v West Indies,India,Lost,5 wickets,2023-07-27,"Kensington Oval, Bridgetown, Barbados",Neutral,1,0,1,0,0,7,2023,2023-07
India,ODI,India v West Indies,West Indies,Lost,6 wickets,2023-07-29,"Kensington Oval, Bridgetown, Barbados",Neutral,1,0,1,0,0,7,2023,2023-07
West Indies,ODI,India v West Indies,India,Won,6 wickets,2023-07-29,"Kensington Oval, Bridgetown, Barbados",Neutral,1,1,0,0,0,7,2023,2023-07
India,ODI,India v West Indies,West Indies,Won,200 runs,2023-08-01,"Brian Lara Stadium, Tarouba, Trinidad",Neutral,1,1,0,0,0,8,2023,2023-08
West Indies,ODI,India v West Indies,India,Lost,200 runs,2023-08-01,"Brian Lara Stadium, Tarouba, Trinidad",Neutral,1,0,1,0,0,8,2023,2023-08
Nepal,ODI,Nepal v Pakistan,Pakistan,Lost,238 runs,2023-08-30,Multan Cricket Stadium,Neutral,1,0,1,0,0,8,2023,2023-08
Pakistan,ODI,Nepal v Pakistan,Nepal,Won,238 runs,2023-08-30,Multan Cricket Stadium,Neutral,1,1,0,0,0,8,2023,2023-08
Bangladesh,ODI,Bangladesh v Sri Lanka,Sri Lanka,Lost,5 wickets,2023-08-31,Pallekele International Cricket Stadium,Neutral,1,0,1,0,0,8,2023,2023-08
Sri Lanka,ODI,Bangladesh v Sri Lanka,Bangladesh,Won,5 wickets,2023-08-31,Pallekele International Cricket Stadium,Neutral,1,1,0,0,0,8,2023,2023-08
India,ODI,India v Pakistan,Pakistan,No Result,No Result,2023-09-02,Pallekele International Cricket Stadium,Neutral,1,0,0,0,1,9,2023,2023-09
Pakistan,ODI,India v Pakistan,India,No Result,No Result,2023-09-02,Pallekele International Cricket Stadium,Neutral,1,0,0,0,1,9,2023,2023-09
India,ODI,India v Nepal,Nepal,Won,10 wickets,2023-09-04,Pallekele International Cricket Stadium,Neutral,1,1,0,0,0,9,2023,2023-09
Nepal,ODI,India v Nepal,India,Lost,10 wickets,2023-09-04,Pallekele International Cricket Stadium,Neutral,1,0,1,0,0,9,2023,2023-09
Bangladesh,ODI,Bangladesh v Pakistan,Pakistan,Lost,7 wickets,2023-09-06,"Gaddafi Stadium, Lahore",Neutral,1,0,1,0,0,9,2023,2023-09
Pakistan,ODI,Bangladesh v Pakistan,Bangladesh,Won,7 wickets,2023-09-06,"Gaddafi Stadium, Lahore",Neutral,1,1,0,0,0,9,2023,2023-09
Australia,ODI,Australia v South Africa,South Africa,Won,3 wickets,2023-09-07,"Mangaung Oval, Bloemfontein",Neutral,1,1,0,0,0,9,2023,2023-09
South Africa,ODI,Australia v South Africa,Australia,Lost,3 wickets,2023-09-07,"Mangaung Oval, Bloemfontein",Neutral,1,0,1,0,0,9,2023,2023-09
England,ODI,England v New Zealand,New Zealand,Lost,8 wickets,2023-09-08,"Sophia Gardens, Cardiff",Neutral,1,0,1,0,0,9,2023,2023-09
New Zealand,ODI,England v New Zealand,England,Won,8 wickets,2023-09-08,"Sophia Gardens, Cardiff",Neutral,1,1,0,0,0,9,2023,2023-09
Australia,ODI,Australia v South Africa,South Africa,Won,123 runs,2023-09-09,"Mangaung Oval, Bloemfontein",Neutral,1,1,0,0,0,9,2023,2023-09
South Africa,ODI,Australia v South Africa,Australia,Lost,123 runs,2023-09-09,"Mangaung Oval, Bloemfontein",Neutral,1,0,1,0,0,9,2023,2023-09
Bangladesh,ODI,Bangladesh v Sri Lanka,Sri Lanka,Lost,21 runs,2023-09-09,"R Premadasa Stadium, Colombo",Neutral,1,0,1,0,0,9,2023,2023-09
Sri Lanka,ODI,Bangladesh v Sri Lanka,Bangladesh,Won,21 runs,2023-09-09,"R Premadasa Stadium, Colombo",Neutral,1,1,0,0,0,9,2023,2023-09
England,ODI,England v New Zealand,New Zealand,Won,79 runs,2023-09-10,"The Rose Bowl, Southampton",Neutral,1,1,0,0,0,9,2023,2023-09
New Zealand,ODI,England v New Zealand,England,Lost,79 runs,2023-09-10,"The Rose Bowl, Southampton",Neutral,1,0,1,0,0,9,2023,2023-09
India,ODI,India v Pakistan,Pakistan,Won,228 runs,2023-09-10,"R Premadasa Stadium, Colombo",Neutral,1,1,0,0,0,9,2023,2023-09
Pakistan,ODI,India v Pakistan,India,Lost,228 runs,2023-09-10,"R Premadasa Stadium, Colombo",Neutral,1,0,1,0,0,9,2023,2023-09
Australia,ODI,Australia v South Africa,South Africa,Lost,111 runs,2023-09-12,"Sedgars Park, Potchefstroom",Neutral,1,0,1,0,0,9,2023,2023-09
South Africa,ODI,Australia v South Africa,Australia,Won,111 runs,2023-09-12,"Sedgars Park, Potchefstroom",Neutral,1,1,0,0,0,9,2023,2023-09
India,ODI,India v Sri Lanka,Sri Lanka,Won,41 runs,2023-09-12,"R Premadasa Stadium, Colombo",Neutral,1,1,0,0,0,9,2023,2023-09
Sri Lanka,ODI,India v Sri Lanka,India,Lost,41 runs,2023-09-12,"R Premadasa Stadium, Colombo",Neutral,1,0,1,0,0,9,2023,2023-09
England,ODI,England v New Zealand,New Zealand,Won,181 runs,2023-09-13,"Kennington Oval, London",Neutral,1,1,0,0,0,9,2023,2023-09
New Zealand,ODI,England v New Zealand,England,Lost,181 runs,2023-09-13,"Kennington Oval, London",Neutral,1,0,1,0,0,9,2023,2023-09
Pakistan,ODI,Pakistan v Sri Lanka,Sri Lanka,Lost,2 wickets,2023-09-14,"R Premadasa Stadium, Colombo",Neutral,1,0,1,0,0,9,2023,2023-09
Sri Lanka,ODI,Pakistan v Sri Lanka,Pakistan,Won,2 wickets,2023-09-14,"R Premadasa Stadium, Colombo",Neutral,1,1,0,0,0,9,2023,2023-09
England,ODI,England v New Zealand,New Zealand,Won,100 runs,2023-09-15,"Lord's, London",Neutral,1,1,0,0,0,9,2023,2023-09
New Zealand,ODI,England v New Zealand,England,Lost,100 runs,2023-09-15,"Lord's, London",Neutral,1,0,1,0,0,9,2023,2023-09
Australia,ODI,Australia v South Africa,South Africa,Lost,164 runs,2023-09-15,"SuperSport Park, Centurion",Neutral,1,0,1,0,0,9,2023,2023-09
South Africa,ODI,Australia v South Africa,Australia,Won,164 runs,2023-09-15,"SuperSport Park, Centurion",Neutral,1,1,0,0,0,9,2023,2023-09
Bangladesh,ODI,Bangladesh v India,India,Won,6 runs,2023-09-15,"R Premadasa Stadium, Colombo",Neutral,1,1,0,0,0,9,2023,2023-09
India,ODI,Bangladesh v India,Bangladesh,Lost,6 runs,2023-09-15,"R Premadasa Stadium, Colombo",Neutral,1,0,1,0,0,9,2023,2023-09
Australia,ODI,Australia v South Africa,South Africa,Lost,122 runs,2023-09-17,"The Wanderers Stadium, Johannesburg",Neutral,1,0,1,0,0,9,2023,2023-09
South Africa,ODI,Australia v South Africa,Australia,Won,122 runs,2023-09-17,"The Wanderers Stadium, Johannesburg",Neutral,1,1,0,0,0,9,2023,2023-09
India,ODI,India v Sri Lanka,Sri Lanka,Won,10 wickets,2023-09-17,"R Premadasa Stadium, Colombo",Neutral,1,1,0,0,0,9,2023,2023-09
Sri Lanka,ODI,India v Sri Lanka,India,Lost,10 wickets,2023-09-17,"R Premadasa Stadium, Colombo",Neutral,1,0,1,0,0,9,2023,2023-09
Bangladesh,ODI,Bangladesh v New Zealand,New Zealand,No Result,No Result,2023-09-21,"Shere Bangla National Stadium, Mirpur",Neutral,1,0,0,0,1,9,2023,2023-09
New Zealand,ODI,Bangladesh v New Zealand,Bangladesh,No Result,No Result,2023-09-21,"Shere Bangla National Stadium, Mirpur",Neutral,1,0,0,0,1,9,2023,2023-09
Australia,ODI,Australia v India,India,Lost,5 wickets,2023-09-22,"Punjab Cricket Association IS Bindra Stadium, Mohali, Chandigarh",Neutral,1,0,1,0,0,9,2023,2023-09
India,ODI,Australia v India,Australia,Won,5 wickets,2023-09-22,"Punjab Cricket Association IS Bindra Stadium, Mohali, Chandigarh",Neutral,1,1,0,0,0,9,2023,2023-09
England,ODI,England v Ireland,Ireland,Won,48 runs,2023-09-23,"Trent Bridge, Nottingham",Neutral,1,1,0,0,0,9,2023,2023-09
Ireland,ODI,England v Ireland,England,Lost,48 runs,2023-09-23,"Trent Bridge, Nottingham",Neutral,1,0,1,0,0,9,2023,2023-09
Bangladesh,ODI,Bangladesh v New Zealand,New Zealand,Lost,86 runs,2023-09-23,"Shere Bangla National Stadium, Mirpur",Neutral,1,0,1,0,0,9,2023,2023-09
New Zealand,ODI,Bangladesh v New Zealand,Bangladesh,Won,86 runs,2023-09-23,"Shere Bangla National Stadium, Mirpur",Neutral,1,1,0,0,0,9,2023,2023-09
Australia,ODI,Australia v India,India,Lost,99 runs,2023-09-24,"Holkar Cricket Stadium, Indore",Neutral,1,0,1,0,0,9,2023,2023-09
India,ODI,Australia v India,Australia,Won,99 runs,2023-09-24,"Holkar Cricket Stadium, Indore",Neutral,1,1,0,0,0,9,2023,2023-09
England,ODI,England v Ireland,Ireland,No Result,No Result,2023-09-26,"County Ground, Bristol",Neutral,1,0,0,0,1,9,2023,2023-09
Ireland,ODI,England v Ireland,England,No Result,No Result,2023-09-26,"County Ground, Bristol",Neutral,1,0,0,0,1,9,2023,2023-09
Bangladesh,ODI,Bangladesh v New Zealand,New Zealand,Lost,7 wickets,2023-09-26,"Shere Bangla National Stadium, Mirpur",Neutral,1,0,1,0,0,9,2023,2023-09
New Zealand,ODI,Bangladesh v New Zealand,Bangladesh,Won,7 wickets,2023-09-26,"Shere Bangla National Stadium, Mirpur",Neutral,1,1,0,0,0,9,2023,2023-09
Australia,ODI,Australia v India,India,Won,66 runs,2023-09-27,"Saurashtra Cricket Association Stadium, Rajkot",Neutral,1,1,0,0,0,9,2023,2023-09
India,ODI,Australia v India,Australia,Lost,66 runs,2023-09-27,"Saurashtra Cricket Association Stadium, Rajkot",Neutral,1,0,1,0,0,9,2023,2023-09
England,ODI,England v New Zealand,New Zealand,Lost,9 wickets,2023-10-05,"Narendra Modi Stadium, Ahmedabad",Neutral,1,0,1,0,0,10,2023,2023-10
New Zealand,ODI,England v New Zealand,England,Won,9 wickets,2023-10-05,"Narendra Modi Stadium, Ahmedabad",Neutral,1,1,0,0,0,10,2023,2023-10
Netherlands,ODI,Netherlands v Pakistan,Pakistan,Lost,81 runs,2023-10-06,"Rajiv Gandhi International Stadium, Uppal, Hyderabad",Neutral,1,0,1,0,0,10,2023,2023-10
Pakistan,ODI,Netherlands v Pakistan,Netherlands,Won,81 runs,2023-10-06,"Rajiv Gandhi International Stadium, Uppal, Hyderabad",Neutral,1,1,0,0,0,10,2023,2023-10
South Africa,ODI,South Africa v Sri Lanka,Sri Lanka,Won,102 runs,2023-10-07,"Arun Jaitley Stadium, Delhi",Neutral,1,1,0,0,0,10,2023,2023-10
Sri Lanka,ODI,South Africa v Sri Lanka,South Africa,Lost,102 runs,2023-10-07,"Arun Jaitley Stadium, Delhi",Neutral,1,0,1,0,0,10,2023,2023-10
Australia,ODI,Australia v India,India,Lost,6 wickets,2023-10-08,"MA Chidambaram Stadium, Chepauk, Chennai",Neutral,1,0,1,0,0,10,2023,2023-10
India,ODI,Australia v India,Australia,Won,6 wickets,2023-10-08,"MA Chidambaram Stadium, Chepauk, Chennai",Neutral,1,1,0,0,0,10,2023,2023-10
Netherlands,ODI,Netherlands v New Zealand,New Zealand,Lost,99 runs,2023-10-09,"Rajiv Gandhi International Stadium, Uppal, Hyderabad",Neutral,1,0,1,0,0,10,2023,2023-10
New Zealand,ODI,Netherlands v New Zealand,Netherlands,Won,99 runs,2023-10-09,"Rajiv Gandhi International Stadium, Uppal, Hyderabad",Neutral,1,1,0,0,0,10,2023,2023-10
Bangladesh,ODI,Bangladesh v England,England,Lost,137 runs,2023-10-10,"Himachal Pradesh Cricket Association Stadium, Dharamsala",Neutral,1,0,1,0,0,10,2023,2023-10
England,ODI,Bangladesh v England,Bangladesh,Won,137 runs,2023-10-10,"Himachal Pradesh Cricket Association Stadium, Dharamsala",Neutral,1,1,0,0,0,10,2023,2023-10
Pakistan,ODI,Pakistan v Sri Lanka,Sri Lanka,Won,6 wickets,2023-10-10,"Rajiv Gandhi International Stadium, Uppal, Hyderabad",Neutral,1,1,0,0,0,10,2023,2023-10
Sri Lanka,ODI,Pakistan v Sri Lanka,Pakistan,Lost,6 wickets,2023-10-10,"Rajiv Gandhi International Stadium, Uppal, Hyderabad",Neutral,1,0,1,0,0,10,2023,2023-10
Australia,ODI,Australia v South Africa,South Africa,Lost,134 runs,2023-10-12,"Bharat Ratna Shri Atal Bihari Vajpayee Ekana Cricket Stadium, Lucknow",Neutral,1,0,1,0,0,10,2023,2023-10
South Africa,ODI,Australia v South Africa,Australia,Won,134 runs,2023-10-12,"Bharat Ratna Shri Atal Bihari Vajpayee Ekana Cricket Stadium, Lucknow",Neutral,1,1,0,0,0,10,2023,2023-10
Bangladesh,ODI,Bangladesh v New Zealand,New Zealand,Lost,8 wickets,2023-10-13,"MA Chidambaram Stadium, Chepauk, Chennai",Neutral,1,0,1,0,0,10,2023,2023-10
New Zealand,ODI,Bangladesh v New Zealand,Bangladesh,Won,8 wickets,2023-10-13,"MA Chidambaram Stadium, Chepauk, Chennai",Neutral,1,1,0,0,0,10,2023,2023-10
India,ODI,India v Pakistan,Pakistan,Won,7 wickets,2023-10-14,"Narendra Modi Stadium, Ahmedabad",Neutral,1,1,0,0,0,10,2023,2023-10
Pakistan,ODI,India v Pakistan,India,Lost,7 wickets,2023-10-14,"Narendra Modi Stadium, Ahmedabad",Neutral,1,0,1,0,0,10,2023,2023-10
Australia,ODI,Australia v Sri Lanka,Sri Lanka,Won,5 wickets,2023-10-16,"Bharat Ratna Shri Atal Bihari Vajpayee Ekana Cricket Stadium, Lucknow",Neutral,1,1,0,0,0,10,2023,2023-10
Sri Lanka,ODI,Australia v Sri Lanka,Australia,Lost,5 wickets,2023-10-16,"Bharat Ratna Shri Atal Bihari Vajpayee Ekana Cricket Stadium, Lucknow",Neutral,1,0,1,0,0,10,2023,2023-10
Netherlands,ODI,Netherlands v South Africa,South Africa,Won,38 runs,2023-10-17,"Himachal Pradesh Cricket Association Stadium, Dharamsala",Neutral,1,1,0,0,0,10,2023,2023-10
South Africa,ODI,Netherlands v South Africa,Netherlands,Lost,38 runs,2023-10-17,"Himachal Pradesh Cricket Association Stadium, Dharamsala",Neutral,1,0,1,0,0,10,2023,2023-10
Bangladesh,ODI,Bangladesh v India,India,Lost,7 wickets,2023-10-19,"Maharashtra Cricket Association Stadium, Pune",Neutral,1,0,1,0,0,10,2023,2023-10
India,ODI,Bangladesh v India,Bangladesh,Won,7 wickets,2023-10-19,"Maharashtra Cricket Association Stadium, Pune",Neutral,1,1,0,0,0,10,2023,2023-10
Australia,ODI,Australia v Pakistan,Pakistan,Won,62 runs,2023-10-20,"M Chinnaswamy Stadium, Bengaluru",Neutral,1,1,0,0,0,10,2023,2023-10
Pakistan,ODI,Australia v Pakistan,Australia,Lost,62 runs,2023-10-20,"M Chinnaswamy Stadium, Bengaluru",Neutral,1,0,1,0,0,10,2023,2023-10
Netherlands,ODI,Netherlands v Sri Lanka,Sri Lanka,Lost,5 wickets,2023-10-21,"Bharat Ratna Shri Atal Bihari Vajpayee Ekana Cricket Stadium, Lucknow",Neutral,1,0,1,0,0,10,2023,2023-10
Sri Lanka,ODI,Netherlands v Sri Lanka,Netherlands,Won,5 wickets,2023-10-21,"Bharat Ratna Shri Atal Bihari Vajpayee Ekana Cricket Stadium, Lucknow",Neutral,1,1,0,0,0,10,2023,2023-10
England,ODI,England v South Africa,South Africa,Lost,229 runs,2023-10-21,"Wankhede Stadium, Mumbai",Neutral,1,0,1,0,0,10,2023,2023-10
South Africa,ODI,England v South Africa,England,Won,229 runs,2023-10-21,"Wankhede Stadium, Mumbai",Neutral,1,1,0,0,0,10,2023,2023-10
India,ODI,India v New Zealand,New Zealand,Won,4 wickets,2023-10-22,"Himachal Pradesh Cricket Association Stadium, Dharamsala",Neutral,1,1,0,0,0,10,2023,2023-10
New Zealand,ODI,India v New Zealand,India,Lost,4 wickets,2023-10-22,"Himachal Pradesh Cricket Association Stadium, Dharamsala",Neutral,1,0,1,0,0,10,2023,2023-10
Bangladesh,ODI,Bangladesh v South Africa,South Africa,Lost,149 runs,2023-10-24,"Wankhede Stadium, Mumbai",Neutral,1,0,1,0,0,10,2023,2023-10
South Africa,ODI,Bangladesh v South Africa,Bangladesh,Won,149 runs,2023-10-24,"Wankhede Stadium, Mumbai",Neutral,1,1,0,0,0,10,2023,2023-10
Australia,ODI,Australia v Netherlands,Netherlands,Won,309 runs,2023-10-25,"Arun Jaitley Stadium, Delhi",Neutral,1,1,0,0,0,10,2023,2023-10
Netherlands,ODI,Australia v Netherlands,Australia,Lost,309 runs,2023-10-25,"Arun Jaitley Stadium, Delhi",Neutral,1,0,1,0,0,10,2023,2023-10
England,ODI,England v Sri Lanka,Sri Lanka,Lost,8 wickets,2023-10-26,"M Chinnaswamy Stadium, Bengaluru",Neutral,1,0,1,0,0,10,2023,2023-10
Sri Lanka,ODI,England v Sri Lanka,England,Won,8 wickets,2023-10-26,"M Chinnaswamy Stadium, Bengaluru",Neutral,1,1,0,0,0,10,2023,2023-10
Pakistan,ODI,Pakistan v South Africa,South Africa,Lost,1 wickets,2023-10-27,"MA Chidambaram Stadium, Chepauk, Chennai",Neutral,1,0,1,0,0,10,2023,2023-10
South Africa,ODI,Pakistan v South Africa,Pakistan,Won,1 wickets,2023-10-27,"MA Chidambaram Stadium, Chepauk, Chennai",Neutral,1,1,0,0,0,10,2023,2023-10
Australia,ODI,Australia v New Zealand,New Zealand,Won,5 runs,2023-10-28,"Himachal Pradesh Cricket Association Stadium, Dharamsala",Neutral,1,1,0,0,0,10,2023,2023-10
New Zealand,ODI,Australia v New Zealand,Australia,Lost,5 runs,2023-10-28,"Himachal Pradesh Cricket Association Stadium, Dharamsala",Neutral,1,0,1,0,0,10,2023,2023-10
Bangladesh,ODI,Bangladesh v Netherlands,Netherlands,Lost,87 runs,2023-10-28,"Eden Gardens, Kolkata",Neutral,1,0,1,0,0,10,2023,2023-10
Netherlands,ODI,Bangladesh v Netherlands,Bangladesh,Won,87 runs,2023-10-28,"Eden Gardens, Kolkata",Neutral,1,1,0,0,0,10,2023,2023-10
England,ODI,England v India,India,Lost,100 runs,2023-10-29,"Bharat Ratna Shri Atal Bihari Vajpayee Ekana Cricket Stadium, Lucknow",Neutral,1,0,1,0,0,10,2023,2023-10
India,ODI,England v India,England,Won,100 runs,2023-10-29,"Bharat Ratna Shri Atal Bihari Vajpayee Ekana Cricket Stadium, Lucknow",Neutral,1,1,0,0,0,10,2023,2023-10
Bangladesh,ODI,Bangladesh v Pakistan,Pakistan,Lost,7 wickets,2023-10-31,"Eden Gardens, Kolkata",Neutral,1,0,1,0,0,10,2023,2023-10
Pakistan,ODI,Bangladesh v Pakistan,Bangladesh,Won,7 wickets,2023-10-31,"Eden Gardens, Kolkata",Neutral,1,1,0,0,0,10,2023,2023-10
New Zealand,ODI,New Zealand v South Africa,South Africa,Lost,190 runs,2023-11-01,"Maharashtra Cricket Association Stadium, Pune",Neutral,1,0,1,0,0,11,2023,2023-11
South Africa,ODI,New Zealand v South Africa,New Zealand,Won,190 runs,2023-11-01,"Maharashtra Cricket Association Stadium, Pune",Neutral,1,1,0,0,0,11,2023,2023-11
India,ODI,India v Sri Lanka,Sri Lanka,Won,302 runs,2023-11-02,"Wankhede Stadium, Mumbai",Neutral,1,1,0,0,0,11,2023,2023-11
Sri Lanka,ODI,India v Sri Lanka,India,Lost,302 runs,2023-11-02,"Wankhede Stadium, Mumbai",Neutral,1,0,1,0,0,11,2023,2023-11
New Zealand,ODI,New Zealand v Pakistan,Pakistan,Lost,21 runs,2023-11-04,"M Chinnaswamy Stadium, Bengaluru",Neutral,1,0,1,0,0,11,2023,2023-11
Pakistan,ODI,New Zealand v Pakistan,New Zealand,Won,21 runs,2023-11-04,"M Chinnaswamy Stadium, Bengaluru",Neutral,1,1,0,0,0,11,2023,2023-11
Australia,ODI,Australia v England,England,Won,33 runs,2023-11-04,"Narendra Modi Stadium, Ahmedabad",Neutral,1,1,0,0,0,11,2023,2023-11
England,ODI,Australia v England,Australia,Lost,33 runs,2023-11-04,"Narendra Modi Stadium, Ahmedabad",Neutral,1,0,1,0,0,11,2023,2023-11
India,ODI,India v South Africa,South Africa,Won,243 runs,2023-11-05,"Eden Gardens, Kolkata",Neutral,1,1,0,0,0,11,2023,2023-11
South Africa,ODI,India v South Africa,India,Lost,243 runs,2023-11-05,"Eden Gardens, Kolkata",Neutral,1,0,1,0,0,11,2023,2023-11
Bangladesh,ODI,Bangladesh v Sri Lanka,Sri Lanka,Won,3 wickets,2023-11-06,"Arun Jaitley Stadium, Delhi",Neutral,1,1,0,0,0,11,2023,2023-11
Sri Lanka,ODI,Bangladesh v Sri Lanka,Bangladesh,Lost,3 wickets,2023-11-06,"Arun Jaitley Stadium, Delhi",Neutral,1,0,1,0,0,11,2023,2023-11
England,ODI,England v Netherlands,Netherlands,Won,160 runs,2023-11-08,"Maharashtra Cricket Association Stadium, Pune",Neutral,1,1,0,0,0,11,2023,2023-11
Netherlands,ODI,England v Netherlands,England,Lost,160 runs,2023-11-08,"Maharashtra Cricket Association Stadium, Pune",Neutral,1,0,1,0,0,11,2023,2023-11
New Zealand,ODI,New Zealand v Sri Lanka,Sri Lanka,Won,5 wickets,2023-11-09,"M Chinnaswamy Stadium, Bengaluru",Neutral,1,1,0,0,0,11,2023,2023-11
Sri Lanka,ODI,New Zealand v Sri Lanka,New Zealand,Lost,5 wickets,2023-11-09,"M Chinnaswamy Stadium, Bengaluru",Neutral,1,0,1,0,0,11,2023,2023-11
Australia,ODI,Australia v Bangladesh,Bangladesh,Won,8 wickets,2023-11-11,"Maharashtra Cricket Association Stadium, Pune",Neutral,1,1,0,0,0,11,2023,2023-11
Bangladesh,ODI,Australia v Bangladesh,Australia,Lost,8 wickets,2023-11-11,"Maharashtra Cricket Association Stadium, Pune",Neutral,1,0,1,0,0,11,2023,2023-11
England,ODI,England v Pakistan,Pakistan,Won,93 runs,2023-11-11,"Eden Gardens, Kolkata",Neutral,1,1,0,0,0,11,2023,2023-11
Pakistan,ODI,England v Pakistan,England,Lost,93 runs,2023-11-11,"Eden Gardens, Kolkata",Neutral,1,0,1,0,0,11,2023,2023-11
India,ODI,India v Netherlands,Netherlands,Won,160 runs,2023-11-12,"M Chinnaswamy Stadium, Bengaluru",Neutral,1,1,0,0,0,11,2023,2023-11
Netherlands,ODI,India v Netherlands,India,Lost,160 runs,2023-11-12,"M Chinnaswamy Stadium, Bengaluru",Neutral,1,0,1,0,0,11,2023,2023-11
India,ODI,India v New Zealand,New Zealand,Won,70 runs,2023-11-15,"Wankhede Stadium, Mumbai",Neutral,1,1,0,0,0,11,2023,2023-11
New Zealand,ODI,India v New Zealand,India,Lost,70 runs,2023-11-15,"Wankhede Stadium, Mumbai",Neutral,1,0,1,0,0,11,2023,2023-11
Australia,ODI,Australia v South Africa,South Africa,Won,3 wickets,2023-11-16,"Eden Gardens, Kolkata",Neutral,1,1,0,0,0,11,2023,2023-11
South Africa,ODI,Australia v South Africa,Australia,Lost,3 wickets,2023-11-16,"Eden Gardens, Kolkata",Neutral,1,0,1,0,0,11,2023,2023-11
Australia,ODI,Australia v India,India,Won,6 wickets,2023-11-19,"Narendra Modi Stadium, Ahmedabad",Neutral,1,1,0,0,0,11,2023,2023-11
India,ODI,Australia v India,Australia,Lost,6 wickets,2023-11-19,"Narendra Modi Stadium, Ahmedabad",Neutral,1,0,1,0,0,11,2023,2023-11
England,ODI,England v West Indies,West Indies,Lost,4 wickets,2023-12-03,"Sir Vivian Richards Stadium, North Sound, Antigua",Neutral,1,0,1,0,0,12,2023,2023-12
West Indies,ODI,England v West Indies,England,Won,4 wickets,2023-12-03,"Sir Vivian Richards Stadium, North Sound, Antigua",Neutral,1,1,0,0,0,12,2023,2023-12
England,ODI,England v West Indies,West Indies,Won,6 wickets,2023-12-06,"Sir Vivian Richards Stadium, North Sound, Antigua",Neutral,1,1,0,0,0,12,2023,2023-12
West Indies,ODI,England v West Indies,England,Lost,6 wickets,2023-12-06,"Sir Vivian Richards Stadium, North Sound, Antigua",Neutral,1,0,1,0,0,12,2023,2023-12
England,ODI,England v West Indies,West Indies,Lost,4 wickets,2023-12-09,"Kensington Oval, Bridgetown, Barbados",Neutral,1,0,1,0,0,12,2023,2023-12
West Indies,ODI,England v West Indies,England,Won,4 wickets,2023-12-09,"Kensington Oval, Bridgetown, Barbados",Neutral,1,1,0,0,0,12,2023,2023-12
Ireland,ODI,Ireland v Zimbabwe,Zimbabwe,No Result,No Result,2023-12-13,Harare Sports Club,Neutral,1,0,0,0,1,12,2023,2023-12
Zimbabwe,ODI,Ireland v Zimbabwe,Ireland,No Result,No Result,2023-12-13,Harare Sports Club,Neutral,1,0,0,0,1,12,2023,2023-12
Ireland,ODI,Ireland v Zimbabwe,Zimbabwe,Won,4 wickets,2023-12-15,Harare Sports Club,Neutral,1,1,0,0,0,12,2023,2023-12
Zimbabwe,ODI,Ireland v Zimbabwe,Ireland,Lost,4 wickets,2023-12-15,Harare Sports Club,Neutral,1,0,1,0,0,12,2023,2023-12
India,ODI,India v South Africa,South Africa,Won,8 wickets,2023-12-17,"The Wanderers Stadium, Johannesburg",Neutral,1,1,0,0,0,12,2023,2023-12
South Africa,ODI,India v South Africa,India,Lost,8 wickets,2023-12-17,"The Wanderers Stadium, Johannesburg",Neutral,1,0,1,0,0,12,2023,2023-12
Bangladesh,ODI,Bangladesh v New Zealand,New Zealand,Lost,44 runs,2023-12-17,"University Oval, Dunedin",Neutral,1,0,1,0,0,12,2023,2023-12
New Zealand,ODI,Bangladesh v New Zealand,Bangladesh,Won,44 runs,2023-12-17,"University Oval, Dunedin",Neutral,1,1,0,0,0,12,2023,2023-12
Ireland,ODI,Ireland v Zimbabwe,Zimbabwe,Won,7 wickets,2023-12-17,Harare Sports Club,Neutral,1,1,0,0,0,12,2023,2023-12
Zimbabwe,ODI,Ireland v Zimbabwe,Ireland,Lost,7 wickets,2023-12-17,Harare Sports Club,Neutral,1,0,1,0,0,12,2023,2023-12
India,ODI,India v South Africa,South Africa,Lost,8 wickets,2023-12-19,"St George's Park, Gqeberha",Neutral,1,0,1,0,0,12,2023,2023-12
South Africa,ODI,India v South Africa,India,Won,8 wickets,2023-12-19,"St George's Park, Gqeberha",Neutral,1,1,0,0,0,12,2023,2023-12
Bangladesh,ODI,Bangladesh v New Zealand,New Zealand,Lost,7 wickets,2023-12-20,"Saxton Oval, Nelson",Neutral,1,0,1,0,0,12,2023,2023-12
New Zealand,ODI,Bangladesh v New Zealand,Bangladesh,Won,7 wickets,2023-12-20,"Saxton Oval, Nelson",Neutral,1,1,0,0,0,12,2023,2023-12
India,ODI,India v South Africa,South Africa,Won,78 runs,2023-12-21,"Boland Park, Paarl",Neutral,1,1,0,0,0,12,2023,2023-12
South Africa,ODI,India v South Africa,India,Lost,78 runs,2023-12-21,"Boland Park, Paarl",Neutral,1,0,1,0,0,12,2023,2023-12
Bangladesh,ODI,Bangladesh v New Zealand,New Zealand,Won,9 wickets,2023-12-23,"McLean Park, Napier",Neutral,1,1,0,0,0,12,2023,2023-12
New Zealand,ODI,Bangladesh v New Zealand,Bangladesh,Lost,9 wickets,2023-12-23,"McLean Park, Napier",Neutral,1,0,1,0,0,12,2023,2023-12
Sri Lanka,ODI,Sri Lanka v Zimbabwe,Zimbabwe,No Result,No Result,2024-01-06,"R Premadasa Stadium, Colombo",Neutral,1,0,0,0,1,1,2024,2024-01
Zimbabwe,ODI,Sri Lanka v Zimbabwe,Sri Lanka,No Result,No Result,2024-01-06,"R Premadasa Stadium, Colombo",Neutral,1,0,0,0,1,1,2024,2024-01
Sri Lanka,ODI,Sri Lanka v Zimbabwe,Zimbabwe,Won,2 wickets,2024-01-08,"R Premadasa Stadium, Colombo",Neutral,1,1,0,0,0,1,2024,2024-01
Zimbabwe,ODI,Sri Lanka v Zimbabwe,Sri Lanka,Lost,2 wickets,2024-01-08,"R Premadasa Stadium, Colombo",Neutral,1,0,1,0,0,1,2024,2024-01
Sri Lanka,ODI,Sri Lanka v Zimbabwe,Zimbabwe,Won,8 wickets,2024-01-11,"R Premadasa Stadium, Colombo",Neutral,1,1,0,0,0,1,2024,2024-01
Zimbabwe,ODI,Sri Lanka v Zimbabwe,Sri Lanka,Lost,8 wickets,2024-01-11,"R Premadasa Stadium, Colombo",Neutral,1,0,1,0,0,1,2024,2024-01
Australia,ODI,Australia v West Indies,West Indies,Won,8 wickets,2024-02-02,Melbourne Cricket Ground,Neutral,1,1,0,0,0,2,2024,2024-02
West Indies,ODI,Australia v West Indies,Australia,Lost,8 wickets,2024-02-02,Melbourne Cricket Ground,Neutral,1,0,1,0,0,2,2024,2024-02
Australia,ODI,Australia v West Indies,West Indies,Won,83 runs,2024-02-04,Sydney Cricket Ground,Neutral,1,1,0,0,0,2,2024,2024-02
West Indies,ODI,Australia v West Indies,Australia,Lost,83 runs,2024-02-04,Sydney Cricket Ground,Neutral,1,0,1,0,0,2,2024,2024-02
Australia,ODI,Australia v West Indies,West Indies,Won,8 wickets,2024-02-06,"Manuka Oval, Canberra",Neutral,1,1,0,0,0,2,2024,2024-02
West Indies,ODI,Australia v West Indies,Australia,Lost,8 wickets,2024-02-06,"Manuka Oval, Canberra",Neutral,1,0,1,0,0,2,2024,2024-02
Canada,ODI,Canada v Nepal,Nepal,Lost,7 runs,2024-02-08,"Tribhuvan University International Cricket Ground, Kirtipur",Neutral,1,0,1,0,0,2,2024,2024-02
Nepal,ODI,Canada v Nepal,Canada,Won,7 runs,2024-02-08,"Tribhuvan University International Cricket Ground, Kirtipur",Neutral,1,1,0,0,0,2,2024,2024-02
Canada,ODI,Canada v Nepal,Nepal,Lost,4 wickets,2024-02-10,"Tribhuvan University International Cricket Ground, Kirtipur",Neutral,1,0,1,0,0,2,2024,2024-02
Nepal,ODI,Canada v Nepal,Canada,Won,4 wickets,2024-02-10,"Tribhuvan University International Cricket Ground, Kirtipur",Neutral,1,1,0,0,0,2,2024,2024-02
Canada,ODI,Canada v Nepal,Nepal,Lost,9 wickets,2024-02-12,"Tribhuvan University International Cricket Ground, Kirtipur",Neutral,1,0,1,0,0,2,2024,2024-02
Nepal,ODI,Canada v Nepal,Canada,Won,9 wickets,2024-02-12,"Tribhuvan University International Cricket Ground, Kirtipur",Neutral,1,1,0,0,0,2,2024,2024-02
Namibia,ODI,Namibia v Nepal,Nepal,Won,4 wickets,2024-02-15,"Tribhuvan University International Cricket Ground, Kirtipur",Neutral,1,1,0,0,0,2,2024,2024-02
Nepal,ODI,Namibia v Nepal,Namibia,Lost,4 wickets,2024-02-15,"Tribhuvan University International Cricket Ground, Kirtipur",Neutral,1,0,1,0,0,2,2024,2024-02
Nepal,ODI,Nepal v Netherlands,Netherlands,Won,9 wickets,2024-02-17,"Tribhuvan University International Cricket Ground, Kirtipur",Neutral,1,1,0,0,0,2,2024,2024-02
Netherlands,ODI,Nepal v Netherlands,Nepal,Lost,9 wickets,2024-02-17,"Tribhuvan University International Cricket Ground, Kirtipur",Neutral,1,0,1,0,0,2,2024,2024-02
Namibia,ODI,Namibia v Netherlands,Netherlands,Lost,7 wickets,2024-02-19,"Tribhuvan University International Cricket Ground, Kirtipur",Neutral,1,0,1,0,0,2,2024,2024-02
Netherlands,ODI,Namibia v Netherlands,Namibia,Won,7 wickets,2024-02-19,"Tribhuvan University International Cricket Ground, Kirtipur",Neutral,1,1,0,0,0,2,2024,2024-02
Namibia,ODI,Namibia v Nepal,Nepal,Won,2 wickets,2024-02-21,"Tribhuvan University International Cricket Ground, Kirtipur",Neutral,1,1,0,0,0,2,2024,2024-02
Nepal,ODI,Namibia v Nepal,Namibia,Lost,2 wickets,2024-02-21,"Tribhuvan University International Cricket Ground, Kirtipur",Neutral,1,0,1,0,0,2,2024,2024-02
Namibia,ODI,Namibia v Netherlands,Netherlands,Won,24 runs,2024-02-23,"Tribhuvan University International Cricket Ground, Kirtipur",Neutral,1,1,0,0,0,2,2024,2024-02
Netherlands,ODI,Namibia v Netherlands,Namibia,Lost,24 runs,2024-02-23,"Tribhuvan University International Cricket Ground, Kirtipur",Neutral,1,0,1,0,0,2,2024,2024-02
Nepal,ODI,Nepal v Netherlands,Netherlands,Lost,8 wickets,2024-02-25,"Tribhuvan University International Cricket Ground, Kirtipur",Neutral,1,0,1,0,0,2,2024,2024-02
Netherlands,ODI,Nepal v Netherlands,Nepal,Won,8 wickets,2024-02-25,"Tribhuvan University International Cricket Ground, Kirtipur",Neutral,1,1,0,0,0,2,2024,2024-02
Canada,ODI,Canada v United Arab Emirates,United Arab Emirates,Won,3 wickets,2024-02-28,Dubai International Cricket Stadium,Neutral,1,1,0,0,0,2,2024,2024-02
United Arab Emirates,ODI,Canada v United Arab Emirates,Canada,Lost,3 wickets,2024-02-28,Dubai International Cricket Stadium,Neutral,1,0,1,0,0,2,2024,2024-02
Canada,ODI,Canada v Scotland,Scotland,Won,7 wickets,2024-03-01,Dubai International Cricket Stadium,Neutral,1,1,0,0,0,3,2024,2024-03
Scotland,ODI,Canada v Scotland,Canada,Lost,7 wickets,2024-03-01,Dubai International Cricket Stadium,Neutral,1,0,1,0,0,3,2024,2024-03
Scotland,ODI,Scotland v United Arab Emirates,United Arab Emirates,Won,8 wickets,2024-03-03,Dubai International Cricket Stadium,Neutral,1,1,0,0,0,3,2024,2024-03
United Arab Emirates,ODI,Scotland v United Arab Emirates,Scotland,Lost,8 wickets,2024-03-03,Dubai International Cricket Stadium,Neutral,1,0,1,0,0,3,2024,2024-03
Canada,ODI,Canada v United Arab Emirates,United Arab Emirates,Won,8 runs,2024-03-05,Dubai International Cricket Stadium,Neutral,1,1,0,0,0,3,2024,2024-03
United Arab Emirates,ODI,Canada v United Arab Emirates,Canada,Lost,8 runs,2024-03-05,Dubai International Cricket Stadium,Neutral,1,0,1,0,0,3,2024,2024-03
Canada,ODI,Canada v Scotland,Scotland,Won,5 wickets,2024-03-07,Dubai International Cricket Stadium,Neutral,1,1,0,0,0,3,2024,2024-03
Scotland,ODI,Canada v Scotland,Canada,Lost,5 wickets,2024-03-07,Dubai International Cricket Stadium,Neutral,1,0,1,0,0,3,2024,2024-03
Bangladesh,ODI,Bangladesh v Sri Lanka,Sri Lanka,Won,6 wickets,2024-03-13,"Zahur Ahmed Chowdhury Stadium, Chattogram",Neutral,1,1,0,0,0,3,2024,2024-03
Sri Lanka,ODI,Bangladesh v Sri Lanka,Bangladesh,Lost,6 wickets,2024-03-13,"Zahur Ahmed Chowdhury Stadium, Chattogram",Neutral,1,0,1,0,0,3,2024,2024-03
Bangladesh,ODI,Bangladesh v Sri Lanka,Sri Lanka,Lost,3 wickets,2024-03-15,"Zahur Ahmed Chowdhury Stadium, Chattogram",Neutral,1,0,1,0,0,3,2024,2024-03
Sri Lanka,ODI,Bangladesh v Sri Lanka,Bangladesh,Won,3 wickets,2024-03-15,"Zahur Ahmed Chowdhury Stadium, Chattogram",Neutral,1,1,0,0,0,3,2024,2024-03
Bangladesh,ODI,Bangladesh v Sri Lanka,Sri Lanka,Won,4 wickets,2024-03-18,"Zahur Ahmed Chowdhury Stadium, Chattogram",Neutral,1,1,0,0,0,3,2024,2024-03
Sri Lanka,ODI,Bangladesh v Sri Lanka,Bangladesh,Lost,4 wickets,2024-03-18,"Zahur Ahmed Chowdhury Stadium, Chattogram",Neutral,1,0,1,0,0,3,2024,2024-03
Oman,ODI,Oman v Scotland,Scotland,No Result,No Result,2024-07-16,"Forthill, Dundee",Neutral,1,0,0,0,1,7,2024,2024-07
Scotland,ODI,Oman v Scotland,Oman,No Result,No Result,2024-07-16,"Forthill, Dundee",Neutral,1,0,0,0,1,7,2024,2024-07
Namibia,ODI,Namibia v Oman,Oman,Won,6 wickets,2024-07-18,"Forthill, Dundee",Neutral,1,1,0,0,0,7,2024,2024-07
Oman,ODI,Namibia v Oman,Namibia,Lost,6 wickets,2024-07-18,"Forthill, Dundee",Neutral,1,0,1,0,0,7,2024,2024-07
Namibia,ODI,Namibia v Scotland,Scotland,Lost,47 runs,2024-07-20,"Forthill, Dundee",Neutral,1,0,1,0,0,7,2024,2024-07
Scotland,ODI,Namibia v Scotland,Namibia,Won,47 runs,2024-07-20,"Forthill, Dundee",Neutral,1,1,0,0,0,7,2024,2024-07
Oman,ODI,Oman v Scotland,Scotland,Lost,8 wickets,2024-07-22,"Forthill, Dundee",Neutral,1,0,1,0,0,7,2024,2024-07
Scotland,ODI,Oman v Scotland,Oman,Won,8 wickets,2024-07-22,"Forthill, Dundee",Neutral,1,1,0,0,0,7,2024,2024-07
Namibia,ODI,Namibia v Oman,Oman,Lost,4 wickets,2024-07-24,"Forthill, Dundee",Neutral,1,0,1,0,0,7,2024,2024-07
Oman,ODI,Namibia v Oman,Namibia,Won,4 wickets,2024-07-24,"Forthill, Dundee",Neutral,1,1,0,0,0,7,2024,2024-07
Namibia,ODI,Namibia v Scotland,Scotland,Lost,138 runs,2024-07-26,"Forthill, Dundee",Neutral,1,0,1,0,0,7,2024,2024-07
Scotland,ODI,Namibia v Scotland,Namibia,Won,138 runs,2024-07-26,"Forthill, Dundee",Neutral,1,1,0,0,0,7,2024,2024-07
India,ODI,India v Sri Lanka,Sri Lanka,Tied,Tie,2024-08-02,"R Premadasa Stadium, Colombo",Neutral,1,0,0,1,0,8,2024,2024-08
Sri Lanka,ODI,India v Sri Lanka,India,Tied,Tie,2024-08-02,"R Premadasa Stadium, Colombo",Neutral,1,0,0,1,0,8,2024,2024-08
India,ODI,India v Sri Lanka,Sri Lanka,Lost,32 runs,2024-08-04,"R Premadasa Stadium, Colombo",Neutral,1,0,1,0,0,8,2024,2024-08
Sri Lanka,ODI,India v Sri Lanka,India,Won,32 runs,2024-08-04,"R Premadasa Stadium, Colombo",Neutral,1,1,0,0,0,8,2024,2024-08
India,ODI,India v Sri Lanka,Sri Lanka,Lost,110 runs,2024-08-07,"R Premadasa Stadium, Colombo",Neutral,1,0,1,0,0,8,2024,2024-08
Sri Lanka,ODI,India v Sri Lanka,India,Won,110 runs,2024-08-07,"R Premadasa Stadium, Colombo",Neutral,1,1,0,0,0,8,2024,2024-08
Canada,ODI,Canada v Netherlands,Netherlands,Lost,5 wickets,2024-08-11,"Sportpark Westvliet, The Hague",Neutral,1,0,1,0,0,8,2024,2024-08
Netherlands,ODI,Canada v Netherlands,Canada,Won,5 wickets,2024-08-11,"Sportpark Westvliet, The Hague",Neutral,1,1,0,0,0,8,2024,2024-08
Canada,ODI,Canada v United States of America,United States of America,Lost,14 runs,2024-08-13,"Sportpark Westvliet, The Hague",Neutral,1,0,1,0,0,8,2024,2024-08
United States of America,ODI,Canada v United States of America,Canada,Won,14 runs,2024-08-13,"Sportpark Westvliet, The Hague",Neutral,1,1,0,0,0,8,2024,2024-08
Netherlands,ODI,Netherlands v United States of America,United States of America,Won,19 runs,2024-08-15,"Sportpark Westvliet, The Hague",Neutral,1,1,0,0,0,8,2024,2024-08
United States of America,ODI,Netherlands v United States of America,Netherlands,Lost,19 runs,2024-08-15,"Sportpark Westvliet, The Hague",Neutral,1,0,1,0,0,8,2024,2024-08
Canada,ODI,Canada v Netherlands,Netherlands,Lost,63 runs,2024-08-17,"Hazelaarweg, Rotterdam",Neutral,1,0,1,0,0,8,2024,2024-08
Netherlands,ODI,Canada v Netherlands,Canada,Won,63 runs,2024-08-17,"Hazelaarweg, Rotterdam",Neutral,1,1,0,0,0,8,2024,2024-08
Canada,ODI,Canada v United States of America,United States of America,Lost,50 runs,2024-08-19,"Hazelaarweg, Rotterdam",Neutral,1,0,1,0,0,8,2024,2024-08
United States of America,ODI,Canada v United States of America,Canada,Won,50 runs,2024-08-19,"Hazelaarweg, Rotterdam",Neutral,1,1,0,0,0,8,2024,2024-08
Netherlands,ODI,Netherlands v United States of America,United States of America,Won,27 runs,2024-08-21,"Hazelaarweg, Rotterdam",Neutral,1,1,0,0,0,8,2024,2024-08
United States of America,ODI,Netherlands v United States of America,Netherlands,Lost,27 runs,2024-08-21,"Hazelaarweg, Rotterdam",Neutral,1,0,1,0,0,8,2024,2024-08
Namibia,ODI,Namibia v United States of America,United States of America,Lost,6 wickets,2024-09-16,"United Cricket Club Ground, Windhoek",Neutral,1,0,1,0,0,9,2024,2024-09
United States of America,ODI,Namibia v United States of America,Namibia,Won,6 wickets,2024-09-16,"United Cricket Club Ground, Windhoek",Neutral,1,1,0,0,0,9,2024,2024-09
Canada,ODI,Canada v Nepal,Nepal,Won,103 runs,2024-09-16,"Maple Leaf North-West Ground, King City",Neutral,1,1,0,0,0,9,2024,2024-09
Nepal,ODI,Canada v Nepal,Canada,Lost,103 runs,2024-09-16,"Maple Leaf North-West Ground, King City",Neutral,1,0,1,0,0,9,2024,2024-09
United Arab Emirates,ODI,United Arab Emirates v United States of America,United States of America,Lost,10 wickets,2024-09-18,"United Cricket Club Ground, Windhoek",Neutral,1,0,1,0,0,9,2024,2024-09
United States of America,ODI,United Arab Emirates v United States of America,United Arab Emirates,Won,10 wickets,2024-09-18,"United Cricket Club Ground, Windhoek",Neutral,1,1,0,0,0,9,2024,2024-09
Nepal,ODI,Nepal v Oman,Oman,Lost,1 wickets,2024-09-18,"Maple Leaf North-West Ground, King City",Neutral,1,0,1,0,0,9,2024,2024-09
Oman,ODI,Nepal v Oman,Nepal,Won,1 wickets,2024-09-18,"Maple Leaf North-West Ground, King City",Neutral,1,1,0,0,0,9,2024,2024-09
Australia,ODI,Australia v England,England,Won,7 wickets,2024-09-19,"Trent Bridge, Nottingham",Neutral,1,1,0,0,0,9,2024,2024-09
England,ODI,Australia v England,Australia,Lost,7 wickets,2024-09-19,"Trent Bridge, Nottingham",Neutral,1,0,1,0,0,9,2024,2024-09
Namibia,ODI,Namibia v United Arab Emirates,United Arab Emirates,Lost,1 wickets,2024-09-20,"United Cricket Club Ground, Windhoek",Neutral,1,0,1,0,0,9,2024,2024-09
United Arab Emirates,ODI,Namibia v United Arab Emirates,Namibia,Won,1 wickets,2024-09-20,"United Cricket Club Ground, Windhoek",Neutral,1,1,0,0,0,9,2024,2024-09
Canada,ODI,Canada v Oman,Oman,Won,59 runs,2024-09-20,"Maple Leaf North-West Ground, King City",Neutral,1,1,0,0,0,9,2024,2024-09
Oman,ODI,Canada v Oman,Canada,Lost,59 runs,2024-09-20,"Maple Leaf North-West Ground, King City",Neutral,1,0,1,0,0,9,2024,2024-09
Australia,ODI,Australia v England,England,Won,68 runs,2024-09-21,"Headingley, Leeds",Neutral,1,1,0,0,0,9,2024,2024-09
England,ODI,Australia v England,Australia,Lost,68 runs,2024-09-21,"Headingley, Leeds",Neutral,1,0,1,0,0,9,2024,2024-09
Namibia,ODI,Namibia v United States of America,United States of America,Lost,7 wickets,2024-09-22,"United Cricket Club Ground, Windhoek",Neutral,1,0,1,0,0,9,2024,2024-09
United States of America,ODI,Namibia v United States of America,Namibia,Won,7 wickets,2024-09-22,"United Cricket Club Ground, Windhoek",Neutral,1,1,0,0,0,9,2024,2024-09
Canada,ODI,Canada v Nepal,Nepal,Won,5 wickets,2024-09-22,"Maple Leaf North-West Ground, King City",Neutral,1,1,0,0,0,9,2024,2024-09
Nepal,ODI,Canada v Nepal,Canada,Lost,5 wickets,2024-09-22,"Maple Leaf North-West Ground, King City",Neutral,1,0,1,0,0,9,2024,2024-09
Australia,ODI,Australia v England,England,Lost,46 runs,2024-09-24,"Riverside Ground, Chester-le-Street",Neutral,1,0,1,0,0,9,2024,2024-09
England,ODI,Australia v England,Australia,Won,46 runs,2024-09-24,"Riverside Ground, Chester-le-Street",Neutral,1,1,0,0,0,9,2024,2024-09
United Arab Emirates,ODI,United Arab Emirates v United States of America,United States of America,Lost,136 runs,2024-09-24,"United Cricket Club Ground, Windhoek",Neutral,1,0,1,0,0,9,2024,2024-09
United States of America,ODI,United Arab Emirates v United States of America,United Arab Emirates,Won,136 runs,2024-09-24,"United Cricket Club Ground, Windhoek",Neutral,1,1,0,0,0,9,2024,2024-09
Namibia,ODI,Namibia v United Arab Emirates,United Arab Emirates,Won,8 wickets,2024-09-26,"Wanderers Cricket Ground, Windhoek",Neutral,1,1,0,0,0,9,2024,2024-09
United Arab Emirates,ODI,Namibia v United Arab Emirates,Namibia,Lost,8 wickets,2024-09-26,"Wanderers Cricket Ground, Windhoek",Neutral,1,0,1,0,0,9,2024,2024-09
Canada,ODI,Canada v Oman,Oman,Won,5 wickets,2024-09-26,"Maple Leaf North-West Ground, King City",Neutral,1,1,0,0,0,9,2024,2024-09
Oman,ODI,Canada v Oman,Canada,Lost,5 wickets,2024-09-26,"Maple Leaf North-West Ground, King City",Neutral,1,0,1,0,0,9,2024,2024-09
Australia,ODI,Australia v England,England,Lost,186 runs,2024-09-27,"Lord's, London",Neutral,1,0,1,0,0,9,2024,2024-09
England,ODI,Australia v England,Australia,Won,186 runs,2024-09-27,"Lord's, London",Neutral,1,1,0,0,0,9,2024,2024-09
Australia,ODI,Australia v England,England,Won,49 runs,2024-09-29,"County Ground, Bristol",Neutral,1,1,0,0,0,9,2024,2024-09
England,ODI,Australia v England,Australia,Lost,49 runs,2024-09-29,"County Ground, Bristol",Neutral,1,0,1,0,0,9,2024,2024-09
Ireland,ODI,Ireland v South Africa,South Africa,Lost,139 runs,2024-10-02,"Zayed Cricket Stadium, Abu Dhabi",Neutral,1,0,1,0,0,10,2024,2024-10
South Africa,ODI,Ireland v South Africa,Ireland,Won,139 runs,2024-10-02,"Zayed Cricket Stadium, Abu Dhabi",Neutral,1,1,0,0,0,10,2024,2024-10
Ireland,ODI,Ireland v South Africa,South Africa,Lost,174 runs,2024-10-04,"Zayed Cricket Stadium, Abu Dhabi",Neutral,1,0,1,0,0,10,2024,2024-10
South Africa,ODI,Ireland v South Africa,Ireland,Won,174 runs,2024-10-04,"Zayed Cricket Stadium, Abu Dhabi",Neutral,1,1,0,0,0,10,2024,2024-10
Ireland,ODI,Ireland v South Africa,South Africa,Won,69 runs,2024-10-07,"Zayed Cricket Stadium, Abu Dhabi",Neutral,1,1,0,0,0,10,2024,2024-10
South Africa,ODI,Ireland v South Africa,Ireland,Lost,69 runs,2024-10-07,"Zayed Cricket Stadium, Abu Dhabi",Neutral,1,0,1,0,0,10,2024,2024-10
Sri Lanka,ODI,Sri Lanka v West Indies,West Indies,Won,5 wickets,2024-10-20,Pallekele International Cricket Stadium,Neutral,1,1,0,0,0,10,2024,2024-10
West Indies,ODI,Sri Lanka v West Indies,Sri Lanka,Lost,5 wickets,2024-10-20,Pallekele International Cricket Stadium,Neutral,1,0,1,0,0,10,2024,2024-10
Sri Lanka,ODI,Sri Lanka v West Indies,West Indies,Won,5 wickets,2024-10-23,Pallekele International Cricket Stadium,Neutral,1,1,0,0,0,10,2024,2024-10
West Indies,ODI,Sri Lanka v West Indies,Sri Lanka,Lost,5 wickets,2024-10-23,Pallekele International Cricket Stadium,Neutral,1,0,1,0,0,10,2024,2024-10
Scotland,ODI,Scotland v United States of America,United States of America,Won,10 wickets,2024-10-25,"Grand Prairie Stadium, Dallas",Neutral,1,1,0,0,0,10,2024,2024-10
United States of America,ODI,Scotland v United States of America,Scotland,Lost,10 wickets,2024-10-25,"Grand Prairie Stadium, Dallas",Neutral,1,0,1,0,0,10,2024,2024-10
Sri Lanka,ODI,Sri Lanka v West Indies,West Indies,Lost,8 wickets,2024-10-26,Pallekele International Cricket Stadium,Neutral,1,0,1,0,0,10,2024,2024-10
West Indies,ODI,Sri Lanka v West Indies,Sri Lanka,Won,8 wickets,2024-10-26,Pallekele International Cricket Stadium,Neutral,1,1,0,0,0,10,2024,2024-10
Nepal,ODI,Nepal v Scotland,Scotland,Won,5 wickets,2024-10-29,"Grand Prairie Stadium, Dallas",Neutral,1,1,0,0,0,10,2024,2024-10
Scotland,ODI,Nepal v Scotland,Nepal,Lost,5 wickets,2024-10-29,"Grand Prairie Stadium, Dallas",Neutral,1,0,1,0,0,10,2024,2024-10
England,ODI,England v West Indies,West Indies,Lost,8 wickets,2024-10-31,"Sir Vivian Richards Stadium, North Sound, Antigua",Neutral,1,0,1,0,0,10,2024,2024-10
West Indies,ODI,England v West Indies,England,Won,8 wickets,2024-10-31,"Sir Vivian Richards Stadium, North Sound, Antigua",Neutral,1,1,0,0,0,10,2024,2024-10
Scotland,ODI,Scotland v United States of America,United States of America,Won,71 runs,2024-10-31,"Grand Prairie Stadium, Dallas",Neutral,1,1,0,0,0,10,2024,2024-10
United States of America,ODI,Scotland v United States of America,Scotland,Lost,71 runs,2024-10-31,"Grand Prairie Stadium, Dallas",Neutral,1,0,1,0,0,10,2024,2024-10
Oman,ODI,Oman v United Arab Emirates,United Arab Emirates,Won,6 wickets,2024-11-01,Al Amerat Cricket Ground Oman Cricket (Ministry Turf 1),Neutral,1,1,0,0,0,11,2024,2024-11
United Arab Emirates,ODI,Oman v United Arab Emirates,Oman,Lost,6 wickets,2024-11-01,Al Amerat Cricket Ground Oman Cricket (Ministry Turf 1),Neutral,1,0,1,0,0,11,2024,2024-11
England,ODI,England v West Indies,West Indies,Won,5 wickets,2024-11-02,"Sir Vivian Richards Stadium, North Sound, Antigua",Neutral,1,1,0,0,0,11,2024,2024-11
West Indies,ODI,England v West Indies,England,Lost,5 wickets,2024-11-02,"Sir Vivian Richards Stadium, North Sound, Antigua",Neutral,1,0,1,0,0,11,2024,2024-11
Nepal,ODI,Nepal v United States of America,United States of America,Lost,37 runs,2024-11-02,"Grand Prairie Stadium, Dallas",Neutral,1,0,1,0,0,11,2024,2024-11
United States of America,ODI,Nepal v United States of America,Nepal,Won,37 runs,2024-11-02,"Grand Prairie Stadium, Dallas",Neutral,1,1,0,0,0,11,2024,2024-11
Netherlands,ODI,Netherlands v United Arab Emirates,United Arab Emirates,Lost,26 runs,2024-11-03,Al Amerat Cricket Ground Oman Cricket (Ministry Turf 1),Neutral,1,0,1,0,0,11,2024,2024-11
United Arab Emirates,ODI,Netherlands v United Arab Emirates,Netherlands,Won,26 runs,2024-11-03,Al Amerat Cricket Ground Oman Cricket (Ministry Turf 1),Neutral,1,1,0,0,0,11,2024,2024-11
Australia,ODI,Australia v Pakistan,Pakistan,Won,2 wickets,2024-11-04,Melbourne Cricket Ground,Neutral,1,1,0,0,0,11,2024,2024-11
Pakistan,ODI,Australia v Pakistan,Australia,Lost,2 wickets,2024-11-04,Melbourne Cricket Ground,Neutral,1,0,1,0,0,11,2024,2024-11
Nepal,ODI,Nepal v Scotland,Scotland,No Result,No Result,2024-11-04,"Grand Prairie Stadium, Dallas",Neutral,1,0,0,0,1,11,2024,2024-11
Scotland,ODI,Nepal v Scotland,Nepal,No Result,No Result,2024-11-04,"Grand Prairie Stadium, Dallas",Neutral,1,0,0,0,1,11,2024,2024-11
Netherlands,ODI,Netherlands v Oman,Oman,Lost,8 wickets,2024-11-05,Al Amerat Cricket Ground Oman Cricket (Ministry Turf 1),Neutral,1,0,1,0,0,11,2024,2024-11
Oman,ODI,Netherlands v Oman,Netherlands,Won,8 wickets,2024-11-05,Al Amerat Cricket Ground Oman Cricket (Ministry Turf 1),Neutral,1,1,0,0,0,11,2024,2024-11
England,ODI,England v West Indies,West Indies,Lost,8 wickets,2024-11-06,"Kensington Oval, Bridgetown, Barbados",Neutral,1,0,1,0,0,11,2024,2024-11
West Indies,ODI,England v West Indies,England,Won,8 wickets,2024-11-06,"Kensington Oval, Bridgetown, Barbados",Neutral,1,1,0,0,0,11,2024,2024-11
Oman,ODI,Oman v United Arab Emirates,United Arab Emirates,Won,4 wickets,2024-11-07,Al Amerat Cricket Ground Oman Cricket (Ministry Turf 1),Neutral,1,1,0,0,0,11,2024,2024-11
United Arab Emirates,ODI,Oman v United Arab Emirates,Oman,Lost,4 wickets,2024-11-07,Al Amerat Cricket Ground Oman Cricket (Ministry Turf 1),Neutral,1,0,1,0,0,11,2024,2024-11
Australia,ODI,Australia v Pakistan,Pakistan,Lost,9 wickets,2024-11-08,Adelaide Oval,Neutral,1,0,1,0,0,11,2024,2024-11
Pakistan,ODI,Australia v Pakistan,Australia,Won,9 wickets,2024-11-08,Adelaide Oval,Neutral,1,1,0,0,0,11,2024,2024-11
Netherlands,ODI,Netherlands v United Arab Emirates,United Arab Emirates,Won,67 runs,2024-11-09,Al Amerat Cricket Ground Oman Cricket (Ministry Turf 1),Neutral,1,1,0,0,0,11,2024,2024-11
United Arab Emirates,ODI,Netherlands v United Arab Emirates,Netherlands,Lost,67 runs,2024-11-09,Al Amerat Cricket Ground Oman Cricket (Ministry Turf 1),Neutral,1,0,1,0,0,11,2024,2024-11
Australia,ODI,Australia v Pakistan,Pakistan,Lost,8 wickets,2024-11-10,Perth Stadium,Neutral,1,0,1,0,0,11,2024,2024-11
Pakistan,ODI,Australia v Pakistan,Australia,Won,8 wickets,2024-11-10,Perth Stadium,Neutral,1,1,0,0,0,11,2024,2024-11
Netherlands,ODI,Netherlands v Oman,Oman,Lost,1 runs,2024-11-11,Al Amerat Cricket Ground Oman Cricket (Ministry Turf 1),Neutral,1,0,1,0,0,11,2024,2024-11
Oman,ODI,Netherlands v Oman,Netherlands,Won,1 runs,2024-11-11,Al Amerat Cricket Ground Oman Cricket (Ministry Turf 1),Neutral,1,1,0,0,0,11,2024,2024-11
New Zealand,ODI,New Zealand v Sri Lanka,Sri Lanka,Lost,45 runs,2024-11-13,Rangiri Dambulla International Stadium,Neutral,1,0,1,0,0,11,2024,2024-11
Sri Lanka,ODI,New Zealand v Sri Lanka,New Zealand,Won,45 runs,2024-11-13,Rangiri Dambulla International Stadium,Neutral,1,1,0,0,0,11,2024,2024-11
New Zealand,ODI,New Zealand v Sri Lanka,Sri Lanka,Lost,3 wickets,2024-11-17,Pallekele International Cricket Stadium,Neutral,1,0,1,0,0,11,2024,2024-11
Sri Lanka,ODI,New Zealand v Sri Lanka,New Zealand,Won,3 wickets,2024-11-17,Pallekele International Cricket Stadium,Neutral,1,1,0,0,0,11,2024,2024-11
New Zealand,ODI,New Zealand v Sri Lanka,Sri Lanka,No Result,No Result,2024-11-19,Pallekele International Cricket Stadium,Neutral,1,0,0,0,1,11,2024,2024-11
Sri Lanka,ODI,New Zealand v Sri Lanka,New Zealand,No Result,No Result,2024-11-19,Pallekele International Cricket Stadium,Neutral,1,0,0,0,1,11,2024,2024-11
Pakistan,ODI,Pakistan v Zimbabwe,Zimbabwe,Lost,80 runs,2024-11-24,"Queens Sports Club, Bulawayo",Neutral,1,0,1,0,0,11,2024,2024-11
Zimbabwe,ODI,Pakistan v Zimbabwe,Pakistan,Won,80 runs,2024-11-24,"Queens Sports Club, Bulawayo",Neutral,1,1,0,0,0,11,2024,2024-11
Pakistan,ODI,Pakistan v Zimbabwe,Zimbabwe,Won,10 wickets,2024-11-26,"Queens Sports Club, Bulawayo",Neutral,1,1,0,0,0,11,2024,2024-11
Zimbabwe,ODI,Pakistan v Zimbabwe,Pakistan,Lost,10 wickets,2024-11-26,"Queens Sports Club, Bulawayo",Neutral,1,0,1,0,0,11,2024,2024-11
Pakistan,ODI,Pakistan v Zimbabwe,Zimbabwe,Won,99 runs,2024-11-28,"Queens Sports Club, Bulawayo",Neutral,1,1,0,0,0,11,2024,2024-11
Zimbabwe,ODI,Pakistan v Zimbabwe,Pakistan,Lost,99 runs,2024-11-28,"Queens Sports Club, Bulawayo",Neutral,1,0,1,0,0,11,2024,2024-11
Bangladesh,ODI,Bangladesh v West Indies,West Indies,Lost,5 wickets,2024-12-08,"Warner Park, Basseterre, St Kitts",Neutral,1,0,1,0,0,12,2024,2024-12
West Indies,ODI,Bangladesh v West Indies,Bangladesh,Won,5 wickets,2024-12-08,"Warner Park, Basseterre, St Kitts",Neutral,1,1,0,0,0,12,2024,2024-12
Bangladesh,ODI,Bangladesh v West Indies,West Indies,Lost,7 wickets,2024-12-10,"Warner Park, Basseterre, St Kitts",Neutral,1,0,1,0,0,12,2024,2024-12
West Indies,ODI,Bangladesh v West Indies,Bangladesh,Won,7 wickets,2024-12-10,"Warner Park, Basseterre, St Kitts",Neutral,1,1,0,0,0,12,2024,2024-12
Bangladesh,ODI,Bangladesh v West Indies,West Indies,Lost,4 wickets,2024-12-12,"Warner Park, Basseterre, St Kitts",Neutral,1,0,1,0,0,12,2024,2024-12
West Indies,ODI,Bangladesh v West Indies,Bangladesh,Won,4 wickets,2024-12-12,"Warner Park, Basseterre, St Kitts",Neutral,1,1,0,0,0,12,2024,2024-12
Pakistan,ODI,Pakistan v South Africa,South Africa,Won,3 wickets,2024-12-17,"Boland Park, Paarl",Neutral,1,1,0,0,0,12,2024,2024-12
South Africa,ODI,Pakistan v South Africa,Pakistan,Lost,3 wickets,2024-12-17,"Boland Park, Paarl",Neutral,1,0,1,0,0,12,2024,2024-12
Pakistan,ODI,Pakistan v South Africa,South Africa,Won,81 runs,2024-12-19,"Newlands, Cape Town",Neutral,1,1,0,0,0,12,2024,2024-12
South Africa,ODI,Pakistan v South Africa,Pakistan,Lost,81 runs,2024-12-19,"Newlands, Cape Town",Neutral,1,0,1,0,0,12,2024,2024-12
Pakistan,ODI,Pakistan v South Africa,South Africa,Won,36 runs,2024-12-22,"The Wanderers Stadium, Johannesburg",Neutral,1,1,0,0,0,12,2024,2024-12
South Africa,ODI,Pakistan v South Africa,Pakistan,Lost,36 runs,2024-12-22,"The Wanderers Stadium, Johannesburg",Neutral,1,0,1,0,0,12,2024,2024-12
New Zealand,ODI,New Zealand v Sri Lanka,Sri Lanka,Won,9 wickets,2025-01-05,"Basin Reserve, Wellington",Neutral,1,1,0,0,0,1,2025,2025-01
Sri Lanka,ODI,New Zealand v Sri Lanka,New Zealand,Lost,9 wickets,2025-01-05,"Basin Reserve, Wellington",Neutral,1,0,1,0,0,1,2025,2025-01
New Zealand,ODI,New Zealand v Sri Lanka,Sri Lanka,Won,113 runs,2025-01-08,"Seddon Park, Hamilton",Neutral,1,1,0,0,0,1,2025,2025-01
Sri Lanka,ODI,New Zealand v Sri Lanka,New Zealand,Lost,113 runs,2025-01-08,"Seddon Park, Hamilton",Neutral,1,0,1,0,0,1,2025,2025-01
New Zealand,ODI,New Zealand v Sri Lanka,Sri Lanka,Lost,140 runs,2025-01-11,"Eden Park, Auckland",Neutral,1,0,1,0,0,1,2025,2025-01
Sri Lanka,ODI,New Zealand v Sri Lanka,New Zealand,Won,140 runs,2025-01-11,"Eden Park, Auckland",Neutral,1,1,0,0,0,1,2025,2025-01
England,ODI,England v India,India,Lost,4 wickets,2025-02-06,"Vidarbha Cricket Association Stadium, Jamtha, Nagpur",Neutral,1,0,1,0,0,2,2025,2025-02
India,ODI,England v India,England,Won,4 wickets,2025-02-06,"Vidarbha Cricket Association Stadium, Jamtha, Nagpur",Neutral,1,1,0,0,0,2,2025,2025-02
New Zealand,ODI,New Zealand v Pakistan,Pakistan,Won,78 runs,2025-02-08,"Gaddafi Stadium, Lahore",Neutral,1,1,0,0,0,2,2025,2025-02
Pakistan,ODI,New Zealand v Pakistan,New Zealand,Lost,78 runs,2025-02-08,"Gaddafi Stadium, Lahore",Neutral,1,0,1,0,0,2,2025,2025-02
Namibia,ODI,Namibia v United States of America,United States of America,Lost,114 runs,2025-02-08,Al Amerat Cricket Ground Oman Cricket (Ministry Turf 1),Neutral,1,0,1,0,0,2,2025,2025-02
United States of America,ODI,Namibia v United States of America,Namibia,Won,114 runs,2025-02-08,Al Amerat Cricket Ground Oman Cricket (Ministry Turf 1),Neutral,1,1,0,0,0,2,2025,2025-02
England,ODI,England v India,India,Lost,4 wickets,2025-02-09,"Barabati Stadium, Cuttack",Neutral,1,0,1,0,0,2,2025,2025-02
India,ODI,England v India,England,Won,4 wickets,2025-02-09,"Barabati Stadium, Cuttack",Neutral,1,1,0,0,0,2,2025,2025-02
New Zealand,ODI,New Zealand v South Africa,South Africa,Won,6 wickets,2025-02-10,"Gaddafi Stadium, Lahore",Neutral,1,1,0,0,0,2,2025,2025-02
South Africa,ODI,New Zealand v South Africa,New Zealand,Lost,6 wickets,2025-02-10,"Gaddafi Stadium, Lahore",Neutral,1,0,1,0,0,2,2025,2025-02
Namibia,ODI,Namibia v Oman,Oman,Won,23 runs,2025-02-10,Al Amerat Cricket Ground Oman Cricket (Ministry Turf 1),Neutral,1,1,0,0,0,2,2025,2025-02
Oman,ODI,Namibia v Oman,Namibia,Lost,23 runs,2025-02-10,Al Amerat Cricket Ground Oman Cricket (Ministry Turf 1),Neutral,1,0,1,0,0,2,2025,2025-02
England,ODI,England v India,India,Lost,142 runs,2025-02-12,"Narendra Modi Stadium, Ahmedabad",Neutral,1,0,1,0,0,2,2025,2025-02
India,ODI,England v India,England,Won,142 runs,2025-02-12,"Narendra Modi Stadium, Ahmedabad",Neutral,1,1,0,0,0,2,2025,2025-02
Pakistan,ODI,Pakistan v South Africa,South Africa,Won,6 wickets,2025-02-12,"National Stadium, Karachi",Neutral,1,1,0,0,0,2,2025,2025-02
South Africa,ODI,Pakistan v South Africa,Pakistan,Lost,6 wickets,2025-02-12,"National Stadium, Karachi",Neutral,1,0,1,0,0,2,2025,2025-02
Australia,ODI,Australia v Sri Lanka,Sri Lanka,Lost,49 runs,2025-02-12,"R Premadasa Stadium, Colombo",Neutral,1,0,1,0,0,2,2025,2025-02
Sri Lanka,ODI,Australia v Sri Lanka,Australia,Won,49 runs,2025-02-12,"R Premadasa Stadium, Colombo",Neutral,1,1,0,0,0,2,2025,2025-02
Oman,ODI,Oman v United States of America,United States of America,Won,7 wickets,2025-02-12,Al Amerat Cricket Ground Oman Cricket (Ministry Turf 1),Neutral,1,1,0,0,0,2,2025,2025-02
United States of America,ODI,Oman v United States of America,Oman,Lost,7 wickets,2025-02-12,Al Amerat Cricket Ground Oman Cricket (Ministry Turf 1),Neutral,1,0,1,0,0,2,2025,2025-02
New Zealand,ODI,New Zealand v Pakistan,Pakistan,Won,5 wickets,2025-02-14,"National Stadium, Karachi",Neutral,1,1,0,0,0,2,2025,2025-02
Pakistan,ODI,New Zealand v Pakistan,New Zealand,Lost,5 wickets,2025-02-14,"National Stadium, Karachi",Neutral,1,0,1,0,0,2,2025,2025-02
Ireland,ODI,Ireland v Zimbabwe,Zimbabwe,Lost,49 runs,2025-02-14,Harare Sports Club,Neutral,1,0,1,0,0,2,2025,2025-02
Zimbabwe,ODI,Ireland v Zimbabwe,Ireland,Won,49 runs,2025-02-14,Harare Sports Club,Neutral,1,1,0,0,0,2,2025,2025-02
Namibia,ODI,Namibia v United States of America,United States of America,Lost,70 runs,2025-02-14,Al Amerat Cricket Ground Oman Cricket (Ministry Turf 1),Neutral,1,0,1,0,0,2,2025,2025-02
United States of America,ODI,Namibia v United States of America,Namibia,Won,70 runs,2025-02-14,Al Amerat Cricket Ground Oman Cricket (Ministry Turf 1),Neutral,1,1,0,0,0,2,2025,2025-02
Australia,ODI,Australia v Sri Lanka,Sri Lanka,Lost,174 runs,2025-02-14,"R Premadasa Stadium, Colombo",Neutral,1,0,1,0,0,2,2025,2025-02
Sri Lanka,ODI,Australia v Sri Lanka,Australia,Won,174 runs,2025-02-14,"R Premadasa Stadium, Colombo",Neutral,1,1,0,0,0,2,2025,2025-02
Ireland,ODI,Ireland v Zimbabwe,Zimbabwe,Won,6 wickets,2025-02-16,Harare Sports Club,Neutral,1,1,0,0,0,2,2025,2025-02
Zimbabwe,ODI,Ireland v Zimbabwe,Ireland,Lost,6 wickets,2025-02-16,Harare Sports Club,Neutral,1,0,1,0,0,2,2025,2025-02
Namibia,ODI,Namibia v Oman,Oman,Lost,2 wickets,2025-02-16,Al Amerat Cricket Ground Oman Cricket (Ministry Turf 1),Neutral,1,0,1,0,0,2,2025,2025-02
Oman,ODI,Namibia v Oman,Namibia,Won,2 wickets,2025-02-16,Al Amerat Cricket Ground Oman Cricket (Ministry Turf 1),Neutral,1,1,0,0,0,2,2025,2025-02
Ireland,ODI,Ireland v Zimbabwe,Zimbabwe,Lost,9 wickets,2025-02-18,Harare Sports Club,Neutral,1,0,1,0,0,2,2025,2025-02
Zimbabwe,ODI,Ireland v Zimbabwe,Ireland,Won,9 wickets,2025-02-18,Harare Sports Club,Neutral,1,1,0,0,0,2,2025,2025-02
Oman,ODI,Oman v United States of America,United States of America,Lost,57 runs,2025-02-18,Al Amerat Cricket Ground Oman Cricket (Ministry Turf 1),Neutral,1,0,1,0,0,2,2025,2025-02
United States of America,ODI,Oman v United States of America,Oman,Won,57 runs,2025-02-18,Al Amerat Cricket Ground Oman Cricket (Ministry Turf 1),Neutral,1,1,0,0,0,2,2025,2025-02
New Zealand,ODI,New Zealand v Pakistan,Pakistan,Won,60 runs,2025-02-19,"National Stadium, Karachi",Neutral,1,1,0,0,0,2,2025,2025-02
Pakistan,ODI,New Zealand v Pakistan,New Zealand,Lost,60 runs,2025-02-19,"National Stadium, Karachi",Neutral,1,0,1,0,0,2,2025,2025-02
Bangladesh,ODI,Bangladesh v India,India,Lost,6 wickets,2025-02-20,Dubai International Cricket Stadium,Neutral,1,0,1,0,0,2,2025,2025-02
India,ODI,Bangladesh v India,Bangladesh,Won,6 wickets,2025-02-20,Dubai International Cricket Stadium,Neutral,1,1,0,0,0,2,2025,2025-02
Australia,ODI,Australia v England,England,Won,5 wickets,2025-02-22,"Gaddafi Stadium, Lahore",Neutral,1,1,0,0,0,2,2025,2025-02
England,ODI,Australia v England,Australia,Lost,5 wickets,2025-02-22,"Gaddafi Stadium, Lahore",Neutral,1,0,1,0,0,2,2025,2025-02
India,ODI,India v Pakistan,Pakistan,Won,6 wickets,2025-02-23,Dubai International Cricket Stadium,Neutral,1,1,0,0,0,2,2025,2025-02
Pakistan,ODI,India v Pakistan,India,Lost,6 wickets,2025-02-23,Dubai International Cricket Stadium,Neutral,1,0,1,0,0,2,2025,2025-02
Bangladesh,ODI,Bangladesh v New Zealand,New Zealand,Lost,5 wickets,2025-02-24,Rawalpindi Cricket Stadium,Neutral,1,0,1,0,0,2,2025,2025-02
New Zealand,ODI,Bangladesh v New Zealand,Bangladesh,Won,5 wickets,2025-02-24,Rawalpindi Cricket Stadium,Neutral,1,1,0,0,0,2,2025,2025-02
England,ODI,England v South Africa,South Africa,Lost,7 wickets,2025-03-01,"National Stadium, Karachi",Neutral,1,0,1,0,0,3,2025,2025-03
South Africa,ODI,England v South Africa,England,Won,7 wickets,2025-03-01,"National Stadium, Karachi",Neutral,1,1,0,0,0,3,2025,2025-03
India,ODI,India v New Zealand,New Zealand,Won,44 runs,2025-03-02,Dubai International Cricket Stadium,Neutral,1,1,0,0,0,3,2025,2025-03
New Zealand,ODI,India v New Zealand,India,Lost,44 runs,2025-03-02,Dubai International Cricket Stadium,Neutral,1,0,1,0,0,3,2025,2025-03
Australia,ODI,Australia v India,India,Lost,4 wickets,2025-03-04,Dubai International Cricket Stadium,Neutral,1,0,1,0,0,3,2025,2025-03
India,ODI,Australia v India,Australia,Won,4 wickets,2025-03-04,Dubai International Cricket Stadium,Neutral,1,1,0,0,0,3,2025,2025-03
New Zealand,ODI,New Zealand v South Africa,South Africa,Won,50 runs,2025-03-05,"Gaddafi Stadium, Lahore",Neutral,1,1,0,0,0,3,2025,2025-03
South Africa,ODI,New Zealand v South Africa,New Zealand,Lost,50 runs,2025-03-05,"Gaddafi Stadium, Lahore",Neutral,1,0,1,0,0,3,2025,2025-03
Namibia,ODI,Namibia v Netherlands,Netherlands,Lost,53 runs,2025-03-07,"Wanderers Cricket Ground, Windhoek",Neutral,1,0,1,0,0,3,2025,2025-03
Netherlands,ODI,Namibia v Netherlands,Namibia,Won,53 runs,2025-03-07,"Wanderers Cricket Ground, Windhoek",Neutral,1,1,0,0,0,3,2025,2025-03
India,ODI,India v New Zealand,New Zealand,Won,4 wickets,2025-03-09,Dubai International Cricket Stadium,Neutral,1,1,0,0,0,3,2025,2025-03
New Zealand,ODI,India v New Zealand,India,Lost,4 wickets,2025-03-09,Dubai International Cricket Stadium,Neutral,1,0,1,0,0,3,2025,2025-03
Canada,ODI,Canada v Namibia,Namibia,Tied,Tie,2025-03-09,"Wanderers Cricket Ground, Windhoek",Neutral,1,0,0,1,0,3,2025,2025-03
Namibia,ODI,Canada v Namibia,Canada,Tied,Tie,2025-03-09,"Wanderers Cricket Ground, Windhoek",Neutral,1,0,0,1,0,3,2025,2025-03
Namibia,ODI,Namibia v Netherlands,Netherlands,Lost,7 wickets,2025-03-13,"Wanderers Cricket Ground, Windhoek",Neutral,1,0,1,0,0,3,2025,2025-03
Netherlands,ODI,Namibia v Netherlands,Namibia,Won,7 wickets,2025-03-13,"Wanderers Cricket Ground, Windhoek",Neutral,1,1,0,0,0,3,2025,2025-03
Canada,ODI,Canada v Namibia,Namibia,Lost,12 runs,2025-03-15,"Wanderers Cricket Ground, Windhoek",Neutral,1,0,1,0,0,3,2025,2025-03
Namibia,ODI,Canada v Namibia,Canada,Won,12 runs,2025-03-15,"Wanderers Cricket Ground, Windhoek",Neutral,1,1,0,0,0,3,2025,2025-03
New Zealand,ODI,New Zealand v Pakistan,Pakistan,Won,73 runs,2025-03-29,"McLean Park, Napier",Neutral,1,1,0,0,0,3,2025,2025-03
Pakistan,ODI,New Zealand v Pakistan,New Zealand,Lost,73 runs,2025-03-29,"McLean Park, Napier",Neutral,1,0,1,0,0,3,2025,2025-03
New Zealand,ODI,New Zealand v Pakistan,Pakistan,Won,84 runs,2025-04-02,"Seddon Park, Hamilton",Neutral,1,1,0,0,0,4,2025,2025-04
Pakistan,ODI,New Zealand v Pakistan,New Zealand,Lost,84 runs,2025-04-02,"Seddon Park, Hamilton",Neutral,1,0,1,0,0,4,2025,2025-04
New Zealand,ODI,New Zealand v Pakistan,Pakistan,Won,43 runs,2025-04-05,"Bay Oval, Mount Maunganui",Neutral,1,1,0,0,0,4,2025,2025-04
Pakistan,ODI,New Zealand v Pakistan,New Zealand,Lost,43 runs,2025-04-05,"Bay Oval, Mount Maunganui",Neutral,1,0,1,0,0,4,2025,2025-04
Scotland,ODI,Scotland v United Arab Emirates,United Arab Emirates,Won,3 wickets,2025-05-04,"VRA Ground, Amstelveen",Neutral,1,1,0,0,0,5,2025,2025-05
United Arab Emirates,ODI,Scotland v United Arab Emirates,Scotland,Lost,3 wickets,2025-05-04,"VRA Ground, Amstelveen",Neutral,1,0,1,0,0,5,2025,2025-05
Netherlands,ODI,Netherlands v United Arab Emirates,United Arab Emirates,Won,113 runs,2025-05-06,"VRA Ground, Amstelveen",Neutral,1,1,0,0,0,5,2025,2025-05
United Arab Emirates,ODI,Netherlands v United Arab Emirates,Netherlands,Lost,113 runs,2025-05-06,"VRA Ground, Amstelveen",Neutral,1,0,1,0,0,5,2025,2025-05
Scotland,ODI,Scotland v United Arab Emirates,United Arab Emirates,Lost,97 runs,2025-05-08,"VRA Ground, Amstelveen",Neutral,1,0,1,0,0,5,2025,2025-05
United Arab Emirates,ODI,Scotland v United Arab Emirates,Scotland,Won,97 runs,2025-05-08,"VRA Ground, Amstelveen",Neutral,1,1,0,0,0,5,2025,2025-05
Netherlands,ODI,Netherlands v Scotland,Scotland,Won,19 runs,2025-05-10,"VRA Ground, Amstelveen",Neutral,1,1,0,0,0,5,2025,2025-05
Scotland,ODI,Netherlands v Scotland,Netherlands,Lost,19 runs,2025-05-10,"VRA Ground, Amstelveen",Neutral,1,0,1,0,0,5,2025,2025-05
Netherlands,ODI,Netherlands v United Arab Emirates,United Arab Emirates,Won,5 wickets,2025-05-12,"Sportpark Maarschalkerweerd, Utrecht",Neutral,1,1,0,0,0,5,2025,2025-05
United Arab Emirates,ODI,Netherlands v United Arab Emirates,Netherlands,Lost,5 wickets,2025-05-12,"Sportpark Maarschalkerweerd, Utrecht",Neutral,1,0,1,0,0,5,2025,2025-05
Scotland,ODI,Scotland v United Arab Emirates,United Arab Emirates,Won,8 wickets,2025-05-14,"Sportpark Maarschalkerweerd, Utrecht",Neutral,1,1,0,0,0,5,2025,2025-05
United Arab Emirates,ODI,Scotland v United Arab Emirates,Scotland,Lost,8 wickets,2025-05-14,"Sportpark Maarschalkerweerd, Utrecht",Neutral,1,0,1,0,0,5,2025,2025-05
Netherlands,ODI,Netherlands v Scotland,Scotland,Lost,145 runs,2025-05-16,"Sportpark Maarschalkerweerd, Utrecht",Neutral,1,0,1,0,0,5,2025,2025-05
Scotland,ODI,Netherlands v Scotland,Netherlands,Won,145 runs,2025-05-16,"Sportpark Maarschalkerweerd, Utrecht",Neutral,1,1,0,0,0,5,2025,2025-05
Canada,ODI,Canada v United States of America,United States of America,Lost,169 runs,2025-05-17,"Central Broward Regional Park Stadium Turf Ground, Lauderhill",Neutral,1,0,1,0,0,5,2025,2025-05
United States of America,ODI,Canada v United States of America,Canada,Won,169 runs,2025-05-17,"Central Broward Regional Park Stadium Turf Ground, Lauderhill",Neutral,1,1,0,0,0,5,2025,2025-05
Canada,ODI,Canada v Oman,Oman,Lost,15 runs,2025-05-19,"Central Broward Regional Park Stadium Turf Ground, Lauderhill",Neutral,1,0,1,0,0,5,2025,2025-05
Oman,ODI,Canada v Oman,Canada,Won,15 runs,2025-05-19,"Central Broward Regional Park Stadium Turf Ground, Lauderhill",Neutral,1,1,0,0,0,5,2025,2025-05
Ireland,ODI,Ireland v West Indies,West Indies,Won,124 runs,2025-05-21,"Castle Avenue, Dublin",Neutral,1,1,0,0,0,5,2025,2025-05
West Indies,ODI,Ireland v West Indies,Ireland,Lost,124 runs,2025-05-21,"Castle Avenue, Dublin",Neutral,1,0,1,0,0,5,2025,2025-05
Oman,ODI,Oman v United States of America,United States of America,Tied,Tie,2025-05-21,"Central Broward Regional Park Stadium Turf Ground, Lauderhill",Neutral,1,0,0,1,0,5,2025,2025-05
United States of America,ODI,Oman v United States of America,Oman,Tied,Tie,2025-05-21,"Central Broward Regional Park Stadium Turf Ground, Lauderhill",Neutral,1,0,0,1,0,5,2025,2025-05
Ireland,ODI,Ireland v West Indies,West Indies,No Result,No Result,2025-05-23,"Castle Avenue, Dublin",Neutral,1,0,0,0,1,5,2025,2025-05
West Indies,ODI,Ireland v West Indies,Ireland,No Result,No Result,2025-05-23,"Castle Avenue, Dublin",Neutral,1,0,0,0,1,5,2025,2025-05
Canada,ODI,Canada v Oman,Oman,Lost,18 runs,2025-05-23,"Central Broward Regional Park Stadium Turf Ground, Lauderhill",Neutral,1,0,1,0,0,5,2025,2025-05
Oman,ODI,Canada v Oman,Canada,Won,18 runs,2025-05-23,"Central Broward Regional Park Stadium Turf Ground, Lauderhill",Neutral,1,1,0,0,0,5,2025,2025-05
Ireland,ODI,Ireland v West Indies,West Indies,Lost,197 runs,2025-05-25,"Castle Avenue, Dublin",Neutral,1,0,1,0,0,5,2025,2025-05
West Indies,ODI,Ireland v West Indies,Ireland,Won,197 runs,2025-05-25,"Castle Avenue, Dublin",Neutral,1,1,0,0,0,5,2025,2025-05
Canada,ODI,Canada v United States of America,United States of America,Lost,88 runs,2025-05-25,"Central Broward Regional Park Stadium Turf Ground, Lauderhill",Neutral,1,0,1,0,0,5,2025,2025-05
United States of America,ODI,Canada v United States of America,Canada,Won,88 runs,2025-05-25,"Central Broward Regional Park Stadium Turf Ground, Lauderhill",Neutral,1,1,0,0,0,5,2025,2025-05
Oman,ODI,Oman v United States of America,United States of America,Lost,9 runs,2025-05-27,"Central Broward Regional Park Stadium Turf Ground, Lauderhill",Neutral,1,0,1,0,0,5,2025,2025-05
United States of America,ODI,Oman v United States of America,Oman,Won,9 runs,2025-05-27,"Central Broward Regional Park Stadium Turf Ground, Lauderhill",Neutral,1,1,0,0,0,5,2025,2025-05
England,ODI,England v West Indies,West Indies,Won,238 runs,2025-05-29,"Edgbaston, Birmingham",Neutral,1,1,0,0,0,5,2025,2025-05
West Indies,ODI,England v West Indies,England,Lost,238 runs,2025-05-29,"Edgbaston, Birmingham",Neutral,1,0,1,0,0,5,2025,2025-05
England,ODI,England v West Indies,West Indies,Won,3 wickets,2025-06-01,"Sophia Gardens, Cardiff",Neutral,1,1,0,0,0,6,2025,2025-06
West Indies,ODI,England v West Indies,England,Lost,3 wickets,2025-06-01,"Sophia Gardens, Cardiff",Neutral,1,0,1,0,0,6,2025,2025-06
Nepal,ODI,Nepal v Scotland,Scotland,Won,1 wickets,2025-06-02,"Forthill, Dundee",Neutral,1,1,0,0,0,6,2025,2025-06
Scotland,ODI,Nepal v Scotland,Nepal,Lost,1 wickets,2025-06-02,"Forthill, Dundee",Neutral,1,0,1,0,0,6,2025,2025-06
England,ODI,England v West Indies,West Indies,Won,7 wickets,2025-06-03,"Kennington Oval, London",Neutral,1,1,0,0,0,6,2025,2025-06
West Indies,ODI,England v West Indies,England,Lost,7 wickets,2025-06-03,"Kennington Oval, London",Neutral,1,0,1,0,0,6,2025,2025-06
Nepal,ODI,Nepal v Netherlands,Netherlands,Won,5 wickets,2025-06-04,"Forthill, Dundee",Neutral,1,1,0,0,0,6,2025,2025-06
Netherlands,ODI,Nepal v Netherlands,Nepal,Lost,5 wickets,2025-06-04,"Forthill, Dundee",Neutral,1,0,1,0,0,6,2025,2025-06
Netherlands,ODI,Netherlands v Scotland,Scotland,Lost,44 runs,2025-06-06,"Forthill, Dundee",Neutral,1,0,1,0,0,6,2025,2025-06
Scotland,ODI,Netherlands v Scotland,Netherlands,Won,44 runs,2025-06-06,"Forthill, Dundee",Neutral,1,1,0,0,0,6,2025,2025-06
Nepal,ODI,Nepal v Scotland,Scotland,Lost,2 runs,2025-06-08,"Forthill, Dundee",Neutral,1,0,1,0,0,6,2025,2025-06
Scotland,ODI,Nepal v Scotland,Nepal,Won,2 runs,2025-06-08,"Forthill, Dundee",Neutral,1,1,0,0,0,6,2025,2025-06
Nepal,ODI,Nepal v Netherlands,Netherlands,Won,16 runs,2025-06-10,"Forthill, Dundee",Neutral,1,1,0,0,0,6,2025,2025-06
Netherlands,ODI,Nepal v Netherlands,Nepal,Lost,16 runs,2025-06-10,"Forthill, Dundee",Neutral,1,0,1,0,0,6,2025,2025-06
Netherlands,ODI,Netherlands v Scotland,Scotland,Won,4 wickets,2025-06-12,"Forthill, Dundee",Neutral,1,1,0,0,0,6,2025,2025-06
Scotland,ODI,Netherlands v Scotland,Netherlands,Lost,4 wickets,2025-06-12,"Forthill, Dundee",Neutral,1,0,1,0,0,6,2025,2025-06
Bangladesh,ODI,Bangladesh v Sri Lanka,Sri Lanka,Lost,77 runs,2025-07-02,"R Premadasa Stadium, Colombo",Neutral,1,0,1,0,0,7,2025,2025-07
Sri Lanka,ODI,Bangladesh v Sri Lanka,Bangladesh,Won,77 runs,2025-07-02,"R Premadasa Stadium, Colombo",Neutral,1,1,0,0,0,7,2025,2025-07
Bangladesh,ODI,Bangladesh v Sri Lanka,Sri Lanka,Won,16 runs,2025-07-05,"R Premadasa Stadium, Colombo",Neutral,1,1,0,0,0,7,2025,2025-07
Sri Lanka,ODI,Bangladesh v Sri Lanka,Bangladesh,Lost,16 runs,2025-07-05,"R Premadasa Stadium, Colombo",Neutral,1,0,1,0,0,7,2025,2025-07
Bangladesh,ODI,Bangladesh v Sri Lanka,Sri Lanka,Lost,99 runs,2025-07-08,Pallekele International Cricket Stadium,Neutral,1,0,1,0,0,7,2025,2025-07
Sri Lanka,ODI,Bangladesh v Sri Lanka,Bangladesh,Won,99 runs,2025-07-08,Pallekele International Cricket Stadium,Neutral,1,1,0,0,0,7,2025,2025-07
Pakistan,ODI,Pakistan v West Indies,West Indies,Won,5 wickets,2025-08-08,"Brian Lara Stadium, Tarouba, Trinidad",Neutral,1,1,0,0,0,8,2025,2025-08
West Indies,ODI,Pakistan v West Indies,Pakistan,Lost,5 wickets,2025-08-08,"Brian Lara Stadium, Tarouba, Trinidad",Neutral,1,0,1,0,0,8,2025,2025-08
Pakistan,ODI,Pakistan v West Indies,West Indies,Lost,5 wickets,2025-08-10,"Brian Lara Stadium, Tarouba, Trinidad",Neutral,1,0,1,0,0,8,2025,2025-08
West Indies,ODI,Pakistan v West Indies,Pakistan,Won,5 wickets,2025-08-10,"Brian Lara Stadium, Tarouba, Trinidad",Neutral,1,1,0,0,0,8,2025,2025-08
Pakistan,ODI,Pakistan v West Indies,West Indies,Lost,202 runs,2025-08-12,"Brian Lara Stadium, Tarouba, Trinidad",Neutral,1,0,1,0,0,8,2025,2025-08
West Indies,ODI,Pakistan v West Indies,Pakistan,Won,202 runs,2025-08-12,"Brian Lara Stadium, Tarouba, Trinidad",Neutral,1,1,0,0,0,8,2025,2025-08
Australia,ODI,Australia v South Africa,South Africa,Lost,98 runs,2025-08-19,"Cazaly's Stadium, Cairns",Neutral,1,0,1,0,0,8,2025,2025-08
South Africa,ODI,Australia v South Africa,Australia,Won,98 runs,2025-08-19,"Cazaly's Stadium, Cairns",Neutral,1,1,0,0,0,8,2025,2025-08
Australia,ODI,Australia v South Africa,South Africa,Lost,84 runs,2025-08-22,"Great Barrier Reef Arena, Mackay",Neutral,1,0,1,0,0,8,2025,2025-08
South Africa,ODI,Australia v South Africa,Australia,Won,84 runs,2025-08-22,"Great Barrier Reef Arena, Mackay",Neutral,1,1,0,0,0,8,2025,2025-08
Australia,ODI,Australia v South Africa,South Africa,Won,276 runs,2025-08-24,"Great Barrier Reef Arena, Mackay",Neutral,1,1,0,0,0,8,2025,2025-08
South Africa,ODI,Australia v South Africa,Australia,Lost,276 runs,2025-08-24,"Great Barrier Reef Arena, Mackay",Neutral,1,0,1,0,0,8,2025,2025-08
Canada,ODI,Canada v Namibia,Namibia,Lost,5 wickets,2025-08-27,"Maple Leaf North-West Ground, King City",Neutral,1,0,1,0,0,8,2025,2025-08
Namibia,ODI,Canada v Namibia,Canada,Won,5 wickets,2025-08-27,"Maple Leaf North-West Ground, King City",Neutral,1,1,0,0,0,8,2025,2025-08
Sri Lanka,ODI,Sri Lanka v Zimbabwe,Zimbabwe,Won,7 runs,2025-08-29,Harare Sports Club,Neutral,1,1,0,0,0,8,2025,2025-08
Zimbabwe,ODI,Sri Lanka v Zimbabwe,Sri Lanka,Lost,7 runs,2025-08-29,Harare Sports Club,Neutral,1,0,1,0,0,8,2025,2025-08
Sri Lanka,ODI,Sri Lanka v Zimbabwe,Zimbabwe,Won,5 wickets,2025-08-31,Harare Sports Club,Neutral,1,1,0,0,0,8,2025,2025-08
Zimbabwe,ODI,Sri Lanka v Zimbabwe,Sri Lanka,Lost,5 wickets,2025-08-31,Harare Sports Club,Neutral,1,0,1,0,0,8,2025,2025-08
Canada,ODI,Canada v Scotland,Scotland,Lost,7 wickets,2025-08-31,"Maple Leaf North-West Ground, King City",Neutral,1,0,1,0,0,8,2025,2025-08
Scotland,ODI,Canada v Scotland,Canada,Won,7 wickets,2025-08-31,"Maple Leaf North-West Ground, King City",Neutral,1,1,0,0,0,8,2025,2025-08
England,ODI,England v South Africa,South Africa,Lost,7 wickets,2025-09-02,"Headingley, Leeds",Neutral,1,0,1,0,0,9,2025,2025-09
South Africa,ODI,England v South Africa,England,Won,7 wickets,2025-09-02,"Headingley, Leeds",Neutral,1,1,0,0,0,9,2025,2025-09
Canada,ODI,Canada v Namibia,Namibia,Lost,24 runs,2025-09-02,"Maple Leaf North-West Ground, King City",Neutral,1,0,1,0,0,9,2025,2025-09
Namibia,ODI,Canada v Namibia,Canada,Won,24 runs,2025-09-02,"Maple Leaf North-West Ground, King City",Neutral,1,1,0,0,0,9,2025,2025-09
England,ODI,England v South Africa,South Africa,Lost,5 runs,2025-09-04,"Lord's, London",Neutral,1,0,1,0,0,9,2025,2025-09
South Africa,ODI,England v South Africa,England,Won,5 runs,2025-09-04,"Lord's, London",Neutral,1,1,0,0,0,9,2025,2025-09
Namibia,ODI,Namibia v Scotland,Scotland,Lost,55 runs,2025-09-04,"Maple Leaf North-West Ground, King City",Neutral,1,0,1,0,0,9,2025,2025-09
Scotland,ODI,Namibia v Scotland,Namibia,Won,55 runs,2025-09-04,"Maple Leaf North-West Ground, King City",Neutral,1,1,0,0,0,9,2025,2025-09
England,ODI,England v South Africa,South Africa,Won,342 runs,2025-09-07,"The Rose Bowl, Southampton",Neutral,1,1,0,0,0,9,2025,2025-09
South Africa,ODI,England v South Africa,England,Lost,342 runs,2025-09-07,"The Rose Bowl, Southampton",Neutral,1,0,1,0,0,9,2025,2025-09
Bangladesh,ODI,Bangladesh v West Indies,West Indies,Won,74 runs,2025-10-18,"Shere Bangla National Stadium, Mirpur",Neutral,1,1,0,0,0,10,2025,2025-10
West Indies,ODI,Bangladesh v West Indies,Bangladesh,Lost,74 runs,2025-10-18,"Shere Bangla National Stadium, Mirpur",Neutral,1,0,1,0,0,10,2025,2025-10
Australia,ODI,Australia v India,India,Won,7 wickets,2025-10-19,Perth Stadium,Neutral,1,1,0,0,0,10,2025,2025-10
India,ODI,Australia v India,Australia,Lost,7 wickets,2025-10-19,Perth Stadium,Neutral,1,0,1,0,0,10,2025,2025-10
Bangladesh,ODI,Bangladesh v West Indies,West Indies,Tied,Tie,2025-10-21,"Shere Bangla National Stadium, Mirpur",Neutral,1,0,0,1,0,10,2025,2025-10
West Indies,ODI,Bangladesh v West Indies,Bangladesh,Tied,Tie,2025-10-21,"Shere Bangla National Stadium, Mirpur",Neutral,1,0,0,1,0,10,2025,2025-10
Australia,ODI,Australia v India,India,Won,2 wickets,2025-10-23,Adelaide Oval,Neutral,1,1,0,0,0,10,2025,2025-10
India,ODI,Australia v India,Australia,Lost,2 wickets,2025-10-23,Adelaide Oval,Neutral,1,0,1,0,0,10,2025,2025-10
Bangladesh,ODI,Bangladesh v West Indies,West Indies,Won,179 runs,2025-10-23,"Shere Bangla National Stadium, Mirpur",Neutral,1,1,0,0,0,10,2025,2025-10
West Indies,ODI,Bangladesh v West Indies,Bangladesh,Lost,179 runs,2025-10-23,"Shere Bangla National Stadium, Mirpur",Neutral,1,0,1,0,0,10,2025,2025-10
Australia,ODI,Australia v India,India,Lost,9 wickets,2025-10-25,Sydney Cricket Ground,Neutral,1,0,1,0,0,10,2025,2025-10
India,ODI,Australia v India,Australia,Won,9 wickets,2025-10-25,Sydney Cricket Ground,Neutral,1,1,0,0,0,10,2025,2025-10
England,ODI,England v New Zealand,New Zealand,Lost,4 wickets,2025-10-26,"Bay Oval, Mount Maunganui",Neutral,1,0,1,0,0,10,2025,2025-10
New Zealand,ODI,England v New Zealand,England,Won,4 wickets,2025-10-26,"Bay Oval, Mount Maunganui",Neutral,1,1,0,0,0,10,2025,2025-10
Nepal,ODI,Nepal v United States of America,United States of America,Lost,106 runs,2025-10-26,Dubai International Cricket Stadium,Neutral,1,0,1,0,0,10,2025,2025-10
United States of America,ODI,Nepal v United States of America,Nepal,Won,106 runs,2025-10-26,Dubai International Cricket Stadium,Neutral,1,1,0,0,0,10,2025,2025-10
United Arab Emirates,ODI,United Arab Emirates v United States of America,United States of America,Lost,4 wickets,2025-10-28,Dubai International Cricket Stadium,Neutral,1,0,1,0,0,10,2025,2025-10
United States of America,ODI,United Arab Emirates v United States of America,United Arab Emirates,Won,4 wickets,2025-10-28,Dubai International Cricket Stadium,Neutral,1,1,0,0,0,10,2025,2025-10
England,ODI,England v New Zealand,New Zealand,Lost,5 wickets,2025-10-29,"Seddon Park, Hamilton",Neutral,1,0,1,0,0,10,2025,2025-10
New Zealand,ODI,England v New Zealand,England,Won,5 wickets,2025-10-29,"Seddon Park, Hamilton",Neutral,1,1,0,0,0,10,2025,2025-10
Nepal,ODI,Nepal v United Arab Emirates,United Arab Emirates,Lost,5 wickets,2025-10-30,"ICC Academy, Dubai",Neutral,1,0,1,0,0,10,2025,2025-10
United Arab Emirates,ODI,Nepal v United Arab Emirates,Nepal,Won,5 wickets,2025-10-30,"ICC Academy, Dubai",Neutral,1,1,0,0,0,10,2025,2025-10
England,ODI,England v New Zealand,New Zealand,Lost,2 wickets,2025-11-01,"Sky Stadium, Wellington",Neutral,1,0,1,0,0,11,2025,2025-11
New Zealand,ODI,England v New Zealand,England,Won,2 wickets,2025-11-01,"Sky Stadium, Wellington",Neutral,1,1,0,0,0,11,2025,2025-11
Nepal,ODI,Nepal v United States of America,United States of America,Lost,4 wickets,2025-11-01,"ICC Academy, Dubai",Neutral,1,0,1,0,0,11,2025,2025-11
United States of America,ODI,Nepal v United States of America,Nepal,Won,4 wickets,2025-11-01,"ICC Academy, Dubai",Neutral,1,1,0,0,0,11,2025,2025-11
United Arab Emirates,ODI,United Arab Emirates v United States of America,United States of America,Lost,243 runs,2025-11-03,Dubai International Cricket Stadium,Neutral,1,0,1,0,0,11,2025,2025-11
United States of America,ODI,United Arab Emirates v United States of America,United Arab Emirates,Won,243 runs,2025-11-03,Dubai International Cricket Stadium,Neutral,1,1,0,0,0,11,2025,2025-11
Pakistan,ODI,Pakistan v South Africa,South Africa,Won,2 wickets,2025-11-04,"Iqbal Stadium, Faisalabad",Neutral,1,1,0,0,0,11,2025,2025-11
South Africa,ODI,Pakistan v South Africa,Pakistan,Lost,2 wickets,2025-11-04,"Iqbal Stadium, Faisalabad",Neutral,1,0,1,0,0,11,2025,2025-11
Nepal,ODI,Nepal v United Arab Emirates,United Arab Emirates,Lost,4 wickets,2025-11-05,"ICC Academy, Dubai",Neutral,1,0,1,0,0,11,2025,2025-11
United Arab Emirates,ODI,Nepal v United Arab Emirates,Nepal,Won,4 wickets,2025-11-05,"ICC Academy, Dubai",Neutral,1,1,0,0,0,11,2025,2025-11
Pakistan,ODI,Pakistan v South Africa,South Africa,Lost,8 wickets,2025-11-06,"Iqbal Stadium, Faisalabad",Neutral,1,0,1,0,0,11,2025,2025-11
South Africa,ODI,Pakistan v South Africa,Pakistan,Won,8 wickets,2025-11-06,"Iqbal Stadium, Faisalabad",Neutral,1,1,0,0,0,11,2025,2025-11
Pakistan,ODI,Pakistan v South Africa,South Africa,Won,7 wickets,2025-11-08,"Iqbal Stadium, Faisalabad",Neutral,1,1,0,0,0,11,2025,2025-11
South Africa,ODI,Pakistan v South Africa,Pakistan,Lost,7 wickets,2025-11-08,"Iqbal Stadium, Faisalabad",Neutral,1,0,1,0,0,11,2025,2025-11
Pakistan,ODI,Pakistan v Sri Lanka,Sri Lanka,Won,6 runs,2025-11-11,Rawalpindi Cricket Stadium,Neutral,1,1,0,0,0,11,2025,2025-11
Sri Lanka,ODI,Pakistan v Sri Lanka,Pakistan,Lost,6 runs,2025-11-11,Rawalpindi Cricket Stadium,Neutral,1,0,1,0,0,11,2025,2025-11
Pakistan,ODI,Pakistan v Sri Lanka,Sri Lanka,Won,8 wickets,2025-11-14,Rawalpindi Cricket Stadium,Neutral,1,1,0,0,0,11,2025,2025-11
Sri Lanka,ODI,Pakistan v Sri Lanka,Pakistan,Lost,8 wickets,2025-11-14,Rawalpindi Cricket Stadium,Neutral,1,0,1,0,0,11,2025,2025-11
New Zealand,ODI,New Zealand v West Indies,West Indies,Won,7 runs,2025-11-16,"Hagley Oval, Christchurch",Neutral,1,1,0,0,0,11,2025,2025-11
West Indies,ODI,New Zealand v West Indies,New Zealand,Lost,7 runs,2025-11-16,"Hagley Oval, Christchurch",Neutral,1,0,1,0,0,11,2025,2025-11
Pakistan,ODI,Pakistan v Sri Lanka,Sri Lanka,Won,6 wickets,2025-11-16,Rawalpindi Cricket Stadium,Neutral,1,1,0,0,0,11,2025,2025-11
Sri Lanka,ODI,Pakistan v Sri Lanka,Pakistan,Lost,6 wickets,2025-11-16,Rawalpindi Cricket Stadium,Neutral,1,0,1,0,0,11,2025,2025-11
New Zealand,ODI,New Zealand v West Indies,West Indies,Won,5 wickets,2025-11-19,"McLean Park, Napier",Neutral,1,1,0,0,0,11,2025,2025-11
West Indies,ODI,New Zealand v West Indies,New Zealand,Lost,5 wickets,2025-11-19,"McLean Park, Napier",Neutral,1,0,1,0,0,11,2025,2025-11
New Zealand,ODI,New Zealand v West Indies,West Indies,Won,4 wickets,2025-11-22,"Seddon Park, Hamilton",Neutral,1,1,0,0,0,11,2025,2025-11
West Indies,ODI,New Zealand v West Indies,New Zealand,Lost,4 wickets,2025-11-22,"Seddon Park, Hamilton",Neutral,1,0,1,0,0,11,2025,2025-11
India,ODI,India v South Africa,South Africa,Won,17 runs,2025-11-30,"JSCA International Stadium Complex, Ranchi",Neutral,1,1,0,0,0,11,2025,2025-11
South Africa,ODI,India v South Africa,India,Lost,17 runs,2025-11-30,"JSCA International Stadium Complex, Ranchi",Neutral,1,0,1,0,0,11,2025,2025-11
India,ODI,India v South Africa,South Africa,Lost,4 wickets,2025-12-03,"Shaheed Veer Narayan Singh International Stadium, Raipur",Neutral,1,0,1,0,0,12,2025,2025-12
South Africa,ODI,India v South Africa,India,Won,4 wickets,2025-12-03,"Shaheed Veer Narayan Singh International Stadium, Raipur",Neutral,1,1,0,0,0,12,2025,2025-12
India,ODI,India v South Africa,South Africa,Won,9 wickets,2025-12-06,"Dr. Y.S. Rajasekhara Reddy ACA-VDCA Cricket Stadium, Visakhapatnam",Neutral,1,1,0,0,0,12,2025,2025-12
South Africa,ODI,India v South Africa,India,Lost,9 wickets,2025-12-06,"Dr. Y.S. Rajasekhara Reddy ACA-VDCA Cricket Stadium, Visakhapatnam",Neutral,1,0,1,0,0,12,2025,2025-12
Pakistan,T20I,Pakistan v South Africa,South Africa,Won,3 runs,2021-02-11,Gaddafi Stadium,Neutral,1,1,0,0,0,2,2021,2021-02
South Africa,T20I,Pakistan v South Africa,Pakistan,Lost,3 runs,2021-02-11,Gaddafi Stadium,Neutral,1,0,1,0,0,2,2021,2021-02
Pakistan,T20I,Pakistan v South Africa,South Africa,Lost,6 wickets,2021-02-13,Gaddafi Stadium,Neutral,1,0,1,0,0,2,2021,2021-02
South Africa,T20I,Pakistan v South Africa,Pakistan,Won,6 wickets,2021-02-13,Gaddafi Stadium,Neutral,1,1,0,0,0,2,2021,2021-02
Pakistan,T20I,Pakistan v South Africa,South Africa,Won,4 wickets,2021-02-14,Gaddafi Stadium,Neutral,1,1,0,0,0,2,2021,2021-02
South Africa,T20I,Pakistan v South Africa,Pakistan,Lost,4 wickets,2021-02-14,Gaddafi Stadium,Neutral,1,0,1,0,0,2,2021,2021-02
Australia,T20I,Australia v New Zealand,New Zealand,Lost,53 runs,2021-02-22,Hagley Oval,Neutral,1,0,1,0,0,2,2021,2021-02
New Zealand,T20I,Australia v New Zealand,Australia,Won,53 runs,2021-02-22,Hagley Oval,Neutral,1,1,0,0,0,2,2021,2021-02
Australia,T20I,Australia v New Zealand,New Zealand,Lost,4 runs,2021-02-25,University Oval,Neutral,1,0,1,0,0,2,2021,2021-02
New Zealand,T20I,Australia v New Zealand,Australia,Won,4 runs,2021-02-25,University Oval,Neutral,1,1,0,0,0,2,2021,2021-02
Australia,T20I,Australia v New Zealand,New Zealand,Won,64 runs,2021-03-03,Westpac Stadium,Neutral,1,1,0,0,0,3,2021,2021-03
New Zealand,T20I,Australia v New Zealand,Australia,Lost,64 runs,2021-03-03,Westpac Stadium,Neutral,1,0,1,0,0,3,2021,2021-03
Sri Lanka,T20I,Sri Lanka v West Indies,West Indies,Lost,4 wickets,2021-03-03,"Coolidge Cricket Ground, Antigua",Neutral,1,0,1,0,0,3,2021,2021-03
West Indies,T20I,Sri Lanka v West Indies,Sri Lanka,Won,4 wickets,2021-03-03,"Coolidge Cricket Ground, Antigua",Neutral,1,1,0,0,0,3,2021,2021-03
Australia,T20I,Australia v New Zealand,New Zealand,Won,50 runs,2021-03-05,Westpac Stadium,Neutral,1,1,0,0,0,3,2021,2021-03
New Zealand,T20I,Australia v New Zealand,Australia,Lost,50 runs,2021-03-05,Westpac Stadium,Neutral,1,0,1,0,0,3,2021,2021-03
Sri Lanka,T20I,Sri Lanka v West Indies,West Indies,Won,43 runs,2021-03-05,"Coolidge Cricket Ground, Antigua",Neutral,1,1,0,0,0,3,2021,2021-03
West Indies,T20I,Sri Lanka v West Indies,Sri Lanka,Lost,43 runs,2021-03-05,"Coolidge Cricket Ground, Antigua",Neutral,1,0,1,0,0,3,2021,2021-03
Australia,T20I,Australia v New Zealand,New Zealand,Lost,7 wickets,2021-03-07,Sky Stadium,Neutral,1,0,1,0,0,3,2021,2021-03
New Zealand,T20I,Australia v New Zealand,Australia,Won,7 wickets,2021-03-07,Sky Stadium,Neutral,1,1,0,0,0,3,2021,2021-03
Sri Lanka,T20I,Sri Lanka v West Indies,West Indies,Lost,3 wickets,2021-03-07,"Coolidge Cricket Ground, Antigua",Neutral,1,0,1,0,0,3,2021,2021-03
West Indies,T20I,Sri Lanka v West Indies,Sri Lanka,Won,3 wickets,2021-03-07,"Coolidge Cricket Ground, Antigua",Neutral,1,1,0,0,0,3,2021,2021-03
England,T20I,England v India,India,Won,8 wickets,2021-03-12,Narendra Modi Stadium,Neutral,1,1,0,0,0,3,2021,2021-03
India,T20I,England v India,England,Lost,8 wickets,2021-03-12,Narendra Modi Stadium,Neutral,1,0,1,0,0,3,2021,2021-03
England,T20I,England v India,India,Lost,7 wickets,2021-03-14,Narendra Modi Stadium,Neutral,1,0,1,0,0,3,2021,2021-03
India,T20I,England v India,England,Won,7 wickets,2021-03-14,Narendra Modi Stadium,Neutral,1,1,0,0,0,3,2021,2021-03
England,T20I,England v India,India,Won,8 wickets,2021-03-16,Narendra Modi Stadium,Neutral,1,1,0,0,0,3,2021,2021-03
India,T20I,England v India,England,Lost,8 wickets,2021-03-16,Narendra Modi Stadium,Neutral,1,0,1,0,0,3,2021,2021-03
England,T20I,England v India,India,Lost,8 runs,2021-03-18,Narendra Modi Stadium,Neutral,1,0,1,0,0,3,2021,2021-03
India,T20I,England v India,England,Won,8 runs,2021-03-18,Narendra Modi Stadium,Neutral,1,1,0,0,0,3,2021,2021-03
England,T20I,England v India,India,Lost,36 runs,2021-03-20,Narendra Modi Stadium,Neutral,1,0,1,0,0,3,2021,2021-03
India,T20I,England v India,England,Won,36 runs,2021-03-20,Narendra Modi Stadium,Neutral,1,1,0,0,0,3,2021,2021-03
Bangladesh,T20I,Bangladesh v New Zealand,New Zealand,Lost,66 runs,2021-03-28,Seddon Park,Neutral,1,0,1,0,0,3,2021,2021-03
New Zealand,T20I,Bangladesh v New Zealand,Bangladesh,Won,66 runs,2021-03-28,Seddon Park,Neutral,1,1,0,0,0,3,2021,2021-03
Bangladesh,T20I,Bangladesh v New Zealand,New Zealand,Lost,28 runs,2021-03-30,McLean Park,Neutral,1,0,1,0,0,3,2021,2021-03
New Zealand,T20I,Bangladesh v New Zealand,Bangladesh,Won,28 runs,2021-03-30,McLean Park,Neutral,1,1,0,0,0,3,2021,2021-03
Bangladesh,T20I,Bangladesh v New Zealand,New Zealand,Lost,65 runs,2021-04-01,Eden Park,Neutral,1,0,1,0,0,4,2021,2021-04
New Zealand,T20I,Bangladesh v New Zealand,Bangladesh,Won,65 runs,2021-04-01,Eden Park,Neutral,1,1,0,0,0,4,2021,2021-04
Namibia,T20I,Namibia v Uganda,Uganda,Won,7 wickets,2021-04-03,Wanderers,Neutral,1,1,0,0,0,4,2021,2021-04
Uganda,T20I,Namibia v Uganda,Namibia,Lost,7 wickets,2021-04-03,Wanderers,Neutral,1,0,1,0,0,4,2021,2021-04
Namibia,T20I,Namibia v Uganda,Uganda,Won,20 runs,2021-04-05,"Wanderers Cricket Ground, Windhoek",Neutral,1,1,0,0,0,4,2021,2021-04
Uganda,T20I,Namibia v Uganda,Namibia,Lost,20 runs,2021-04-05,"Wanderers Cricket Ground, Windhoek",Neutral,1,0,1,0,0,4,2021,2021-04
Namibia,T20I,Namibia v Uganda,Uganda,Won,65 runs,2021-04-05,"Wanderers Cricket Ground, Windhoek",Neutral,1,1,0,0,0,4,2021,2021-04
Uganda,T20I,Namibia v Uganda,Namibia,Lost,65 runs,2021-04-05,"Wanderers Cricket Ground, Windhoek",Neutral,1,0,1,0,0,4,2021,2021-04
Pakistan,T20I,Pakistan v South Africa,South Africa,Won,4 wickets,2021-04-10,"The Wanderers Stadium, Johannesburg",Neutral,1,1,0,0,0,4,2021,2021-04
South Africa,T20I,Pakistan v South Africa,Pakistan,Lost,4 wickets,2021-04-10,"The Wanderers Stadium, Johannesburg",Neutral,1,0,1,0,0,4,2021,2021-04
Pakistan,T20I,Pakistan v South Africa,South Africa,Lost,6 wickets,2021-04-12,"The Wanderers Stadium, Johannesburg",Neutral,1,0,1,0,0,4,2021,2021-04
South Africa,T20I,Pakistan v South Africa,Pakistan,Won,6 wickets,2021-04-12,"The Wanderers Stadium, Johannesburg",Neutral,1,1,0,0,0,4,2021,2021-04
Pakistan,T20I,Pakistan v South Africa,South Africa,Won,9 wickets,2021-04-14,"SuperSport Park, Centurion",Neutral,1,1,0,0,0,4,2021,2021-04
South Africa,T20I,Pakistan v South Africa,Pakistan,Lost,9 wickets,2021-04-14,"SuperSport Park, Centurion",Neutral,1,0,1,0,0,4,2021,2021-04
Pakistan,T20I,Pakistan v South Africa,South Africa,Won,3 wickets,2021-04-16,"SuperSport Park, Centurion",Neutral,1,1,0,0,0,4,2021,2021-04
South Africa,T20I,Pakistan v South Africa,Pakistan,Lost,3 wickets,2021-04-16,"SuperSport Park, Centurion",Neutral,1,0,1,0,0,4,2021,2021-04
Nepal,T20I,Nepal v Netherlands,Netherlands,Won,9 wickets,2021-04-17,"Tribhuvan University International Cricket Ground, Kirtipur",Neutral,1,1,0,0,0,4,2021,2021-04
Netherlands,T20I,Nepal v Netherlands,Nepal,Lost,9 wickets,2021-04-17,"Tribhuvan University International Cricket Ground, Kirtipur",Neutral,1,0,1,0,0,4,2021,2021-04
Malaysia,T20I,Malaysia v Netherlands,Netherlands,Lost,15 runs,2021-04-18,"Tribhuvan University International Cricket Ground, Kirtipur",Neutral,1,0,1,0,0,4,2021,2021-04
Netherlands,T20I,Malaysia v Netherlands,Malaysia,Won,15 runs,2021-04-18,"Tribhuvan University International Cricket Ground, Kirtipur",Neutral,1,1,0,0,0,4,2021,2021-04
Malaysia,T20I,Malaysia v Nepal,Nepal,Lost,9 wickets,2021-04-19,"Tribhuvan University International Cricket Ground, Kirtipur",Neutral,1,0,1,0,0,4,2021,2021-04
Nepal,T20I,Malaysia v Nepal,Malaysia,Won,9 wickets,2021-04-19,"Tribhuvan University International Cricket Ground, Kirtipur",Neutral,1,1,0,0,0,4,2021,2021-04
Nepal,T20I,Nepal v Netherlands,Netherlands,Lost,3 wickets,2021-04-20,"Tribhuvan University International Cricket Ground, Kirtipur",Neutral,1,0,1,0,0,4,2021,2021-04
Netherlands,T20I,Nepal v Netherlands,Nepal,Won,3 wickets,2021-04-20,"Tribhuvan University International Cricket Ground, Kirtipur",Neutral,1,1,0,0,0,4,2021,2021-04
Pakistan,T20I,Pakistan v Zimbabwe,Zimbabwe,Won,11 runs,2021-04-21,Harare Sports Club,Neutral,1,1,0,0,0,4,2021,2021-04
Zimbabwe,T20I,Pakistan v Zimbabwe,Pakistan,Lost,11 runs,2021-04-21,Harare Sports Club,Neutral,1,0,1,0,0,4,2021,2021-04
Malaysia,T20I,Malaysia v Netherlands,Netherlands,Tied,Tie,2021-04-21,"Tribhuvan University International Cricket Ground, Kirtipur",Neutral,1,0,0,1,0,4,2021,2021-04
Netherlands,T20I,Malaysia v Netherlands,Malaysia,Tied,Tie,2021-04-21,"Tribhuvan University International Cricket Ground, Kirtipur",Neutral,1,0,0,1,0,4,2021,2021-04
Malaysia,T20I,Malaysia v Nepal,Nepal,Lost,69 runs,2021-04-22,"Tribhuvan University International Cricket Ground, Kirtipur",Neutral,1,0,1,0,0,4,2021,2021-04
Nepal,T20I,Malaysia v Nepal,Malaysia,Won,69 runs,2021-04-22,"Tribhuvan University International Cricket Ground, Kirtipur",Neutral,1,1,0,0,0,4,2021,2021-04
Pakistan,T20I,Pakistan v Zimbabwe,Zimbabwe,Lost,19 runs,2021-04-23,Harare Sports Club,Neutral,1,0,1,0,0,4,2021,2021-04
Zimbabwe,T20I,Pakistan v Zimbabwe,Pakistan,Won,19 runs,2021-04-23,Harare Sports Club,Neutral,1,1,0,0,0,4,2021,2021-04
Nepal,T20I,Nepal v Netherlands,Netherlands,Won,142 runs,2021-04-24,"Tribhuvan University International Cricket Ground, Kirtipur",Neutral,1,1,0,0,0,4,2021,2021-04
Netherlands,T20I,Nepal v Netherlands,Nepal,Lost,142 runs,2021-04-24,"Tribhuvan University International Cricket Ground, Kirtipur",Neutral,1,0,1,0,0,4,2021,2021-04
Pakistan,T20I,Pakistan v Zimbabwe,Zimbabwe,Won,24 runs,2021-04-25,Harare Sports Club,Neutral,1,1,0,0,0,4,2021,2021-04
Zimbabwe,T20I,Pakistan v Zimbabwe,Pakistan,Lost,24 runs,2021-04-25,Harare Sports Club,Neutral,1,0,1,0,0,4,2021,2021-04
Czech Republic,T20I,Czech Republic v Luxembourg,Luxembourg,Won,9 wickets,2021-05-21,"Scott Page Field, Vinor",Neutral,1,1,0,0,0,5,2021,2021-05
Luxembourg,T20I,Czech Republic v Luxembourg,Czech Republic,Lost,9 wickets,2021-05-21,"Scott Page Field, Vinor",Neutral,1,0,1,0,0,5,2021,2021-05
Austria,T20I,Austria v Czech Republic,Czech Republic,Won,78 runs,2021-05-22,"Scott Page Field, Vinor",Neutral,1,1,0,0,0,5,2021,2021-05
Czech Republic,T20I,Austria v Czech Republic,Austria,Lost,78 runs,2021-05-22,"Scott Page Field, Vinor",Neutral,1,0,1,0,0,5,2021,2021-05
Czech Republic,T20I,Czech Republic v Luxembourg,Luxembourg,Lost,6 wickets,2021-05-22,"Scott Page Field, Vinor",Neutral,1,0,1,0,0,5,2021,2021-05
Luxembourg,T20I,Czech Republic v Luxembourg,Czech Republic,Won,6 wickets,2021-05-22,"Scott Page Field, Vinor",Neutral,1,1,0,0,0,5,2021,2021-05
Austria,T20I,Austria v Luxembourg,Luxembourg,Lost,5 wickets,2021-05-23,"Scott Page Field, Vinor",Neutral,1,0,1,0,0,5,2021,2021-05
Luxembourg,T20I,Austria v Luxembourg,Austria,Won,5 wickets,2021-05-23,"Scott Page Field, Vinor",Neutral,1,1,0,0,0,5,2021,2021-05
Austria,T20I,Austria v Czech Republic,Czech Republic,Won,4 wickets,2021-05-23,"Scott Page Field, Vinor",Neutral,1,1,0,0,0,5,2021,2021-05
Czech Republic,T20I,Austria v Czech Republic,Austria,Lost,4 wickets,2021-05-23,"Scott Page Field, Vinor",Neutral,1,0,1,0,0,5,2021,2021-05
England,T20I,England v Sri Lanka,Sri Lanka,Won,8 wickets,2021-06-23,"Sophia Gardens, Cardiff",Neutral,1,1,0,0,0,6,2021,2021-06
Sri Lanka,T20I,England v Sri Lanka,England,Lost,8 wickets,2021-06-23,"Sophia Gardens, Cardiff",Neutral,1,0,1,0,0,6,2021,2021-06
England,T20I,England v Sri Lanka,Sri Lanka,Won,5 wickets,2021-06-24,"Sophia Gardens, Cardiff",Neutral,1,1,0,0,0,6,2021,2021-06
Sri Lanka,T20I,England v Sri Lanka,England,Lost,5 wickets,2021-06-24,"Sophia Gardens, Cardiff",Neutral,1,0,1,0,0,6,2021,2021-06
Greece,T20I,Greece v Romania,Romania,Lost,3 wickets,2021-06-24,"National Sports Academy, Sofia",Neutral,1,0,1,0,0,6,2021,2021-06
Romania,T20I,Greece v Romania,Greece,Won,3 wickets,2021-06-24,"National Sports Academy, Sofia",Neutral,1,1,0,0,0,6,2021,2021-06
Greece,T20I,Greece v Serbia,Serbia,Won,5 wickets,2021-06-25,"National Sports Academy, Sofia",Neutral,1,1,0,0,0,6,2021,2021-06
Serbia,T20I,Greece v Serbia,Greece,Lost,5 wickets,2021-06-25,"National Sports Academy, Sofia",Neutral,1,0,1,0,0,6,2021,2021-06
Bulgaria,T20I,Bulgaria v Romania,Romania,Lost,7 wickets,2021-06-25,"National Sports Academy, Sofia",Neutral,1,0,1,0,0,6,2021,2021-06
Romania,T20I,Bulgaria v Romania,Bulgaria,Won,7 wickets,2021-06-25,"National Sports Academy, Sofia",Neutral,1,1,0,0,0,6,2021,2021-06
Romania,T20I,Romania v Serbia,Serbia,Won,91 runs,2021-06-25,"National Sports Academy, Sofia",Neutral,1,1,0,0,0,6,2021,2021-06
Serbia,T20I,Romania v Serbia,Romania,Lost,91 runs,2021-06-25,"National Sports Academy, Sofia",Neutral,1,0,1,0,0,6,2021,2021-06
England,T20I,England v Sri Lanka,Sri Lanka,Won,89 runs,2021-06-26,"The Rose Bowl, Southampton",Neutral,1,1,0,0,0,6,2021,2021-06
Sri Lanka,T20I,England v Sri Lanka,England,Lost,89 runs,2021-06-26,"The Rose Bowl, Southampton",Neutral,1,0,1,0,0,6,2021,2021-06
South Africa,T20I,South Africa v West Indies,West Indies,Lost,8 wickets,2021-06-26,"National Cricket Stadium, St George's, Grenada",Neutral,1,0,1,0,0,6,2021,2021-06
West Indies,T20I,South Africa v West Indies,South Africa,Won,8 wickets,2021-06-26,"National Cricket Stadium, St George's, Grenada",Neutral,1,1,0,0,0,6,2021,2021-06
Romania,T20I,Romania v Serbia,Serbia,Won,10 wickets,2021-06-26,"National Sports Academy, Sofia",Neutral,1,1,0,0,0,6,2021,2021-06
Serbia,T20I,Romania v Serbia,Romania,Lost,10 wickets,2021-06-26,"National Sports Academy, Sofia",Neutral,1,0,1,0,0,6,2021,2021-06
Bulgaria,T20I,Bulgaria v Greece,Greece,No Result,No Result,2021-06-26,"National Sports Academy, Sofia",Neutral,1,0,0,0,1,6,2021,2021-06
Greece,T20I,Bulgaria v Greece,Bulgaria,No Result,No Result,2021-06-26,"National Sports Academy, Sofia",Neutral,1,0,0,0,1,6,2021,2021-06
South Africa,T20I,South Africa v West Indies,West Indies,Won,16 runs,2021-06-27,"National Cricket Stadium, St George's, Grenada",Neutral,1,1,0,0,0,6,2021,2021-06
West Indies,T20I,South Africa v West Indies,South Africa,Lost,16 runs,2021-06-27,"National Cricket Stadium, St George's, Grenada",Neutral,1,0,1,0,0,6,2021,2021-06
South Africa,T20I,South Africa v West Indies,West Indies,Won,1 runs,2021-06-29,"National Cricket Stadium, St George's, Grenada",Neutral,1,1,0,0,0,6,2021,2021-06
West Indies,T20I,South Africa v West Indies,South Africa,Lost,1 runs,2021-06-29,"National Cricket Stadium, St George's, Grenada",Neutral,1,0,1,0,0,6,2021,2021-06
South Africa,T20I,South Africa v West Indies,West Indies,Lost,21 runs,2021-07-01,"National Cricket Stadium, St George's, Grenada",Neutral,1,0,1,0,0,7,2021,2021-07
West Indies,T20I,South Africa v West Indies,South Africa,Won,21 runs,2021-07-01,"National Cricket Stadium, St George's, Grenada",Neutral,1,1,0,0,0,7,2021,2021-07
South Africa,T20I,South Africa v West Indies,West Indies,Won,25 runs,2021-07-03,"National Cricket Stadium, St George's, Grenada",Neutral,1,1,0,0,0,7,2021,2021-07
West Indies,T20I,South Africa v West Indies,South Africa,Lost,25 runs,2021-07-03,"National Cricket Stadium, St George's, Grenada",Neutral,1,0,1,0,0,7,2021,2021-07
Belgium,T20I,Belgium v Malta,Malta,Lost,6 wickets,2021-07-08,Marsa Sports Club,Neutral,1,0,1,0,0,7,2021,2021-07
Malta,T20I,Belgium v Malta,Belgium,Won,6 wickets,2021-07-08,Marsa Sports Club,Neutral,1,1,0,0,0,7,2021,2021-07
Belgium,T20I,Belgium v Malta,Malta,Won,10 wickets,2021-07-08,Marsa Sports Club,Neutral,1,1,0,0,0,7,2021,2021-07
Malta,T20I,Belgium v Malta,Belgium,Lost,10 wickets,2021-07-08,Marsa Sports Club,Neutral,1,0,1,0,0,7,2021,2021-07
Australia,T20I,Australia v West Indies,West Indies,Lost,18 runs,2021-07-09,"Daren Sammy National Cricket Stadium, Gros Islet, St Lucia",Neutral,1,0,1,0,0,7,2021,2021-07
West Indies,T20I,Australia v West Indies,Australia,Won,18 runs,2021-07-09,"Daren Sammy National Cricket Stadium, Gros Islet, St Lucia",Neutral,1,1,0,0,0,7,2021,2021-07
Belgium,T20I,Belgium v Malta,Malta,Won,4 wickets,2021-07-09,Marsa Sports Club,Neutral,1,1,0,0,0,7,2021,2021-07
Malta,T20I,Belgium v Malta,Belgium,Lost,4 wickets,2021-07-09,Marsa Sports Club,Neutral,1,0,1,0,0,7,2021,2021-07
Australia,T20I,Australia v West Indies,West Indies,Lost,56 runs,2021-07-10,"Daren Sammy National Cricket Stadium, Gros Islet, St Lucia",Neutral,1,0,1,0,0,7,2021,2021-07
West Indies,T20I,Australia v West Indies,Australia,Won,56 runs,2021-07-10,"Daren Sammy National Cricket Stadium, Gros Islet, St Lucia",Neutral,1,1,0,0,0,7,2021,2021-07
Belgium,T20I,Belgium v Malta,Malta,Lost,,2021-07-10,Marsa Sports Club,Neutral,1,0,1,0,0,7,2021,2021-07
Malta,T20I,Belgium v Malta,Belgium,Won,,2021-07-10,Marsa Sports Club,Neutral,1,1,0,0,0,7,2021,2021-07
Belgium,T20I,Belgium v Malta,Malta,Won,39 runs,2021-07-10,Marsa Sports Club,Neutral,1,1,0,0,0,7,2021,2021-07
Malta,T20I,Belgium v Malta,Belgium,Lost,39 runs,2021-07-10,Marsa Sports Club,Neutral,1,0,1,0,0,7,2021,2021-07
Australia,T20I,Australia v West Indies,West Indies,Lost,6 wickets,2021-07-12,"Daren Sammy National Cricket Stadium, Gros Islet, St Lucia",Neutral,1,0,1,0,0,7,2021,2021-07
West Indies,T20I,Australia v West Indies,Australia,Won,6 wickets,2021-07-12,"Daren Sammy National Cricket Stadium, Gros Islet, St Lucia",Neutral,1,1,0,0,0,7,2021,2021-07
Australia,T20I,Australia v West Indies,West Indies,Won,4 runs,2021-07-14,"Daren Sammy National Cricket Stadium, Gros Islet, St Lucia",Neutral,1,1,0,0,0,7,2021,2021-07
West Indies,T20I,Australia v West Indies,Australia,Lost,4 runs,2021-07-14,"Daren Sammy National Cricket Stadium, Gros Islet, St Lucia",Neutral,1,0,1,0,0,7,2021,2021-07
England,T20I,England v Pakistan,Pakistan,Lost,31 runs,2021-07-16,"Trent Bridge, Nottingham",Neutral,1,0,1,0,0,7,2021,2021-07
Pakistan,T20I,England v Pakistan,England,Won,31 runs,2021-07-16,"Trent Bridge, Nottingham",Neutral,1,1,0,0,0,7,2021,2021-07
Australia,T20I,Australia v West Indies,West Indies,Lost,16 runs,2021-07-16,"Daren Sammy National Cricket Stadium, Gros Islet, St Lucia",Neutral,1,0,1,0,0,7,2021,2021-07
West Indies,T20I,Australia v West Indies,Australia,Won,16 runs,2021-07-16,"Daren Sammy National Cricket Stadium, Gros Islet, St Lucia",Neutral,1,1,0,0,0,7,2021,2021-07
England,T20I,England v Pakistan,Pakistan,Won,45 runs,2021-07-18,"Headingley, Leeds",Neutral,1,1,0,0,0,7,2021,2021-07
Pakistan,T20I,England v Pakistan,England,Lost,45 runs,2021-07-18,"Headingley, Leeds",Neutral,1,0,1,0,0,7,2021,2021-07
Ireland,T20I,Ireland v South Africa,South Africa,Lost,33 runs,2021-07-19,"The Village, Malahide, Dublin",Neutral,1,0,1,0,0,7,2021,2021-07
South Africa,T20I,Ireland v South Africa,Ireland,Won,33 runs,2021-07-19,"The Village, Malahide, Dublin",Neutral,1,1,0,0,0,7,2021,2021-07
England,T20I,England v Pakistan,Pakistan,Won,3 wickets,2021-07-20,"Old Trafford, Manchester",Neutral,1,1,0,0,0,7,2021,2021-07
Pakistan,T20I,England v Pakistan,England,Lost,3 wickets,2021-07-20,"Old Trafford, Manchester",Neutral,1,0,1,0,0,7,2021,2021-07
Ireland,T20I,Ireland v South Africa,South Africa,Lost,42 runs,2021-07-22,"Civil Service Cricket Club, Stormont, Belfast",Neutral,1,0,1,0,0,7,2021,2021-07
South Africa,T20I,Ireland v South Africa,Ireland,Won,42 runs,2021-07-22,"Civil Service Cricket Club, Stormont, Belfast",Neutral,1,1,0,0,0,7,2021,2021-07
Bangladesh,T20I,Bangladesh v Zimbabwe,Zimbabwe,Won,8 wickets,2021-07-22,Harare Sports Club,Neutral,1,1,0,0,0,7,2021,2021-07
Zimbabwe,T20I,Bangladesh v Zimbabwe,Bangladesh,Lost,8 wickets,2021-07-22,Harare Sports Club,Neutral,1,0,1,0,0,7,2021,2021-07
Bangladesh,T20I,Bangladesh v Zimbabwe,Zimbabwe,Lost,23 runs,2021-07-23,Harare Sports Club,Neutral,1,0,1,0,0,7,2021,2021-07
Zimbabwe,T20I,Bangladesh v Zimbabwe,Bangladesh,Won,23 runs,2021-07-23,Harare Sports Club,Neutral,1,1,0,0,0,7,2021,2021-07
Ireland,T20I,Ireland v South Africa,South Africa,Lost,49 runs,2021-07-24,"Civil Service Cricket Club, Stormont, Belfast",Neutral,1,0,1,0,0,7,2021,2021-07
South Africa,T20I,Ireland v South Africa,Ireland,Won,49 runs,2021-07-24,"Civil Service Cricket Club, Stormont, Belfast",Neutral,1,1,0,0,0,7,2021,2021-07
India,T20I,India v Sri Lanka,Sri Lanka,Won,38 runs,2021-07-25,"R Premadasa Stadium, Colombo",Neutral,1,1,0,0,0,7,2021,2021-07
Sri Lanka,T20I,India v Sri Lanka,India,Lost,38 runs,2021-07-25,"R Premadasa Stadium, Colombo",Neutral,1,0,1,0,0,7,2021,2021-07
Bangladesh,T20I,Bangladesh v Zimbabwe,Zimbabwe,Won,5 wickets,2021-07-25,Harare Sports Club,Neutral,1,1,0,0,0,7,2021,2021-07
Zimbabwe,T20I,Bangladesh v Zimbabwe,Bangladesh,Lost,5 wickets,2021-07-25,Harare Sports Club,Neutral,1,0,1,0,0,7,2021,2021-07
India,T20I,India v Sri Lanka,Sri Lanka,Lost,4 wickets,2021-07-28,"R Premadasa Stadium, Colombo",Neutral,1,0,1,0,0,7,2021,2021-07
Sri Lanka,T20I,India v Sri Lanka,India,Won,4 wickets,2021-07-28,"R Premadasa Stadium, Colombo",Neutral,1,1,0,0,0,7,2021,2021-07
Pakistan,T20I,Pakistan v West Indies,West Indies,No Result,No Result,2021-07-28,"Kensington Oval, Bridgetown, Barbados",Neutral,1,0,0,0,1,7,2021,2021-07
West Indies,T20I,Pakistan v West Indies,Pakistan,No Result,No Result,2021-07-28,"Kensington Oval, Bridgetown, Barbados",Neutral,1,0,0,0,1,7,2021,2021-07
India,T20I,India v Sri Lanka,Sri Lanka,Lost,7 wickets,2021-07-29,"R Premadasa Stadium, Colombo",Neutral,1,0,1,0,0,7,2021,2021-07
Sri Lanka,T20I,India v Sri Lanka,India,Won,7 wickets,2021-07-29,"R Premadasa Stadium, Colombo",Neutral,1,1,0,0,0,7,2021,2021-07
Pakistan,T20I,Pakistan v West Indies,West Indies,Won,7 runs,2021-07-31,"Providence Stadium, Guyana",Neutral,1,1,0,0,0,7,2021,2021-07
West Indies,T20I,Pakistan v West Indies,Pakistan,Lost,7 runs,2021-07-31,"Providence Stadium, Guyana",Neutral,1,0,1,0,0,7,2021,2021-07
Pakistan,T20I,Pakistan v West Indies,West Indies,No Result,No Result,2021-08-01,"Providence Stadium, Guyana",Neutral,1,0,0,0,1,8,2021,2021-08
West Indies,T20I,Pakistan v West Indies,Pakistan,No Result,No Result,2021-08-01,"Providence Stadium, Guyana",Neutral,1,0,0,0,1,8,2021,2021-08
Pakistan,T20I,Pakistan v West Indies,West Indies,No Result,No Result,2021-08-03,"Providence Stadium, Guyana",Neutral,1,0,0,0,1,8,2021,2021-08
West Indies,T20I,Pakistan v West Indies,Pakistan,No Result,No Result,2021-08-03,"Providence Stadium, Guyana",Neutral,1,0,0,0,1,8,2021,2021-08
Australia,T20I,Australia v Bangladesh,Bangladesh,Lost,23 runs,2021-08-03,"Shere Bangla National Stadium, Mirpur",Neutral,1,0,1,0,0,8,2021,2021-08
Bangladesh,T20I,Australia v Bangladesh,Australia,Won,23 runs,2021-08-03,"Shere Bangla National Stadium, Mirpur",Neutral,1,1,0,0,0,8,2021,2021-08
Australia,T20I,Australia v Bangladesh,Bangladesh,Lost,5 wickets,2021-08-04,"Shere Bangla National Stadium, Mirpur",Neutral,1,0,1,0,0,8,2021,2021-08
Bangladesh,T20I,Australia v Bangladesh,Australia,Won,5 wickets,2021-08-04,"Shere Bangla National Stadium, Mirpur",Neutral,1,1,0,0,0,8,2021,2021-08
Germany,T20I,Germany v Norway,Norway,Won,5 wickets,2021-08-05,Bayer Uerdingen Cricket Ground,Neutral,1,1,0,0,0,8,2021,2021-08
Norway,T20I,Germany v Norway,Germany,Lost,5 wickets,2021-08-05,Bayer Uerdingen Cricket Ground,Neutral,1,0,1,0,0,8,2021,2021-08
France,T20I,France v Norway,Norway,Won,4 wickets,2021-08-05,Bayer Uerdingen Cricket Ground,Neutral,1,1,0,0,0,8,2021,2021-08
Norway,T20I,France v Norway,France,Lost,4 wickets,2021-08-05,Bayer Uerdingen Cricket Ground,Neutral,1,0,1,0,0,8,2021,2021-08
Australia,T20I,Australia v Bangladesh,Bangladesh,Lost,10 runs,2021-08-06,"Shere Bangla National Stadium, Mirpur",Neutral,1,0,1,0,0,8,2021,2021-08
Bangladesh,T20I,Australia v Bangladesh,Australia,Won,10 runs,2021-08-06,"Shere Bangla National Stadium, Mirpur",Neutral,1,1,0,0,0,8,2021,2021-08
France,T20I,France v Germany,Germany,Lost,2 wickets,2021-08-06,Bayer Uerdingen Cricket Ground,Neutral,1,0,1,0,0,8,2021,2021-08
Germany,T20I,France v Germany,France,Won,2 wickets,2021-08-06,Bayer Uerdingen Cricket Ground,Neutral,1,1,0,0,0,8,2021,2021-08
Australia,T20I,Australia v Bangladesh,Bangladesh,Won,3 wickets,2021-08-07,"Shere Bangla National Stadium, Mirpur",Neutral,1,1,0,0,0,8,2021,2021-08
Bangladesh,T20I,Australia v Bangladesh,Australia,Lost,3 wickets,2021-08-07,"Shere Bangla National Stadium, Mirpur",Neutral,1,0,1,0,0,8,2021,2021-08
France,T20I,France v Germany,Germany,Lost,48 runs,2021-08-07,Bayer Uerdingen Cricket Ground,Neutral,1,0,1,0,0,8,2021,2021-08
Germany,T20I,France v Germany,France,Won,48 runs,2021-08-07,Bayer Uerdingen Cricket Ground,Neutral,1,1,0,0,0,8,2021,2021-08
France,T20I,France v Norway,Norway,Lost,3 runs,2021-08-07,Bayer Uerdingen Cricket Ground,Neutral,1,0,1,0,0,8,2021,2021-08
Norway,T20I,France v Norway,France,Won,3 runs,2021-08-07,Bayer Uerdingen Cricket Ground,Neutral,1,1,0,0,0,8,2021,2021-08
Germany,T20I,Germany v Norway,Norway,Lost,51 runs,2021-08-08,Bayer Uerdingen Cricket Ground,Neutral,1,0,1,0,0,8,2021,2021-08
Norway,T20I,Germany v Norway,Germany,Won,51 runs,2021-08-08,Bayer Uerdingen Cricket Ground,Neutral,1,1,0,0,0,8,2021,2021-08
Germany,T20I,Germany v Norway,Norway,Won,6 wickets,2021-08-08,Bayer Uerdingen Cricket Ground,Neutral,1,1,0,0,0,8,2021,2021-08
Norway,T20I,Germany v Norway,Germany,Lost,6 wickets,2021-08-08,Bayer Uerdingen Cricket Ground,Neutral,1,0,1,0,0,8,2021,2021-08
Australia,T20I,Australia v Bangladesh,Bangladesh,Lost,60 runs,2021-08-09,"Shere Bangla National Stadium, Mirpur",Neutral,1,0,1,0,0,8,2021,2021-08
Bangladesh,T20I,Australia v Bangladesh,Australia,Won,60 runs,2021-08-09,"Shere Bangla National Stadium, Mirpur",Neutral,1,1,0,0,0,8,2021,2021-08
Denmark,T20I,Denmark v Sweden,Sweden,Lost,3 wickets,2021-08-14,"Svanholm Park, Brondby",Neutral,1,0,1,0,0,8,2021,2021-08
Sweden,T20I,Denmark v Sweden,Denmark,Won,3 wickets,2021-08-14,"Svanholm Park, Brondby",Neutral,1,1,0,0,0,8,2021,2021-08
Denmark,T20I,Denmark v Sweden,Sweden,Won,6 wickets,2021-08-15,"Svanholm Park, Brondby",Neutral,1,1,0,0,0,8,2021,2021-08
Sweden,T20I,Denmark v Sweden,Denmark,Lost,6 wickets,2021-08-15,"Svanholm Park, Brondby",Neutral,1,0,1,0,0,8,2021,2021-08
Ghana,T20I,Ghana v Rwanda,Rwanda,Lost,1 wickets,2021-08-18,Gahanga International Cricket Stadium. Rwanda,Neutral,1,0,1,0,0,8,2021,2021-08
Rwanda,T20I,Ghana v Rwanda,Ghana,Won,1 wickets,2021-08-18,Gahanga International Cricket Stadium. Rwanda,Neutral,1,1,0,0,0,8,2021,2021-08
Gibraltar,T20I,Gibraltar v Malta,Malta,Lost,8 wickets,2021-08-20,Gucherre Cricket Ground,Neutral,1,0,1,0,0,8,2021,2021-08
Malta,T20I,Gibraltar v Malta,Gibraltar,Won,8 wickets,2021-08-20,Gucherre Cricket Ground,Neutral,1,1,0,0,0,8,2021,2021-08
Ghana,T20I,Ghana v Rwanda,Rwanda,Lost,57 runs,2021-08-20,Gahanga International Cricket Stadium. Rwanda,Neutral,1,0,1,0,0,8,2021,2021-08
Rwanda,T20I,Ghana v Rwanda,Ghana,Won,57 runs,2021-08-20,Gahanga International Cricket Stadium. Rwanda,Neutral,1,1,0,0,0,8,2021,2021-08
Ghana,T20I,Ghana v Rwanda,Rwanda,Won,,2021-08-20,Gahanga International Cricket Stadium. Rwanda,Neutral,1,1,0,0,0,8,2021,2021-08
Rwanda,T20I,Ghana v Rwanda,Ghana,Lost,,2021-08-20,Gahanga International Cricket Stadium. Rwanda,Neutral,1,0,1,0,0,8,2021,2021-08
Gibraltar,T20I,Gibraltar v Malta,Malta,Lost,4 runs,2021-08-21,Gucherre Cricket Ground,Neutral,1,0,1,0,0,8,2021,2021-08
Malta,T20I,Gibraltar v Malta,Gibraltar,Won,4 runs,2021-08-21,Gucherre Cricket Ground,Neutral,1,1,0,0,0,8,2021,2021-08
Ghana,T20I,Ghana v Rwanda,Rwanda,Won,7 wickets,2021-08-21,Gahanga International Cricket Stadium. Rwanda,Neutral,1,1,0,0,0,8,2021,2021-08
Rwanda,T20I,Ghana v Rwanda,Ghana,Lost,7 wickets,2021-08-21,Gahanga International Cricket Stadium. Rwanda,Neutral,1,0,1,0,0,8,2021,2021-08
Finland,T20I,Finland v Sweden,Sweden,Won,4 wickets,2021-08-21,Kerava National Cricket Ground,Neutral,1,1,0,0,0,8,2021,2021-08
Sweden,T20I,Finland v Sweden,Finland,Lost,4 wickets,2021-08-21,Kerava National Cricket Ground,Neutral,1,0,1,0,0,8,2021,2021-08
Finland,T20I,Finland v Sweden,Sweden,Won,4 wickets,2021-08-21,Kerava National Cricket Ground,Neutral,1,1,0,0,0,8,2021,2021-08
Sweden,T20I,Finland v Sweden,Finland,Lost,4 wickets,2021-08-21,Kerava National Cricket Ground,Neutral,1,0,1,0,0,8,2021,2021-08
Gibraltar,T20I,Gibraltar v Portugal,Portugal,Lost,110 runs,2021-08-22,Gucherre Cricket Ground,Neutral,1,0,1,0,0,8,2021,2021-08
Portugal,T20I,Gibraltar v Portugal,Gibraltar,Won,110 runs,2021-08-22,Gucherre Cricket Ground,Neutral,1,1,0,0,0,8,2021,2021-08
Finland,T20I,Finland v Sweden,Sweden,Lost,3 wickets,2021-08-22,Kerava National Cricket Ground,Neutral,1,0,1,0,0,8,2021,2021-08
Sweden,T20I,Finland v Sweden,Finland,Won,3 wickets,2021-08-22,Kerava National Cricket Ground,Neutral,1,1,0,0,0,8,2021,2021-08
Finland,T20I,Finland v Sweden,Sweden,Lost,6 wickets,2021-08-22,Kerava National Cricket Ground,Neutral,1,0,1,0,0,8,2021,2021-08
Sweden,T20I,Finland v Sweden,Finland,Won,6 wickets,2021-08-22,Kerava National Cricket Ground,Neutral,1,1,0,0,0,8,2021,2021-08
Ireland,T20I,Ireland v Zimbabwe,Zimbabwe,Lost,3 runs,2021-08-27,"Castle Avenue, Dublin",Neutral,1,0,1,0,0,8,2021,2021-08
Zimbabwe,T20I,Ireland v Zimbabwe,Ireland,Won,3 runs,2021-08-27,"Castle Avenue, Dublin",Neutral,1,1,0,0,0,8,2021,2021-08
Ireland,T20I,Ireland v Zimbabwe,Zimbabwe,Won,7 wickets,2021-08-29,"Castle Avenue, Dublin",Neutral,1,1,0,0,0,8,2021,2021-08
Zimbabwe,T20I,Ireland v Zimbabwe,Ireland,Lost,7 wickets,2021-08-29,"Castle Avenue, Dublin",Neutral,1,0,1,0,0,8,2021,2021-08
Bangladesh,T20I,Bangladesh v New Zealand,New Zealand,Won,7 wickets,2021-09-01,"Shere Bangla National Stadium, Mirpur",Neutral,1,1,0,0,0,9,2021,2021-09
New Zealand,T20I,Bangladesh v New Zealand,Bangladesh,Lost,7 wickets,2021-09-01,"Shere Bangla National Stadium, Mirpur",Neutral,1,0,1,0,0,9,2021,2021-09
Ireland,T20I,Ireland v Zimbabwe,Zimbabwe,Won,40 runs,2021-09-01,"Bready Cricket Club, Magheramason, Bready",Neutral,1,1,0,0,0,9,2021,2021-09
Zimbabwe,T20I,Ireland v Zimbabwe,Ireland,Lost,40 runs,2021-09-01,"Bready Cricket Club, Magheramason, Bready",Neutral,1,0,1,0,0,9,2021,2021-09
Ireland,T20I,Ireland v Zimbabwe,Zimbabwe,Won,64 runs,2021-09-02,"Bready Cricket Club, Magheramason, Bready",Neutral,1,1,0,0,0,9,2021,2021-09
Zimbabwe,T20I,Ireland v Zimbabwe,Ireland,Lost,64 runs,2021-09-02,"Bready Cricket Club, Magheramason, Bready",Neutral,1,0,1,0,0,9,2021,2021-09
Bulgaria,T20I,Bulgaria v Luxembourg,Luxembourg,Lost,62 runs,2021-09-02,"Moara Vlasiei Cricket Ground, Ilfov County",Neutral,1,0,1,0,0,9,2021,2021-09
Luxembourg,T20I,Bulgaria v Luxembourg,Bulgaria,Won,62 runs,2021-09-02,"Moara Vlasiei Cricket Ground, Ilfov County",Neutral,1,1,0,0,0,9,2021,2021-09
Czech Republic,T20I,Czech Republic v Hungary,Hungary,Lost,5 runs,2021-09-02,"Moara Vlasiei Cricket Ground, Ilfov County",Neutral,1,0,1,0,0,9,2021,2021-09
Hungary,T20I,Czech Republic v Hungary,Czech Republic,Won,5 runs,2021-09-02,"Moara Vlasiei Cricket Ground, Ilfov County",Neutral,1,1,0,0,0,9,2021,2021-09
Bangladesh,T20I,Bangladesh v New Zealand,New Zealand,Won,4 runs,2021-09-03,"Shere Bangla National Stadium, Mirpur",Neutral,1,1,0,0,0,9,2021,2021-09
New Zealand,T20I,Bangladesh v New Zealand,Bangladesh,Lost,4 runs,2021-09-03,"Shere Bangla National Stadium, Mirpur",Neutral,1,0,1,0,0,9,2021,2021-09
Czech Republic,T20I,Czech Republic v Romania,Romania,Lost,35 runs,2021-09-03,"Moara Vlasiei Cricket Ground, Ilfov County",Neutral,1,0,1,0,0,9,2021,2021-09
Romania,T20I,Czech Republic v Romania,Czech Republic,Won,35 runs,2021-09-03,"Moara Vlasiei Cricket Ground, Ilfov County",Neutral,1,1,0,0,0,9,2021,2021-09
Bulgaria,T20I,Bulgaria v Malta,Malta,Lost,7 wickets,2021-09-03,"Moara Vlasiei Cricket Ground, Ilfov County",Neutral,1,0,1,0,0,9,2021,2021-09
Malta,T20I,Bulgaria v Malta,Bulgaria,Won,7 wickets,2021-09-03,"Moara Vlasiei Cricket Ground, Ilfov County",Neutral,1,1,0,0,0,9,2021,2021-09
Hungary,T20I,Hungary v Romania,Romania,Lost,8 runs,2021-09-03,"Moara Vlasiei Cricket Ground, Ilfov County",Neutral,1,0,1,0,0,9,2021,2021-09
Romania,T20I,Hungary v Romania,Hungary,Won,8 runs,2021-09-03,"Moara Vlasiei Cricket Ground, Ilfov County",Neutral,1,1,0,0,0,9,2021,2021-09
Ireland,T20I,Ireland v Zimbabwe,Zimbabwe,Lost,5 runs,2021-09-04,"Bready Cricket Club, Magheramason, Bready",Neutral,1,0,1,0,0,9,2021,2021-09
Zimbabwe,T20I,Ireland v Zimbabwe,Ireland,Won,5 runs,2021-09-04,"Bready Cricket Club, Magheramason, Bready",Neutral,1,1,0,0,0,9,2021,2021-09
Hungary,T20I,Hungary v Luxembourg,Luxembourg,Lost,2 runs,2021-09-04,"Moara Vlasiei Cricket Ground, Ilfov County",Neutral,1,0,1,0,0,9,2021,2021-09
Luxembourg,T20I,Hungary v Luxembourg,Hungary,Won,2 runs,2021-09-04,"Moara Vlasiei Cricket Ground, Ilfov County",Neutral,1,1,0,0,0,9,2021,2021-09
Malta,T20I,Malta v Romania,Romania,Lost,36 runs,2021-09-04,"Moara Vlasiei Cricket Ground, Ilfov County",Neutral,1,0,1,0,0,9,2021,2021-09
Romania,T20I,Malta v Romania,Malta,Won,36 runs,2021-09-04,"Moara Vlasiei Cricket Ground, Ilfov County",Neutral,1,1,0,0,0,9,2021,2021-09
Bangladesh,T20I,Bangladesh v New Zealand,New Zealand,Lost,52 runs,2021-09-05,"Shere Bangla National Stadium, Mirpur",Neutral,1,0,1,0,0,9,2021,2021-09
New Zealand,T20I,Bangladesh v New Zealand,Bangladesh,Won,52 runs,2021-09-05,"Shere Bangla National Stadium, Mirpur",Neutral,1,1,0,0,0,9,2021,2021-09
Hungary,T20I,Hungary v Malta,Malta,Won,8 wickets,2021-09-05,"Moara Vlasiei Cricket Ground, Ilfov County",Neutral,1,1,0,0,0,9,2021,2021-09
Malta,T20I,Hungary v Malta,Hungary,Lost,8 wickets,2021-09-05,"Moara Vlasiei Cricket Ground, Ilfov County",Neutral,1,0,1,0,0,9,2021,2021-09
Luxembourg,T20I,Luxembourg v Romania,Romania,Lost,33 runs,2021-09-05,"Moara Vlasiei Cricket Ground, Ilfov County",Neutral,1,0,1,0,0,9,2021,2021-09
Romania,T20I,Luxembourg v Romania,Luxembourg,Won,33 runs,2021-09-05,"Moara Vlasiei Cricket Ground, Ilfov County",Neutral,1,1,0,0,0,9,2021,2021-09
Bangladesh,T20I,Bangladesh v New Zealand,New Zealand,Won,6 wickets,2021-09-08,"Shere Bangla National Stadium, Mirpur",Neutral,1,1,0,0,0,9,2021,2021-09
New Zealand,T20I,Bangladesh v New Zealand,Bangladesh,Lost,6 wickets,2021-09-08,"Shere Bangla National Stadium, Mirpur",Neutral,1,0,1,0,0,9,2021,2021-09
South Africa,T20I,South Africa v Sri Lanka,Sri Lanka,Won,28 runs,2021-09-10,"R Premadasa Stadium, Colombo",Neutral,1,1,0,0,0,9,2021,2021-09
Sri Lanka,T20I,South Africa v Sri Lanka,South Africa,Lost,28 runs,2021-09-10,"R Premadasa Stadium, Colombo",Neutral,1,0,1,0,0,9,2021,2021-09
Bangladesh,T20I,Bangladesh v New Zealand,New Zealand,Lost,27 runs,2021-09-10,"Shere Bangla National Stadium, Mirpur",Neutral,1,0,1,0,0,9,2021,2021-09
New Zealand,T20I,Bangladesh v New Zealand,Bangladesh,Won,27 runs,2021-09-10,"Shere Bangla National Stadium, Mirpur",Neutral,1,1,0,0,0,9,2021,2021-09
Kenya,T20I,Kenya v Uganda,Uganda,Won,22 runs,2021-09-10,Entebbe Cricket Oval,Neutral,1,1,0,0,0,9,2021,2021-09
Uganda,T20I,Kenya v Uganda,Kenya,Lost,22 runs,2021-09-10,Entebbe Cricket Oval,Neutral,1,0,1,0,0,9,2021,2021-09
Germany,T20I,Germany v Spain,Spain,Won,7 wickets,2021-09-10,"Desert Springs Cricket Ground, Almeria",Neutral,1,1,0,0,0,9,2021,2021-09
Spain,T20I,Germany v Spain,Germany,Lost,7 wickets,2021-09-10,"Desert Springs Cricket Ground, Almeria",Neutral,1,0,1,0,0,9,2021,2021-09
Kenya,T20I,Kenya v Nigeria,Nigeria,Won,8 wickets,2021-09-11,Entebbe Cricket Oval,Neutral,1,1,0,0,0,9,2021,2021-09
Nigeria,T20I,Kenya v Nigeria,Kenya,Lost,8 wickets,2021-09-11,Entebbe Cricket Oval,Neutral,1,0,1,0,0,9,2021,2021-09
Nigeria,T20I,Nigeria v Uganda,Uganda,Lost,56 runs,2021-09-11,Entebbe Cricket Oval,Neutral,1,0,1,0,0,9,2021,2021-09
Uganda,T20I,Nigeria v Uganda,Nigeria,Won,56 runs,2021-09-11,Entebbe Cricket Oval,Neutral,1,1,0,0,0,9,2021,2021-09
Germany,T20I,Germany v Spain,Spain,Lost,5 wickets,2021-09-11,"Desert Springs Cricket Ground, Almeria",Neutral,1,0,1,0,0,9,2021,2021-09
Spain,T20I,Germany v Spain,Germany,Won,5 wickets,2021-09-11,"Desert Springs Cricket Ground, Almeria",Neutral,1,1,0,0,0,9,2021,2021-09
Germany,T20I,Germany v Spain,Spain,Lost,1 wickets,2021-09-11,"Desert Springs Cricket Ground, Almeria",Neutral,1,0,1,0,0,9,2021,2021-09
Spain,T20I,Germany v Spain,Germany,Won,1 wickets,2021-09-11,"Desert Springs Cricket Ground, Almeria",Neutral,1,1,0,0,0,9,2021,2021-09
South Africa,T20I,South Africa v Sri Lanka,Sri Lanka,Won,9 wickets,2021-09-12,"R Premadasa Stadium, Colombo",Neutral,1,1,0,0,0,9,2021,2021-09
Sri Lanka,T20I,South Africa v Sri Lanka,South Africa,Lost,9 wickets,2021-09-12,"R Premadasa Stadium, Colombo",Neutral,1,0,1,0,0,9,2021,2021-09
Kenya,T20I,Kenya v Nigeria,Nigeria,Won,61 runs,2021-09-13,Entebbe Cricket Oval,Neutral,1,1,0,0,0,9,2021,2021-09
Nigeria,T20I,Kenya v Nigeria,Kenya,Lost,61 runs,2021-09-13,Entebbe Cricket Oval,Neutral,1,0,1,0,0,9,2021,2021-09
Nigeria,T20I,Nigeria v Uganda,Uganda,Lost,8 wickets,2021-09-13,Entebbe Cricket Oval,Neutral,1,0,1,0,0,9,2021,2021-09
Uganda,T20I,Nigeria v Uganda,Nigeria,Won,8 wickets,2021-09-13,Entebbe Cricket Oval,Neutral,1,1,0,0,0,9,2021,2021-09
South Africa,T20I,South Africa v Sri Lanka,Sri Lanka,Won,10 wickets,2021-09-14,"R Premadasa Stadium, Colombo",Neutral,1,1,0,0,0,9,2021,2021-09
Sri Lanka,T20I,South Africa v Sri Lanka,South Africa,Lost,10 wickets,2021-09-14,"R Premadasa Stadium, Colombo",Neutral,1,0,1,0,0,9,2021,2021-09
Scotland,T20I,Scotland v Zimbabwe,Zimbabwe,Won,7 runs,2021-09-15,"Grange Cricket Club Ground, Raeburn Place, Edinburgh",Neutral,1,1,0,0,0,9,2021,2021-09
Zimbabwe,T20I,Scotland v Zimbabwe,Scotland,Lost,7 runs,2021-09-15,"Grange Cricket Club Ground, Raeburn Place, Edinburgh",Neutral,1,0,1,0,0,9,2021,2021-09
Nigeria,T20I,Nigeria v Uganda,Uganda,Lost,55 runs,2021-09-15,Entebbe Cricket Oval,Neutral,1,0,1,0,0,9,2021,2021-09
Uganda,T20I,Nigeria v Uganda,Nigeria,Won,55 runs,2021-09-15,Entebbe Cricket Oval,Neutral,1,1,0,0,0,9,2021,2021-09
Kenya,T20I,Kenya v Nigeria,Nigeria,Lost,4 runs,2021-09-16,Entebbe Cricket Oval,Neutral,1,0,1,0,0,9,2021,2021-09
Nigeria,T20I,Kenya v Nigeria,Kenya,Won,4 runs,2021-09-16,Entebbe Cricket Oval,Neutral,1,1,0,0,0,9,2021,2021-09
Scotland,T20I,Scotland v Zimbabwe,Zimbabwe,Lost,10 runs,2021-09-17,"Grange Cricket Club Ground, Raeburn Place, Edinburgh",Neutral,1,0,1,0,0,9,2021,2021-09
Zimbabwe,T20I,Scotland v Zimbabwe,Scotland,Won,10 runs,2021-09-17,"Grange Cricket Club Ground, Raeburn Place, Edinburgh",Neutral,1,1,0,0,0,9,2021,2021-09
Kenya,T20I,Kenya v Uganda,Uganda,Lost,6 runs,2021-09-17,Entebbe Cricket Oval,Neutral,1,0,1,0,0,9,2021,2021-09
Uganda,T20I,Kenya v Uganda,Kenya,Won,6 runs,2021-09-17,Entebbe Cricket Oval,Neutral,1,1,0,0,0,9,2021,2021-09
Scotland,T20I,Scotland v Zimbabwe,Zimbabwe,Lost,6 wickets,2021-09-19,"Grange Cricket Club Ground, Raeburn Place, Edinburgh",Neutral,1,0,1,0,0,9,2021,2021-09
Zimbabwe,T20I,Scotland v Zimbabwe,Scotland,Won,6 wickets,2021-09-19,"Grange Cricket Club Ground, Raeburn Place, Edinburgh",Neutral,1,1,0,0,0,9,2021,2021-09
Cyprus,T20I,Cyprus v Estonia,Estonia,Won,4 wickets,2021-10-05,Happy Valley Ground,Neutral,1,1,0,0,0,10,2021,2021-10
Estonia,T20I,Cyprus v Estonia,Cyprus,Lost,4 wickets,2021-10-05,Happy Valley Ground,Neutral,1,0,1,0,0,10,2021,2021-10
Cyprus,T20I,Cyprus v Estonia,Estonia,Won,8 wickets,2021-10-05,Happy Valley Ground,Neutral,1,1,0,0,0,10,2021,2021-10
Estonia,T20I,Cyprus v Estonia,Cyprus,Lost,8 wickets,2021-10-05,Happy Valley Ground,Neutral,1,0,1,0,0,10,2021,2021-10
Cyprus,T20I,Cyprus v Isle of Man,Isle of Man,Lost,8 wickets,2021-10-06,Happy Valley Ground,Neutral,1,0,1,0,0,10,2021,2021-10
Isle of Man,T20I,Cyprus v Isle of Man,Cyprus,Won,8 wickets,2021-10-06,Happy Valley Ground,Neutral,1,1,0,0,0,10,2021,2021-10
Estonia,T20I,Estonia v Isle of Man,Isle of Man,Lost,6 wickets,2021-10-06,Happy Valley Ground,Neutral,1,0,1,0,0,10,2021,2021-10
Isle of Man,T20I,Estonia v Isle of Man,Estonia,Won,6 wickets,2021-10-06,Happy Valley Ground,Neutral,1,1,0,0,0,10,2021,2021-10
Cyprus,T20I,Cyprus v Isle of Man,Isle of Man,Lost,3 wickets,2021-10-07,Happy Valley Ground,Neutral,1,0,1,0,0,10,2021,2021-10
Isle of Man,T20I,Cyprus v Isle of Man,Cyprus,Won,3 wickets,2021-10-07,Happy Valley Ground,Neutral,1,1,0,0,0,10,2021,2021-10
Ireland,T20I,Ireland v United Arab Emirates,United Arab Emirates,Won,7 wickets,2021-10-07,"ICC Academy, Dubai",Neutral,1,1,0,0,0,10,2021,2021-10
United Arab Emirates,T20I,Ireland v United Arab Emirates,Ireland,Lost,7 wickets,2021-10-07,"ICC Academy, Dubai",Neutral,1,0,1,0,0,10,2021,2021-10
Cyprus,T20I,Cyprus v Estonia,Estonia,Won,39 runs,2021-10-08,Happy Valley Ground,Neutral,1,1,0,0,0,10,2021,2021-10
Estonia,T20I,Cyprus v Estonia,Cyprus,Lost,39 runs,2021-10-08,Happy Valley Ground,Neutral,1,0,1,0,0,10,2021,2021-10
Estonia,T20I,Estonia v Isle of Man,Isle of Man,Lost,8 wickets,2021-10-08,Happy Valley Ground,Neutral,1,0,1,0,0,10,2021,2021-10
Isle of Man,T20I,Estonia v Isle of Man,Estonia,Won,8 wickets,2021-10-08,Happy Valley Ground,Neutral,1,1,0,0,0,10,2021,2021-10
Ireland,T20I,Ireland v United Arab Emirates,United Arab Emirates,Lost,54 runs,2021-10-08,"ICC Academy, Dubai",Neutral,1,0,1,0,0,10,2021,2021-10
United Arab Emirates,T20I,Ireland v United Arab Emirates,Ireland,Won,54 runs,2021-10-08,"ICC Academy, Dubai",Neutral,1,1,0,0,0,10,2021,2021-10
Papua New Guinea,T20I,Papua New Guinea v Scotland,Scotland,Lost,8 wickets,2021-10-08,"ICC Academy, Dubai",Neutral,1,0,1,0,0,10,2021,2021-10
Scotland,T20I,Papua New Guinea v Scotland,Papua New Guinea,Won,8 wickets,2021-10-08,"ICC Academy, Dubai",Neutral,1,1,0,0,0,10,2021,2021-10
Namibia,T20I,Namibia v Scotland,Scotland,Won,5 wickets,2021-10-09,"ICC Academy, Dubai",Neutral,1,1,0,0,0,10,2021,2021-10
Scotland,T20I,Namibia v Scotland,Namibia,Lost,5 wickets,2021-10-09,"ICC Academy, Dubai",Neutral,1,0,1,0,0,10,2021,2021-10
Namibia,T20I,Namibia v Papua New Guinea,Papua New Guinea,Won,14 runs,2021-10-10,"ICC Academy, Dubai",Neutral,1,1,0,0,0,10,2021,2021-10
Papua New Guinea,T20I,Namibia v Papua New Guinea,Namibia,Lost,14 runs,2021-10-10,"ICC Academy, Dubai",Neutral,1,0,1,0,0,10,2021,2021-10
Ireland,T20I,Ireland v United Arab Emirates,United Arab Emirates,Lost,7 wickets,2021-10-10,"ICC Academy, Dubai",Neutral,1,0,1,0,0,10,2021,2021-10
United Arab Emirates,T20I,Ireland v United Arab Emirates,Ireland,Won,7 wickets,2021-10-10,"ICC Academy, Dubai",Neutral,1,1,0,0,0,10,2021,2021-10
Germany,T20I,Germany v Jersey,Jersey,Lost,4 runs,2021-10-15,"Desert Springs Cricket Ground, Almeria",Neutral,1,0,1,0,0,10,2021,2021-10
Jersey,T20I,Germany v Jersey,Germany,Won,4 runs,2021-10-15,"Desert Springs Cricket Ground, Almeria",Neutral,1,1,0,0,0,10,2021,2021-10
Denmark,T20I,Denmark v Italy,Italy,Lost,6 wickets,2021-10-15,"Desert Springs Cricket Ground, Almeria",Neutral,1,0,1,0,0,10,2021,2021-10
Italy,T20I,Denmark v Italy,Denmark,Won,6 wickets,2021-10-15,"Desert Springs Cricket Ground, Almeria",Neutral,1,1,0,0,0,10,2021,2021-10
Denmark,T20I,Denmark v Germany,Germany,Lost,6 wickets,2021-10-16,"Desert Springs Cricket Ground, Almeria",Neutral,1,0,1,0,0,10,2021,2021-10
Germany,T20I,Denmark v Germany,Denmark,Won,6 wickets,2021-10-16,"Desert Springs Cricket Ground, Almeria",Neutral,1,1,0,0,0,10,2021,2021-10
Italy,T20I,Italy v Jersey,Jersey,Lost,41 runs,2021-10-16,"Desert Springs Cricket Ground, Almeria",Neutral,1,0,1,0,0,10,2021,2021-10
Jersey,T20I,Italy v Jersey,Italy,Won,41 runs,2021-10-16,"Desert Springs Cricket Ground, Almeria",Neutral,1,1,0,0,0,10,2021,2021-10
Ghana,T20I,Ghana v Rwanda,Rwanda,Won,5 wickets,2021-10-16,Gahanga International Cricket Stadium. Rwanda,Neutral,1,1,0,0,0,10,2021,2021-10
Rwanda,T20I,Ghana v Rwanda,Ghana,Lost,5 wickets,2021-10-16,Gahanga International Cricket Stadium. Rwanda,Neutral,1,0,1,0,0,10,2021,2021-10
Ghana,T20I,Ghana v Seychelles,Seychelles,Won,9 wickets,2021-10-16,Gahanga International Cricket Stadium. Rwanda,Neutral,1,1,0,0,0,10,2021,2021-10
Seychelles,T20I,Ghana v Seychelles,Ghana,Lost,9 wickets,2021-10-16,Gahanga International Cricket Stadium. Rwanda,Neutral,1,0,1,0,0,10,2021,2021-10
Malawi,T20I,Malawi v Uganda,Uganda,Lost,10 wickets,2021-10-16,Integrated Polytechnic Regional Centre,Neutral,1,0,1,0,0,10,2021,2021-10
Uganda,T20I,Malawi v Uganda,Malawi,Won,10 wickets,2021-10-16,Integrated Polytechnic Regional Centre,Neutral,1,1,0,0,0,10,2021,2021-10
Oman,T20I,Oman v Papua New Guinea,Papua New Guinea,Won,10 wickets,2021-10-17,Al Amerat Cricket Ground Oman Cricket (Ministry Turf 1),Neutral,1,1,0,0,0,10,2021,2021-10
Papua New Guinea,T20I,Oman v Papua New Guinea,Oman,Lost,10 wickets,2021-10-17,Al Amerat Cricket Ground Oman Cricket (Ministry Turf 1),Neutral,1,0,1,0,0,10,2021,2021-10
Bangladesh,T20I,Bangladesh v Scotland,Scotland,Lost,6 runs,2021-10-17,Al Amerat Cricket Ground Oman Cricket (Ministry Turf 1),Neutral,1,0,1,0,0,10,2021,2021-10
Scotland,T20I,Bangladesh v Scotland,Bangladesh,Won,6 runs,2021-10-17,Al Amerat Cricket Ground Oman Cricket (Ministry Turf 1),Neutral,1,1,0,0,0,10,2021,2021-10
Denmark,T20I,Denmark v Jersey,Jersey,Lost,5 runs,2021-10-17,"Desert Springs Cricket Ground, Almeria",Neutral,1,0,1,0,0,10,2021,2021-10
Jersey,T20I,Denmark v Jersey,Denmark,Won,5 runs,2021-10-17,"Desert Springs Cricket Ground, Almeria",Neutral,1,1,0,0,0,10,2021,2021-10
Germany,T20I,Germany v Italy,Italy,Won,4 wickets,2021-10-17,"Desert Springs Cricket Ground, Almeria",Neutral,1,1,0,0,0,10,2021,2021-10
Italy,T20I,Germany v Italy,Germany,Lost,4 wickets,2021-10-17,"Desert Springs Cricket Ground, Almeria",Neutral,1,0,1,0,0,10,2021,2021-10
Lesotho,T20I,Lesotho v Seychelles,Seychelles,Lost,6 wickets,2021-10-17,Gahanga International Cricket Stadium. Rwanda,Neutral,1,0,1,0,0,10,2021,2021-10
Seychelles,T20I,Lesotho v Seychelles,Lesotho,Won,6 wickets,2021-10-17,Gahanga International Cricket Stadium. Rwanda,Neutral,1,1,0,0,0,10,2021,2021-10
Malawi,T20I,Malawi v Swaziland,Swaziland,Won,8 wickets,2021-10-17,Integrated Polytechnic Regional Centre,Neutral,1,1,0,0,0,10,2021,2021-10
Swaziland,T20I,Malawi v Swaziland,Malawi,Lost,8 wickets,2021-10-17,Integrated Polytechnic Regional Centre,Neutral,1,0,1,0,0,10,2021,2021-10
Rwanda,T20I,Rwanda v Uganda,Uganda,Lost,106 runs,2021-10-17,Integrated Polytechnic Regional Centre,Neutral,1,0,1,0,0,10,2021,2021-10
Uganda,T20I,Rwanda v Uganda,Rwanda,Won,106 runs,2021-10-17,Integrated Polytechnic Regional Centre,Neutral,1,1,0,0,0,10,2021,2021-10
Ireland,T20I,Ireland v Netherlands,Netherlands,Won,7 wickets,2021-10-18,"Zayed Cricket Stadium, Abu Dhabi",Neutral,1,1,0,0,0,10,2021,2021-10
Netherlands,T20I,Ireland v Netherlands,Ireland,Lost,7 wickets,2021-10-18,"Zayed Cricket Stadium, Abu Dhabi",Neutral,1,0,1,0,0,10,2021,2021-10
Namibia,T20I,Namibia v Sri Lanka,Sri Lanka,Lost,7 wickets,2021-10-18,"Zayed Cricket Stadium, Abu Dhabi",Neutral,1,0,1,0,0,10,2021,2021-10
Sri Lanka,T20I,Namibia v Sri Lanka,Namibia,Won,7 wickets,2021-10-18,"Zayed Cricket Stadium, Abu Dhabi",Neutral,1,1,0,0,0,10,2021,2021-10
Papua New Guinea,T20I,Papua New Guinea v Scotland,Scotland,Lost,17 runs,2021-10-19,Al Amerat Cricket Ground Oman Cricket (Ministry Turf 1),Neutral,1,0,1,0,0,10,2021,2021-10
Scotland,T20I,Papua New Guinea v Scotland,Papua New Guinea,Won,17 runs,2021-10-19,Al Amerat Cricket Ground Oman Cricket (Ministry Turf 1),Neutral,1,1,0,0,0,10,2021,2021-10
Bangladesh,T20I,Bangladesh v Oman,Oman,Won,26 runs,2021-10-19,Al Amerat Cricket Ground Oman Cricket (Ministry Turf 1),Neutral,1,1,0,0,0,10,2021,2021-10
Oman,T20I,Bangladesh v Oman,Bangladesh,Lost,26 runs,2021-10-19,Al Amerat Cricket Ground Oman Cricket (Ministry Turf 1),Neutral,1,0,1,0,0,10,2021,2021-10
Denmark,T20I,Denmark v Italy,Italy,Lost,9 runs,2021-10-19,"Desert Springs Cricket Ground, Almeria",Neutral,1,0,1,0,0,10,2021,2021-10
Italy,T20I,Denmark v Italy,Denmark,Won,9 runs,2021-10-19,"Desert Springs Cricket Ground, Almeria",Neutral,1,1,0,0,0,10,2021,2021-10
Germany,T20I,Germany v Jersey,Jersey,Lost,4 wickets,2021-10-19,"Desert Springs Cricket Ground, Almeria",Neutral,1,0,1,0,0,10,2021,2021-10
Jersey,T20I,Germany v Jersey,Germany,Won,4 wickets,2021-10-19,"Desert Springs Cricket Ground, Almeria",Neutral,1,1,0,0,0,10,2021,2021-10
Ghana,T20I,Ghana v Malawi,Malawi,Won,7 wickets,2021-10-19,Gahanga International Cricket Stadium. Rwanda,Neutral,1,1,0,0,0,10,2021,2021-10
Malawi,T20I,Ghana v Malawi,Ghana,Lost,7 wickets,2021-10-19,Gahanga International Cricket Stadium. Rwanda,Neutral,1,0,1,0,0,10,2021,2021-10
Lesotho,T20I,Lesotho v Uganda,Uganda,Lost,10 wickets,2021-10-19,Integrated Polytechnic Regional Centre,Neutral,1,0,1,0,0,10,2021,2021-10
Uganda,T20I,Lesotho v Uganda,Lesotho,Won,10 wickets,2021-10-19,Integrated Polytechnic Regional Centre,Neutral,1,1,0,0,0,10,2021,2021-10
Swaziland,T20I,Swaziland v Uganda,Uganda,Lost,6 wickets,2021-10-19,Integrated Polytechnic Regional Centre,Neutral,1,0,1,0,0,10,2021,2021-10
Uganda,T20I,Swaziland v Uganda,Swaziland,Won,6 wickets,2021-10-19,Integrated Polytechnic Regional Centre,Neutral,1,1,0,0,0,10,2021,2021-10
Nigeria,T20I,Nigeria v Sierra Leone,Sierra Leone,Lost,6 wickets,2021-10-19,University of Lagos Cricket Oval,Neutral,1,0,1,0,0,10,2021,2021-10
Sierra Leone,T20I,Nigeria v Sierra Leone,Nigeria,Won,6 wickets,2021-10-19,University of Lagos Cricket Oval,Neutral,1,1,0,0,0,10,2021,2021-10
Namibia,T20I,Namibia v Netherlands,Netherlands,Won,6 wickets,2021-10-20,"Zayed Cricket Stadium, Abu Dhabi",Neutral,1,1,0,0,0,10,2021,2021-10
Netherlands,T20I,Namibia v Netherlands,Namibia,Lost,6 wickets,2021-10-20,"Zayed Cricket Stadium, Abu Dhabi",Neutral,1,0,1,0,0,10,2021,2021-10
Ireland,T20I,Ireland v Sri Lanka,Sri Lanka,Lost,70 runs,2021-10-20,"Zayed Cricket Stadium, Abu Dhabi",Neutral,1,0,1,0,0,10,2021,2021-10
Sri Lanka,T20I,Ireland v Sri Lanka,Ireland,Won,70 runs,2021-10-20,"Zayed Cricket Stadium, Abu Dhabi",Neutral,1,1,0,0,0,10,2021,2021-10
Italy,T20I,Italy v Jersey,Jersey,Lost,8 wickets,2021-10-20,"Desert Springs Cricket Ground, Almeria",Neutral,1,0,1,0,0,10,2021,2021-10
Jersey,T20I,Italy v Jersey,Italy,Won,8 wickets,2021-10-20,"Desert Springs Cricket Ground, Almeria",Neutral,1,1,0,0,0,10,2021,2021-10
Denmark,T20I,Denmark v Germany,Germany,Lost,12 runs,2021-10-20,"Desert Springs Cricket Ground, Almeria",Neutral,1,0,1,0,0,10,2021,2021-10
Germany,T20I,Denmark v Germany,Denmark,Won,12 runs,2021-10-20,"Desert Springs Cricket Ground, Almeria",Neutral,1,1,0,0,0,10,2021,2021-10
Malawi,T20I,Malawi v Seychelles,Seychelles,Won,21 runs,2021-10-20,Gahanga International Cricket Stadium. Rwanda,Neutral,1,1,0,0,0,10,2021,2021-10
Seychelles,T20I,Malawi v Seychelles,Malawi,Lost,21 runs,2021-10-20,Gahanga International Cricket Stadium. Rwanda,Neutral,1,0,1,0,0,10,2021,2021-10
Ghana,T20I,Ghana v Swaziland,Swaziland,Won,7 wickets,2021-10-20,Integrated Polytechnic Regional Centre,Neutral,1,1,0,0,0,10,2021,2021-10
Swaziland,T20I,Ghana v Swaziland,Ghana,Lost,7 wickets,2021-10-20,Integrated Polytechnic Regional Centre,Neutral,1,0,1,0,0,10,2021,2021-10
Seychelles,T20I,Seychelles v Swaziland,Swaziland,Won,7 wickets,2021-10-20,Gahanga International Cricket Stadium. Rwanda,Neutral,1,1,0,0,0,10,2021,2021-10
Swaziland,T20I,Seychelles v Swaziland,Seychelles,Lost,7 wickets,2021-10-20,Gahanga International Cricket Stadium. Rwanda,Neutral,1,0,1,0,0,10,2021,2021-10
Lesotho,T20I,Lesotho v Rwanda,Rwanda,Lost,22 runs,2021-10-20,Integrated Polytechnic Regional Centre,Neutral,1,0,1,0,0,10,2021,2021-10
Rwanda,T20I,Lesotho v Rwanda,Lesotho,Won,22 runs,2021-10-20,Integrated Polytechnic Regional Centre,Neutral,1,1,0,0,0,10,2021,2021-10
Bangladesh,T20I,Bangladesh v Papua New Guinea,Papua New Guinea,Won,84 runs,2021-10-21,Al Amerat Cricket Ground Oman Cricket (Ministry Turf 1),Neutral,1,1,0,0,0,10,2021,2021-10
Papua New Guinea,T20I,Bangladesh v Papua New Guinea,Bangladesh,Lost,84 runs,2021-10-21,Al Amerat Cricket Ground Oman Cricket (Ministry Turf 1),Neutral,1,0,1,0,0,10,2021,2021-10
Oman,T20I,Oman v Scotland,Scotland,Lost,8 wickets,2021-10-21,Al Amerat Cricket Ground Oman Cricket (Ministry Turf 1),Neutral,1,0,1,0,0,10,2021,2021-10
Scotland,T20I,Oman v Scotland,Oman,Won,8 wickets,2021-10-21,Al Amerat Cricket Ground Oman Cricket (Ministry Turf 1),Neutral,1,1,0,0,0,10,2021,2021-10
Gibraltar,T20I,Gibraltar v Malta,Malta,Lost,61 runs,2021-10-21,Marsa Sports Club,Neutral,1,0,1,0,0,10,2021,2021-10
Malta,T20I,Gibraltar v Malta,Gibraltar,Won,61 runs,2021-10-21,Marsa Sports Club,Neutral,1,1,0,0,0,10,2021,2021-10
Germany,T20I,Germany v Italy,Italy,Lost,1 runs,2021-10-21,"Desert Springs Cricket Ground, Almeria",Neutral,1,0,1,0,0,10,2021,2021-10
Italy,T20I,Germany v Italy,Germany,Won,1 runs,2021-10-21,"Desert Springs Cricket Ground, Almeria",Neutral,1,1,0,0,0,10,2021,2021-10
Denmark,T20I,Denmark v Jersey,Jersey,Lost,4 wickets,2021-10-21,"Desert Springs Cricket Ground, Almeria",Neutral,1,0,1,0,0,10,2021,2021-10
Jersey,T20I,Denmark v Jersey,Denmark,Won,4 wickets,2021-10-21,"Desert Springs Cricket Ground, Almeria",Neutral,1,1,0,0,0,10,2021,2021-10
Ghana,T20I,Ghana v Uganda,Uganda,Lost,79 runs,2021-10-21,Gahanga International Cricket Stadium. Rwanda,Neutral,1,0,1,0,0,10,2021,2021-10
Uganda,T20I,Ghana v Uganda,Ghana,Won,79 runs,2021-10-21,Gahanga International Cricket Stadium. Rwanda,Neutral,1,1,0,0,0,10,2021,2021-10
Nigeria,T20I,Nigeria v Sierra Leone,Sierra Leone,Won,69 runs,2021-10-21,University of Lagos Cricket Oval,Neutral,1,1,0,0,0,10,2021,2021-10
Sierra Leone,T20I,Nigeria v Sierra Leone,Nigeria,Lost,69 runs,2021-10-21,University of Lagos Cricket Oval,Neutral,1,0,1,0,0,10,2021,2021-10
Ireland,T20I,Ireland v Namibia,Namibia,Lost,8 wickets,2021-10-22,Sharjah Cricket Stadium,Neutral,1,0,1,0,0,10,2021,2021-10
Namibia,T20I,Ireland v Namibia,Ireland,Won,8 wickets,2021-10-22,Sharjah Cricket Stadium,Neutral,1,1,0,0,0,10,2021,2021-10
Netherlands,T20I,Netherlands v Sri Lanka,Sri Lanka,Lost,8 wickets,2021-10-22,Sharjah Cricket Stadium,Neutral,1,0,1,0,0,10,2021,2021-10
Sri Lanka,T20I,Netherlands v Sri Lanka,Netherlands,Won,8 wickets,2021-10-22,Sharjah Cricket Stadium,Neutral,1,1,0,0,0,10,2021,2021-10
Gibraltar,T20I,Gibraltar v Switzerland,Switzerland,Lost,9 wickets,2021-10-22,Marsa Sports Club,Neutral,1,0,1,0,0,10,2021,2021-10
Switzerland,T20I,Gibraltar v Switzerland,Gibraltar,Won,9 wickets,2021-10-22,Marsa Sports Club,Neutral,1,1,0,0,0,10,2021,2021-10
Bulgaria,T20I,Bulgaria v Switzerland,Switzerland,Lost,8 wickets,2021-10-22,Marsa Sports Club,Neutral,1,0,1,0,0,10,2021,2021-10
Switzerland,T20I,Bulgaria v Switzerland,Bulgaria,Won,8 wickets,2021-10-22,Marsa Sports Club,Neutral,1,1,0,0,0,10,2021,2021-10
Rwanda,T20I,Rwanda v Swaziland,Swaziland,Won,7 wickets,2021-10-22,Gahanga International Cricket Stadium. Rwanda,Neutral,1,1,0,0,0,10,2021,2021-10
Swaziland,T20I,Rwanda v Swaziland,Rwanda,Lost,7 wickets,2021-10-22,Gahanga International Cricket Stadium. Rwanda,Neutral,1,0,1,0,0,10,2021,2021-10
Malawi,T20I,Malawi v Rwanda,Rwanda,Won,24 runs,2021-10-22,Gahanga International Cricket Stadium. Rwanda,Neutral,1,1,0,0,0,10,2021,2021-10
Rwanda,T20I,Malawi v Rwanda,Malawi,Lost,24 runs,2021-10-22,Gahanga International Cricket Stadium. Rwanda,Neutral,1,0,1,0,0,10,2021,2021-10
Seychelles,T20I,Seychelles v Uganda,Uganda,Lost,95 runs,2021-10-22,Integrated Polytechnic Regional Centre,Neutral,1,0,1,0,0,10,2021,2021-10
Uganda,T20I,Seychelles v Uganda,Seychelles,Won,95 runs,2021-10-22,Integrated Polytechnic Regional Centre,Neutral,1,1,0,0,0,10,2021,2021-10
Australia,T20I,Australia v South Africa,South Africa,Won,5 wickets,2021-10-23,"Zayed Cricket Stadium, Abu Dhabi",Neutral,1,1,0,0,0,10,2021,2021-10
South Africa,T20I,Australia v South Africa,Australia,Lost,5 wickets,2021-10-23,"Zayed Cricket Stadium, Abu Dhabi",Neutral,1,0,1,0,0,10,2021,2021-10
England,T20I,England v West Indies,West Indies,Won,6 wickets,2021-10-23,Dubai International Cricket Stadium,Neutral,1,1,0,0,0,10,2021,2021-10
West Indies,T20I,England v West Indies,England,Lost,6 wickets,2021-10-23,Dubai International Cricket Stadium,Neutral,1,0,1,0,0,10,2021,2021-10
Malta,T20I,Malta v Switzerland,Switzerland,Lost,8 runs,2021-10-23,Marsa Sports Club,Neutral,1,0,1,0,0,10,2021,2021-10
Switzerland,T20I,Malta v Switzerland,Malta,Won,8 runs,2021-10-23,Marsa Sports Club,Neutral,1,1,0,0,0,10,2021,2021-10
Nigeria,T20I,Nigeria v Sierra Leone,Sierra Leone,Won,9 wickets,2021-10-23,University of Lagos Cricket Oval,Neutral,1,1,0,0,0,10,2021,2021-10
Sierra Leone,T20I,Nigeria v Sierra Leone,Nigeria,Lost,9 wickets,2021-10-23,University of Lagos Cricket Oval,Neutral,1,0,1,0,0,10,2021,2021-10
Maldives,T20I,Maldives v Saudi Arabia,Saudi Arabia,Lost,7 wickets,2021-10-23,"West End Park International Cricket Stadium, Doha",Neutral,1,0,1,0,0,10,2021,2021-10
Saudi Arabia,T20I,Maldives v Saudi Arabia,Maldives,Won,7 wickets,2021-10-23,"West End Park International Cricket Stadium, Doha",Neutral,1,1,0,0,0,10,2021,2021-10
Bangladesh,T20I,Bangladesh v Sri Lanka,Sri Lanka,Lost,5 wickets,2021-10-24,Sharjah Cricket Stadium,Neutral,1,0,1,0,0,10,2021,2021-10
Sri Lanka,T20I,Bangladesh v Sri Lanka,Bangladesh,Won,5 wickets,2021-10-24,Sharjah Cricket Stadium,Neutral,1,1,0,0,0,10,2021,2021-10
India,T20I,India v Pakistan,Pakistan,Lost,10 wickets,2021-10-24,Dubai International Cricket Stadium,Neutral,1,0,1,0,0,10,2021,2021-10
Pakistan,T20I,India v Pakistan,India,Won,10 wickets,2021-10-24,Dubai International Cricket Stadium,Neutral,1,1,0,0,0,10,2021,2021-10
Bulgaria,T20I,Bulgaria v Gibraltar,Gibraltar,Won,6 wickets,2021-10-24,Marsa Sports Club,Neutral,1,1,0,0,0,10,2021,2021-10
Gibraltar,T20I,Bulgaria v Gibraltar,Bulgaria,Lost,6 wickets,2021-10-24,Marsa Sports Club,Neutral,1,0,1,0,0,10,2021,2021-10
Malta,T20I,Malta v Switzerland,Switzerland,Won,6 runs,2021-10-24,Marsa Sports Club,Neutral,1,1,0,0,0,10,2021,2021-10
Switzerland,T20I,Malta v Switzerland,Malta,Lost,6 runs,2021-10-24,Marsa Sports Club,Neutral,1,0,1,0,0,10,2021,2021-10
Nigeria,T20I,Nigeria v Sierra Leone,Sierra Leone,Won,19 runs,2021-10-24,University of Lagos Cricket Oval,Neutral,1,1,0,0,0,10,2021,2021-10
Sierra Leone,T20I,Nigeria v Sierra Leone,Nigeria,Lost,19 runs,2021-10-24,University of Lagos Cricket Oval,Neutral,1,0,1,0,0,10,2021,2021-10
Bahrain,T20I,Bahrain v Kuwait,Kuwait,Lost,6 wickets,2021-10-24,"West End Park International Cricket Stadium, Doha",Neutral,1,0,1,0,0,10,2021,2021-10
Kuwait,T20I,Bahrain v Kuwait,Bahrain,Won,6 wickets,2021-10-24,"West End Park International Cricket Stadium, Doha",Neutral,1,1,0,0,0,10,2021,2021-10
Maldives,T20I,Maldives v Qatar,Qatar,Lost,98 runs,2021-10-24,"West End Park International Cricket Stadium, Doha",Neutral,1,0,1,0,0,10,2021,2021-10
Qatar,T20I,Maldives v Qatar,Maldives,Won,98 runs,2021-10-24,"West End Park International Cricket Stadium, Doha",Neutral,1,1,0,0,0,10,2021,2021-10
South Africa,T20I,South Africa v West Indies,West Indies,Won,8 wickets,2021-10-26,Dubai International Cricket Stadium,Neutral,1,1,0,0,0,10,2021,2021-10
West Indies,T20I,South Africa v West Indies,South Africa,Lost,8 wickets,2021-10-26,Dubai International Cricket Stadium,Neutral,1,0,1,0,0,10,2021,2021-10
New Zealand,T20I,New Zealand v Pakistan,Pakistan,Lost,5 wickets,2021-10-26,Sharjah Cricket Stadium,Neutral,1,0,1,0,0,10,2021,2021-10
Pakistan,T20I,New Zealand v Pakistan,New Zealand,Won,5 wickets,2021-10-26,Sharjah Cricket Stadium,Neutral,1,1,0,0,0,10,2021,2021-10
Nigeria,T20I,Nigeria v Sierra Leone,Sierra Leone,Won,36 runs,2021-10-26,University of Lagos Cricket Oval,Neutral,1,1,0,0,0,10,2021,2021-10
Sierra Leone,T20I,Nigeria v Sierra Leone,Nigeria,Lost,36 runs,2021-10-26,University of Lagos Cricket Oval,Neutral,1,0,1,0,0,10,2021,2021-10
Bangladesh,T20I,Bangladesh v England,England,Lost,8 wickets,2021-10-27,"Zayed Cricket Stadium, Abu Dhabi",Neutral,1,0,1,0,0,10,2021,2021-10
England,T20I,Bangladesh v England,Bangladesh,Won,8 wickets,2021-10-27,"Zayed Cricket Stadium, Abu Dhabi",Neutral,1,1,0,0,0,10,2021,2021-10
Namibia,T20I,Namibia v Scotland,Scotland,Won,4 wickets,2021-10-27,"Zayed Cricket Stadium, Abu Dhabi",Neutral,1,1,0,0,0,10,2021,2021-10
Scotland,T20I,Namibia v Scotland,Namibia,Lost,4 wickets,2021-10-27,"Zayed Cricket Stadium, Abu Dhabi",Neutral,1,0,1,0,0,10,2021,2021-10
Bahrain,T20I,Bahrain v Maldives,Maldives,Won,7 wickets,2021-10-27,"West End Park International Cricket Stadium, Doha",Neutral,1,1,0,0,0,10,2021,2021-10
Maldives,T20I,Bahrain v Maldives,Bahrain,Lost,7 wickets,2021-10-27,"West End Park International Cricket Stadium, Doha",Neutral,1,0,1,0,0,10,2021,2021-10
Australia,T20I,Australia v Sri Lanka,Sri Lanka,Won,7 wickets,2021-10-28,Dubai International Cricket Stadium,Neutral,1,1,0,0,0,10,2021,2021-10
Sri Lanka,T20I,Australia v Sri Lanka,Australia,Lost,7 wickets,2021-10-28,Dubai International Cricket Stadium,Neutral,1,0,1,0,0,10,2021,2021-10
Kuwait,T20I,Kuwait v Maldives,Maldives,Won,5 wickets,2021-10-28,"West End Park International Cricket Stadium, Doha",Neutral,1,1,0,0,0,10,2021,2021-10
Maldives,T20I,Kuwait v Maldives,Kuwait,Lost,5 wickets,2021-10-28,"West End Park International Cricket Stadium, Doha",Neutral,1,0,1,0,0,10,2021,2021-10
Bahrain,T20I,Bahrain v Saudi Arabia,Saudi Arabia,Won,18 runs,2021-10-28,"West End Park International Cricket Stadium, Doha",Neutral,1,1,0,0,0,10,2021,2021-10
Saudi Arabia,T20I,Bahrain v Saudi Arabia,Bahrain,Lost,18 runs,2021-10-28,"West End Park International Cricket Stadium, Doha",Neutral,1,0,1,0,0,10,2021,2021-10
Bangladesh,T20I,Bangladesh v West Indies,West Indies,Lost,3 runs,2021-10-29,Sharjah Cricket Stadium,Neutral,1,0,1,0,0,10,2021,2021-10
West Indies,T20I,Bangladesh v West Indies,Bangladesh,Won,3 runs,2021-10-29,Sharjah Cricket Stadium,Neutral,1,1,0,0,0,10,2021,2021-10
Kuwait,T20I,Kuwait v Qatar,Qatar,Lost,2 wickets,2021-10-29,"West End Park International Cricket Stadium, Doha",Neutral,1,0,1,0,0,10,2021,2021-10
Qatar,T20I,Kuwait v Qatar,Kuwait,Won,2 wickets,2021-10-29,"West End Park International Cricket Stadium, Doha",Neutral,1,1,0,0,0,10,2021,2021-10
South Africa,T20I,South Africa v Sri Lanka,Sri Lanka,Won,4 wickets,2021-10-30,Sharjah Cricket Stadium,Neutral,1,1,0,0,0,10,2021,2021-10
Sri Lanka,T20I,South Africa v Sri Lanka,South Africa,Lost,4 wickets,2021-10-30,Sharjah Cricket Stadium,Neutral,1,0,1,0,0,10,2021,2021-10
Australia,T20I,Australia v England,England,Lost,8 wickets,2021-10-30,Dubai International Cricket Stadium,Neutral,1,0,1,0,0,10,2021,2021-10
England,T20I,Australia v England,Australia,Won,8 wickets,2021-10-30,Dubai International Cricket Stadium,Neutral,1,1,0,0,0,10,2021,2021-10
India,T20I,India v New Zealand,New Zealand,Lost,8 wickets,2021-10-31,Dubai International Cricket Stadium,Neutral,1,0,1,0,0,10,2021,2021-10
New Zealand,T20I,India v New Zealand,India,Won,8 wickets,2021-10-31,Dubai International Cricket Stadium,Neutral,1,1,0,0,0,10,2021,2021-10
England,T20I,England v Sri Lanka,Sri Lanka,Won,26 runs,2021-11-01,Sharjah Cricket Stadium,Neutral,1,1,0,0,0,11,2021,2021-11
Sri Lanka,T20I,England v Sri Lanka,England,Lost,26 runs,2021-11-01,Sharjah Cricket Stadium,Neutral,1,0,1,0,0,11,2021,2021-11
Bangladesh,T20I,Bangladesh v South Africa,South Africa,Lost,6 wickets,2021-11-02,"Zayed Cricket Stadium, Abu Dhabi",Neutral,1,0,1,0,0,11,2021,2021-11
South Africa,T20I,Bangladesh v South Africa,Bangladesh,Won,6 wickets,2021-11-02,"Zayed Cricket Stadium, Abu Dhabi",Neutral,1,1,0,0,0,11,2021,2021-11
Namibia,T20I,Namibia v Pakistan,Pakistan,Lost,45 runs,2021-11-02,"Zayed Cricket Stadium, Abu Dhabi",Neutral,1,0,1,0,0,11,2021,2021-11
Pakistan,T20I,Namibia v Pakistan,Namibia,Won,45 runs,2021-11-02,"Zayed Cricket Stadium, Abu Dhabi",Neutral,1,1,0,0,0,11,2021,2021-11
Botswana,T20I,Botswana v Sierra Leone,Sierra Leone,Won,72 runs,2021-11-02,Gahanga International Cricket Stadium. Rwanda,Neutral,1,1,0,0,0,11,2021,2021-11
Sierra Leone,T20I,Botswana v Sierra Leone,Botswana,Lost,72 runs,2021-11-02,Gahanga International Cricket Stadium. Rwanda,Neutral,1,0,1,0,0,11,2021,2021-11
Mozambique,T20I,Mozambique v Tanzania,Tanzania,Lost,87 runs,2021-11-02,Gahanga International Cricket Stadium. Rwanda,Neutral,1,0,1,0,0,11,2021,2021-11
Tanzania,T20I,Mozambique v Tanzania,Mozambique,Won,87 runs,2021-11-02,Gahanga International Cricket Stadium. Rwanda,Neutral,1,1,0,0,0,11,2021,2021-11
New Zealand,T20I,New Zealand v Scotland,Scotland,Won,16 runs,2021-11-03,Dubai International Cricket Stadium,Neutral,1,1,0,0,0,11,2021,2021-11
Scotland,T20I,New Zealand v Scotland,New Zealand,Lost,16 runs,2021-11-03,Dubai International Cricket Stadium,Neutral,1,0,1,0,0,11,2021,2021-11
Cameroon,T20I,Cameroon v Mozambique,Mozambique,Lost,171 runs,2021-11-03,Gahanga International Cricket Stadium. Rwanda,Neutral,1,0,1,0,0,11,2021,2021-11
Mozambique,T20I,Cameroon v Mozambique,Cameroon,Won,171 runs,2021-11-03,Gahanga International Cricket Stadium. Rwanda,Neutral,1,1,0,0,0,11,2021,2021-11
Sierra Leone,T20I,Sierra Leone v Tanzania,Tanzania,Lost,8 wickets,2021-11-03,Gahanga International Cricket Stadium. Rwanda,Neutral,1,0,1,0,0,11,2021,2021-11
Tanzania,T20I,Sierra Leone v Tanzania,Sierra Leone,Won,8 wickets,2021-11-03,Gahanga International Cricket Stadium. Rwanda,Neutral,1,1,0,0,0,11,2021,2021-11
Australia,T20I,Australia v Bangladesh,Bangladesh,Won,8 wickets,2021-11-04,Dubai International Cricket Stadium,Neutral,1,1,0,0,0,11,2021,2021-11
Bangladesh,T20I,Australia v Bangladesh,Australia,Lost,8 wickets,2021-11-04,Dubai International Cricket Stadium,Neutral,1,0,1,0,0,11,2021,2021-11
Sri Lanka,T20I,Sri Lanka v West Indies,West Indies,Won,20 runs,2021-11-04,"Zayed Cricket Stadium, Abu Dhabi",Neutral,1,1,0,0,0,11,2021,2021-11
West Indies,T20I,Sri Lanka v West Indies,Sri Lanka,Lost,20 runs,2021-11-04,"Zayed Cricket Stadium, Abu Dhabi",Neutral,1,0,1,0,0,11,2021,2021-11
Namibia,T20I,Namibia v New Zealand,New Zealand,Lost,52 runs,2021-11-05,Sharjah Cricket Stadium,Neutral,1,0,1,0,0,11,2021,2021-11
New Zealand,T20I,Namibia v New Zealand,Namibia,Won,52 runs,2021-11-05,Sharjah Cricket Stadium,Neutral,1,1,0,0,0,11,2021,2021-11
India,T20I,India v Scotland,Scotland,Won,8 wickets,2021-11-05,Dubai International Cricket Stadium,Neutral,1,1,0,0,0,11,2021,2021-11
Scotland,T20I,India v Scotland,India,Lost,8 wickets,2021-11-05,Dubai International Cricket Stadium,Neutral,1,0,1,0,0,11,2021,2021-11
Botswana,T20I,Botswana v Cameroon,Cameroon,Won,9 wickets,2021-11-05,Gahanga International Cricket Stadium. Rwanda,Neutral,1,1,0,0,0,11,2021,2021-11
Cameroon,T20I,Botswana v Cameroon,Botswana,Lost,9 wickets,2021-11-05,Gahanga International Cricket Stadium. Rwanda,Neutral,1,0,1,0,0,11,2021,2021-11
Mozambique,T20I,Mozambique v Sierra Leone,Sierra Leone,Lost,5 wickets,2021-11-05,Gahanga International Cricket Stadium. Rwanda,Neutral,1,0,1,0,0,11,2021,2021-11
Sierra Leone,T20I,Mozambique v Sierra Leone,Mozambique,Won,5 wickets,2021-11-05,Gahanga International Cricket Stadium. Rwanda,Neutral,1,1,0,0,0,11,2021,2021-11
Australia,T20I,Australia v West Indies,West Indies,Won,8 wickets,2021-11-06,"Zayed Cricket Stadium, Abu Dhabi",Neutral,1,1,0,0,0,11,2021,2021-11
West Indies,T20I,Australia v West Indies,Australia,Lost,8 wickets,2021-11-06,"Zayed Cricket Stadium, Abu Dhabi",Neutral,1,0,1,0,0,11,2021,2021-11
England,T20I,England v South Africa,South Africa,Lost,10 runs,2021-11-06,Sharjah Cricket Stadium,Neutral,1,0,1,0,0,11,2021,2021-11
South Africa,T20I,England v South Africa,England,Won,10 runs,2021-11-06,Sharjah Cricket Stadium,Neutral,1,1,0,0,0,11,2021,2021-11
Botswana,T20I,Botswana v Mozambique,Mozambique,Won,52 runs,2021-11-06,Gahanga International Cricket Stadium. Rwanda,Neutral,1,1,0,0,0,11,2021,2021-11
Mozambique,T20I,Botswana v Mozambique,Botswana,Lost,52 runs,2021-11-06,Gahanga International Cricket Stadium. Rwanda,Neutral,1,0,1,0,0,11,2021,2021-11
Cameroon,T20I,Cameroon v Tanzania,Tanzania,Lost,178 runs,2021-11-06,Gahanga International Cricket Stadium. Rwanda,Neutral,1,0,1,0,0,11,2021,2021-11
Tanzania,T20I,Cameroon v Tanzania,Cameroon,Won,178 runs,2021-11-06,Gahanga International Cricket Stadium. Rwanda,Neutral,1,1,0,0,0,11,2021,2021-11
Pakistan,T20I,Pakistan v Scotland,Scotland,Won,72 runs,2021-11-07,Sharjah Cricket Stadium,Neutral,1,1,0,0,0,11,2021,2021-11
Scotland,T20I,Pakistan v Scotland,Pakistan,Lost,72 runs,2021-11-07,Sharjah Cricket Stadium,Neutral,1,0,1,0,0,11,2021,2021-11
Cameroon,T20I,Cameroon v Sierra Leone,Sierra Leone,Lost,6 wickets,2021-11-07,Gahanga International Cricket Stadium. Rwanda,Neutral,1,0,1,0,0,11,2021,2021-11
Sierra Leone,T20I,Cameroon v Sierra Leone,Cameroon,Won,6 wickets,2021-11-07,Gahanga International Cricket Stadium. Rwanda,Neutral,1,1,0,0,0,11,2021,2021-11
Botswana,T20I,Botswana v Tanzania,Tanzania,Lost,3 runs,2021-11-07,Gahanga International Cricket Stadium. Rwanda,Neutral,1,0,1,0,0,11,2021,2021-11
Tanzania,T20I,Botswana v Tanzania,Botswana,Won,3 runs,2021-11-07,Gahanga International Cricket Stadium. Rwanda,Neutral,1,1,0,0,0,11,2021,2021-11
Belize,T20I,Belize v United States of America,United States of America,Lost,10 wickets,2021-11-07,"Coolidge Cricket Ground, Antigua",Neutral,1,0,1,0,0,11,2021,2021-11
United States of America,T20I,Belize v United States of America,Belize,Won,10 wickets,2021-11-07,"Coolidge Cricket Ground, Antigua",Neutral,1,1,0,0,0,11,2021,2021-11
India,T20I,India v Namibia,Namibia,Won,9 wickets,2021-11-08,Dubai International Cricket Stadium,Neutral,1,1,0,0,0,11,2021,2021-11
Namibia,T20I,India v Namibia,India,Lost,9 wickets,2021-11-08,Dubai International Cricket Stadium,Neutral,1,0,1,0,0,11,2021,2021-11
Belize,T20I,Belize v Canada,Canada,Lost,145 runs,2021-11-08,"Coolidge Cricket Ground, Antigua",Neutral,1,0,1,0,0,11,2021,2021-11
Canada,T20I,Belize v Canada,Belize,Won,145 runs,2021-11-08,"Coolidge Cricket Ground, Antigua",Neutral,1,1,0,0,0,11,2021,2021-11
Argentina,T20I,Argentina v Bahamas,Bahamas,Lost,12 runs,2021-11-08,"Sir Vivian Richards Stadium, North Sound, Antigua",Neutral,1,0,1,0,0,11,2021,2021-11
Bahamas,T20I,Argentina v Bahamas,Argentina,Won,12 runs,2021-11-08,"Sir Vivian Richards Stadium, North Sound, Antigua",Neutral,1,1,0,0,0,11,2021,2021-11
Belize,T20I,Belize v Panama,Panama,Won,12 runs,2021-11-08,"Coolidge Cricket Ground, Antigua",Neutral,1,1,0,0,0,11,2021,2021-11
Panama,T20I,Belize v Panama,Belize,Lost,12 runs,2021-11-08,"Coolidge Cricket Ground, Antigua",Neutral,1,0,1,0,0,11,2021,2021-11
Bermuda,T20I,Bermuda v United States of America,United States of America,Lost,23 runs,2021-11-08,"Sir Vivian Richards Stadium, North Sound, Antigua",Neutral,1,0,1,0,0,11,2021,2021-11
United States of America,T20I,Bermuda v United States of America,Bermuda,Won,23 runs,2021-11-08,"Sir Vivian Richards Stadium, North Sound, Antigua",Neutral,1,1,0,0,0,11,2021,2021-11
England,T20I,England v New Zealand,New Zealand,Lost,5 wickets,2021-11-10,"Zayed Cricket Stadium, Abu Dhabi",Neutral,1,0,1,0,0,11,2021,2021-11
New Zealand,T20I,England v New Zealand,England,Won,5 wickets,2021-11-10,"Zayed Cricket Stadium, Abu Dhabi",Neutral,1,1,0,0,0,11,2021,2021-11
Canada,T20I,Canada v United States of America,United States of America,Tied,Tie,2021-11-10,"Coolidge Cricket Ground, Antigua",Neutral,1,0,0,1,0,11,2021,2021-11
United States of America,T20I,Canada v United States of America,Canada,Tied,Tie,2021-11-10,"Coolidge Cricket Ground, Antigua",Neutral,1,0,0,1,0,11,2021,2021-11
Argentina,T20I,Argentina v Belize,Belize,Won,59 runs,2021-11-10,"Sir Vivian Richards Stadium, North Sound, Antigua",Neutral,1,1,0,0,0,11,2021,2021-11
Belize,T20I,Argentina v Belize,Argentina,Lost,59 runs,2021-11-10,"Sir Vivian Richards Stadium, North Sound, Antigua",Neutral,1,0,1,0,0,11,2021,2021-11
Bahamas,T20I,Bahamas v Bermuda,Bermuda,Lost,140 runs,2021-11-10,"Coolidge Cricket Ground, Antigua",Neutral,1,0,1,0,0,11,2021,2021-11
Bermuda,T20I,Bahamas v Bermuda,Bahamas,Won,140 runs,2021-11-10,"Coolidge Cricket Ground, Antigua",Neutral,1,1,0,0,0,11,2021,2021-11
Australia,T20I,Australia v Pakistan,Pakistan,Won,5 wickets,2021-11-11,Dubai International Cricket Stadium,Neutral,1,1,0,0,0,11,2021,2021-11
Pakistan,T20I,Australia v Pakistan,Australia,Lost,5 wickets,2021-11-11,Dubai International Cricket Stadium,Neutral,1,0,1,0,0,11,2021,2021-11
Argentina,T20I,Argentina v United States of America,United States of America,Lost,8 wickets,2021-11-11,"Sir Vivian Richards Stadium, North Sound, Antigua",Neutral,1,0,1,0,0,11,2021,2021-11
United States of America,T20I,Argentina v United States of America,Argentina,Won,8 wickets,2021-11-11,"Sir Vivian Richards Stadium, North Sound, Antigua",Neutral,1,1,0,0,0,11,2021,2021-11
Bahamas,T20I,Bahamas v United States of America,United States of America,Lost,10 wickets,2021-11-13,"Coolidge Cricket Ground, Antigua",Neutral,1,0,1,0,0,11,2021,2021-11
United States of America,T20I,Bahamas v United States of America,Bahamas,Won,10 wickets,2021-11-13,"Coolidge Cricket Ground, Antigua",Neutral,1,1,0,0,0,11,2021,2021-11
Belize,T20I,Belize v Bermuda,Bermuda,Lost,7 wickets,2021-11-13,"Sir Vivian Richards Stadium, North Sound, Antigua",Neutral,1,0,1,0,0,11,2021,2021-11
Bermuda,T20I,Belize v Bermuda,Belize,Won,7 wickets,2021-11-13,"Sir Vivian Richards Stadium, North Sound, Antigua",Neutral,1,1,0,0,0,11,2021,2021-11
Bahamas,T20I,Bahamas v Panama,Panama,Lost,26 runs,2021-11-13,"Coolidge Cricket Ground, Antigua",Neutral,1,0,1,0,0,11,2021,2021-11
Panama,T20I,Bahamas v Panama,Bahamas,Won,26 runs,2021-11-13,"Coolidge Cricket Ground, Antigua",Neutral,1,1,0,0,0,11,2021,2021-11
Argentina,T20I,Argentina v Canada,Canada,Lost,9 wickets,2021-11-13,"Sir Vivian Richards Stadium, North Sound, Antigua",Neutral,1,0,1,0,0,11,2021,2021-11
Canada,T20I,Argentina v Canada,Argentina,Won,9 wickets,2021-11-13,"Sir Vivian Richards Stadium, North Sound, Antigua",Neutral,1,1,0,0,0,11,2021,2021-11
Australia,T20I,Australia v New Zealand,New Zealand,Won,8 wickets,2021-11-14,Dubai International Cricket Stadium,Neutral,1,1,0,0,0,11,2021,2021-11
New Zealand,T20I,Australia v New Zealand,Australia,Lost,8 wickets,2021-11-14,Dubai International Cricket Stadium,Neutral,1,0,1,0,0,11,2021,2021-11
Canada,T20I,Canada v Panama,Panama,Won,208 runs,2021-11-14,"Coolidge Cricket Ground, Antigua",Neutral,1,1,0,0,0,11,2021,2021-11
Panama,T20I,Canada v Panama,Canada,Lost,208 runs,2021-11-14,"Coolidge Cricket Ground, Antigua",Neutral,1,0,1,0,0,11,2021,2021-11
India,T20I,India v New Zealand,New Zealand,Won,5 wickets,2021-11-17,"Sawai Mansingh Stadium, Jaipur",Neutral,1,1,0,0,0,11,2021,2021-11
New Zealand,T20I,India v New Zealand,India,Lost,5 wickets,2021-11-17,"Sawai Mansingh Stadium, Jaipur",Neutral,1,0,1,0,0,11,2021,2021-11
Nigeria,T20I,Nigeria v Tanzania,Tanzania,Lost,6 wickets,2021-11-17,Gahanga International Cricket Stadium. Rwanda,Neutral,1,0,1,0,0,11,2021,2021-11
Tanzania,T20I,Nigeria v Tanzania,Nigeria,Won,6 wickets,2021-11-17,Gahanga International Cricket Stadium. Rwanda,Neutral,1,1,0,0,0,11,2021,2021-11
Kenya,T20I,Kenya v Uganda,Uganda,Won,1 runs,2021-11-17,Integrated Polytechnic Regional Centre,Neutral,1,1,0,0,0,11,2021,2021-11
Uganda,T20I,Kenya v Uganda,Kenya,Lost,1 runs,2021-11-17,Integrated Polytechnic Regional Centre,Neutral,1,0,1,0,0,11,2021,2021-11
Nigeria,T20I,Nigeria v Uganda,Uganda,Lost,12 runs,2021-11-17,Gahanga International Cricket Stadium. Rwanda,Neutral,1,0,1,0,0,11,2021,2021-11
Uganda,T20I,Nigeria v Uganda,Nigeria,Won,12 runs,2021-11-17,Gahanga International Cricket Stadium. Rwanda,Neutral,1,1,0,0,0,11,2021,2021-11
Kenya,T20I,Kenya v Tanzania,Tanzania,Lost,49 runs,2021-11-17,Integrated Polytechnic Regional Centre,Neutral,1,0,1,0,0,11,2021,2021-11
Tanzania,T20I,Kenya v Tanzania,Kenya,Won,49 runs,2021-11-17,Integrated Polytechnic Regional Centre,Neutral,1,1,0,0,0,11,2021,2021-11
Tanzania,T20I,Tanzania v Uganda,Uganda,Lost,8 wickets,2021-11-18,Gahanga International Cricket Stadium. Rwanda,Neutral,1,0,1,0,0,11,2021,2021-11
Uganda,T20I,Tanzania v Uganda,Tanzania,Won,8 wickets,2021-11-18,Gahanga International Cricket Stadium. Rwanda,Neutral,1,1,0,0,0,11,2021,2021-11
Kenya,T20I,Kenya v Nigeria,Nigeria,Won,8 wickets,2021-11-18,Integrated Polytechnic Regional Centre,Neutral,1,1,0,0,0,11,2021,2021-11
Nigeria,T20I,Kenya v Nigeria,Kenya,Lost,8 wickets,2021-11-18,Integrated Polytechnic Regional Centre,Neutral,1,0,1,0,0,11,2021,2021-11
Kenya,T20I,Kenya v Tanzania,Tanzania,Won,7 wickets,2021-11-18,Gahanga International Cricket Stadium. Rwanda,Neutral,1,1,0,0,0,11,2021,2021-11
Tanzania,T20I,Kenya v Tanzania,Kenya,Lost,7 wickets,2021-11-18,Gahanga International Cricket Stadium. Rwanda,Neutral,1,0,1,0,0,11,2021,2021-11
Nigeria,T20I,Nigeria v Uganda,Uganda,Lost,8 wickets,2021-11-18,Integrated Polytechnic Regional Centre,Neutral,1,0,1,0,0,11,2021,2021-11
Uganda,T20I,Nigeria v Uganda,Nigeria,Won,8 wickets,2021-11-18,Integrated Polytechnic Regional Centre,Neutral,1,1,0,0,0,11,2021,2021-11
Bangladesh,T20I,Bangladesh v Pakistan,Pakistan,Lost,4 wickets,2021-11-19,"Shere Bangla National Stadium, Mirpur",Neutral,1,0,1,0,0,11,2021,2021-11
Pakistan,T20I,Bangladesh v Pakistan,Bangladesh,Won,4 wickets,2021-11-19,"Shere Bangla National Stadium, Mirpur",Neutral,1,1,0,0,0,11,2021,2021-11
India,T20I,India v New Zealand,New Zealand,Won,7 wickets,2021-11-19,"JSCA International Stadium Complex, Ranchi",Neutral,1,1,0,0,0,11,2021,2021-11
New Zealand,T20I,India v New Zealand,India,Lost,7 wickets,2021-11-19,"JSCA International Stadium Complex, Ranchi",Neutral,1,0,1,0,0,11,2021,2021-11
Bangladesh,T20I,Bangladesh v Pakistan,Pakistan,Lost,8 wickets,2021-11-20,"Shere Bangla National Stadium, Mirpur",Neutral,1,0,1,0,0,11,2021,2021-11
Pakistan,T20I,Bangladesh v Pakistan,Bangladesh,Won,8 wickets,2021-11-20,"Shere Bangla National Stadium, Mirpur",Neutral,1,1,0,0,0,11,2021,2021-11
Tanzania,T20I,Tanzania v Uganda,Uganda,Lost,6 wickets,2021-11-20,Gahanga International Cricket Stadium. Rwanda,Neutral,1,0,1,0,0,11,2021,2021-11
Uganda,T20I,Tanzania v Uganda,Tanzania,Won,6 wickets,2021-11-20,Gahanga International Cricket Stadium. Rwanda,Neutral,1,1,0,0,0,11,2021,2021-11
Kenya,T20I,Kenya v Nigeria,Nigeria,Won,60 runs,2021-11-20,Integrated Polytechnic Regional Centre,Neutral,1,1,0,0,0,11,2021,2021-11
Nigeria,T20I,Kenya v Nigeria,Kenya,Lost,60 runs,2021-11-20,Integrated Polytechnic Regional Centre,Neutral,1,0,1,0,0,11,2021,2021-11
Kenya,T20I,Kenya v Uganda,Uganda,Lost,6 wickets,2021-11-20,Gahanga International Cricket Stadium. Rwanda,Neutral,1,0,1,0,0,11,2021,2021-11
Uganda,T20I,Kenya v Uganda,Kenya,Won,6 wickets,2021-11-20,Gahanga International Cricket Stadium. Rwanda,Neutral,1,1,0,0,0,11,2021,2021-11
Nigeria,T20I,Nigeria v Tanzania,Tanzania,Lost,69 runs,2021-11-20,Integrated Polytechnic Regional Centre,Neutral,1,0,1,0,0,11,2021,2021-11
Tanzania,T20I,Nigeria v Tanzania,Nigeria,Won,69 runs,2021-11-20,Integrated Polytechnic Regional Centre,Neutral,1,1,0,0,0,11,2021,2021-11
India,T20I,India v New Zealand,New Zealand,Won,73 runs,2021-11-21,"Eden Gardens, Kolkata",Neutral,1,1,0,0,0,11,2021,2021-11
New Zealand,T20I,India v New Zealand,India,Lost,73 runs,2021-11-21,"Eden Gardens, Kolkata",Neutral,1,0,1,0,0,11,2021,2021-11
Bangladesh,T20I,Bangladesh v Pakistan,Pakistan,Lost,5 wickets,2021-11-22,"Shere Bangla National Stadium, Mirpur",Neutral,1,0,1,0,0,11,2021,2021-11
Pakistan,T20I,Bangladesh v Pakistan,Bangladesh,Won,5 wickets,2021-11-22,"Shere Bangla National Stadium, Mirpur",Neutral,1,1,0,0,0,11,2021,2021-11
Pakistan,T20I,Pakistan v West Indies,West Indies,Won,63 runs,2021-12-13,"National Stadium, Karachi",Neutral,1,1,0,0,0,12,2021,2021-12
West Indies,T20I,Pakistan v West Indies,Pakistan,Lost,63 runs,2021-12-13,"National Stadium, Karachi",Neutral,1,0,1,0,0,12,2021,2021-12
Pakistan,T20I,Pakistan v West Indies,West Indies,Won,9 runs,2021-12-14,"National Stadium, Karachi",Neutral,1,1,0,0,0,12,2021,2021-12
West Indies,T20I,Pakistan v West Indies,Pakistan,Lost,9 runs,2021-12-14,"National Stadium, Karachi",Neutral,1,0,1,0,0,12,2021,2021-12
Pakistan,T20I,Pakistan v West Indies,West Indies,Won,7 wickets,2021-12-16,"National Stadium, Karachi",Neutral,1,1,0,0,0,12,2021,2021-12
West Indies,T20I,Pakistan v West Indies,Pakistan,Lost,7 wickets,2021-12-16,"National Stadium, Karachi",Neutral,1,0,1,0,0,12,2021,2021-12
Ireland,T20I,Ireland v United States of America,United States of America,Lost,26 runs,2021-12-22,"Central Broward Regional Park Stadium Turf Ground, Lauderhill",Neutral,1,0,1,0,0,12,2021,2021-12
United States of America,T20I,Ireland v United States of America,Ireland,Won,26 runs,2021-12-22,"Central Broward Regional Park Stadium Turf Ground, Lauderhill",Neutral,1,1,0,0,0,12,2021,2021-12
Ireland,T20I,Ireland v United States of America,United States of America,Won,9 runs,2021-12-23,"Central Broward Regional Park Stadium Turf Ground, Lauderhill",Neutral,1,1,0,0,0,12,2021,2021-12
United States of America,T20I,Ireland v United States of America,Ireland,Lost,9 runs,2021-12-23,"Central Broward Regional Park Stadium Turf Ground, Lauderhill",Neutral,1,0,1,0,0,12,2021,2021-12
England,T20I,England v West Indies,West Indies,Lost,9 wickets,2022-01-22,"Kensington Oval, Bridgetown, Barbados",Neutral,1,0,1,0,0,1,2022,2022-01
West Indies,T20I,England v West Indies,England,Won,9 wickets,2022-01-22,"Kensington Oval, Bridgetown, Barbados",Neutral,1,1,0,0,0,1,2022,2022-01
England,T20I,England v West Indies,West Indies,Won,1 runs,2022-01-23,"Kensington Oval, Bridgetown, Barbados",Neutral,1,1,0,0,0,1,2022,2022-01
West Indies,T20I,England v West Indies,England,Lost,1 runs,2022-01-23,"Kensington Oval, Bridgetown, Barbados",Neutral,1,0,1,0,0,1,2022,2022-01
England,T20I,England v West Indies,West Indies,Lost,20 runs,2022-01-26,"Kensington Oval, Bridgetown, Barbados",Neutral,1,0,1,0,0,1,2022,2022-01
West Indies,T20I,England v West Indies,England,Won,20 runs,2022-01-26,"Kensington Oval, Bridgetown, Barbados",Neutral,1,1,0,0,0,1,2022,2022-01
England,T20I,England v West Indies,West Indies,Won,34 runs,2022-01-29,"Kensington Oval, Bridgetown, Barbados",Neutral,1,1,0,0,0,1,2022,2022-01
West Indies,T20I,England v West Indies,England,Lost,34 runs,2022-01-29,"Kensington Oval, Bridgetown, Barbados",Neutral,1,0,1,0,0,1,2022,2022-01
England,T20I,England v West Indies,West Indies,Lost,17 runs,2022-01-30,"Kensington Oval, Bridgetown, Barbados",Neutral,1,0,1,0,0,1,2022,2022-01
West Indies,T20I,England v West Indies,England,Won,17 runs,2022-01-30,"Kensington Oval, Bridgetown, Barbados",Neutral,1,1,0,0,0,1,2022,2022-01
Australia,T20I,Australia v Sri Lanka,Sri Lanka,Won,20 runs,2022-02-11,Sydney Cricket Ground,Neutral,1,1,0,0,0,2,2022,2022-02
Sri Lanka,T20I,Australia v Sri Lanka,Australia,Lost,20 runs,2022-02-11,Sydney Cricket Ground,Neutral,1,0,1,0,0,2,2022,2022-02
Nepal,T20I,Nepal v Oman,Oman,Won,6 wickets,2022-02-11,Al Amerat Cricket Ground Oman Cricket (Ministry Turf 1),Neutral,1,1,0,0,0,2,2022,2022-02
Oman,T20I,Nepal v Oman,Nepal,Lost,6 wickets,2022-02-11,Al Amerat Cricket Ground Oman Cricket (Ministry Turf 1),Neutral,1,0,1,0,0,2,2022,2022-02
Ireland,T20I,Ireland v Oman,Oman,Won,9 wickets,2022-02-12,Al Amerat Cricket Ground Oman Cricket (Ministry Turf 1),Neutral,1,1,0,0,0,2,2022,2022-02
Oman,T20I,Ireland v Oman,Ireland,Lost,9 wickets,2022-02-12,Al Amerat Cricket Ground Oman Cricket (Ministry Turf 1),Neutral,1,0,1,0,0,2,2022,2022-02
Nepal,T20I,Nepal v United Arab Emirates,United Arab Emirates,Lost,25 runs,2022-02-12,Al Amerat Cricket Ground Oman Cricket (Ministry Turf 1),Neutral,1,0,1,0,0,2,2022,2022-02
United Arab Emirates,T20I,Nepal v United Arab Emirates,Nepal,Won,25 runs,2022-02-12,Al Amerat Cricket Ground Oman Cricket (Ministry Turf 1),Neutral,1,1,0,0,0,2,2022,2022-02
Australia,T20I,Australia v Sri Lanka,Sri Lanka,Tied,Tie,2022-02-13,Sydney Cricket Ground,Neutral,1,0,0,1,0,2,2022,2022-02
Sri Lanka,T20I,Australia v Sri Lanka,Australia,Tied,Tie,2022-02-13,Sydney Cricket Ground,Neutral,1,0,0,1,0,2,2022,2022-02
Ireland,T20I,Ireland v United Arab Emirates,United Arab Emirates,Lost,13 runs,2022-02-13,Al Amerat Cricket Ground Oman Cricket (Ministry Turf 1),Neutral,1,0,1,0,0,2,2022,2022-02
United Arab Emirates,T20I,Ireland v United Arab Emirates,Ireland,Won,13 runs,2022-02-13,Al Amerat Cricket Ground Oman Cricket (Ministry Turf 1),Neutral,1,1,0,0,0,2,2022,2022-02
Oman,T20I,Oman v United Arab Emirates,United Arab Emirates,Won,7 wickets,2022-02-14,Al Amerat Cricket Ground Oman Cricket (Ministry Turf 1),Neutral,1,1,0,0,0,2,2022,2022-02
United Arab Emirates,T20I,Oman v United Arab Emirates,Oman,Lost,7 wickets,2022-02-14,Al Amerat Cricket Ground Oman Cricket (Ministry Turf 1),Neutral,1,0,1,0,0,2,2022,2022-02
Ireland,T20I,Ireland v Nepal,Nepal,Won,16 runs,2022-02-14,Al Amerat Cricket Ground Oman Cricket (Ministry Turf 1),Neutral,1,1,0,0,0,2,2022,2022-02
Nepal,T20I,Ireland v Nepal,Ireland,Lost,16 runs,2022-02-14,Al Amerat Cricket Ground Oman Cricket (Ministry Turf 1),Neutral,1,0,1,0,0,2,2022,2022-02
Australia,T20I,Australia v Sri Lanka,Sri Lanka,Won,6 wickets,2022-02-15,"Manuka Oval, Canberra",Neutral,1,1,0,0,0,2,2022,2022-02
Sri Lanka,T20I,Australia v Sri Lanka,Australia,Lost,6 wickets,2022-02-15,"Manuka Oval, Canberra",Neutral,1,0,1,0,0,2,2022,2022-02
India,T20I,India v West Indies,West Indies,Won,6 wickets,2022-02-16,"Eden Gardens, Kolkata",Neutral,1,1,0,0,0,2,2022,2022-02
West Indies,T20I,India v West Indies,India,Lost,6 wickets,2022-02-16,"Eden Gardens, Kolkata",Neutral,1,0,1,0,0,2,2022,2022-02
Australia,T20I,Australia v Sri Lanka,Sri Lanka,Won,6 wickets,2022-02-18,Melbourne Cricket Ground,Neutral,1,1,0,0,0,2,2022,2022-02
Sri Lanka,T20I,Australia v Sri Lanka,Australia,Lost,6 wickets,2022-02-18,Melbourne Cricket Ground,Neutral,1,0,1,0,0,2,2022,2022-02
India,T20I,India v West Indies,West Indies,Won,8 runs,2022-02-18,"Eden Gardens, Kolkata",Neutral,1,1,0,0,0,2,2022,2022-02
West Indies,T20I,India v West Indies,India,Lost,8 runs,2022-02-18,"Eden Gardens, Kolkata",Neutral,1,0,1,0,0,2,2022,2022-02
Nepal,T20I,Nepal v Oman,Oman,Won,39 runs,2022-02-18,Al Amerat Cricket Ground Oman Cricket (Ministry Turf 1),Neutral,1,1,0,0,0,2,2022,2022-02
Oman,T20I,Nepal v Oman,Nepal,Lost,39 runs,2022-02-18,Al Amerat Cricket Ground Oman Cricket (Ministry Turf 1),Neutral,1,0,1,0,0,2,2022,2022-02
Canada,T20I,Canada v Philippines,Philippines,Won,118 runs,2022-02-18,Al Amerat Cricket Ground Oman Cricket (Ministry Turf 2),Neutral,1,1,0,0,0,2,2022,2022-02
Philippines,T20I,Canada v Philippines,Canada,Lost,118 runs,2022-02-18,Al Amerat Cricket Ground Oman Cricket (Ministry Turf 2),Neutral,1,0,1,0,0,2,2022,2022-02
Ireland,T20I,Ireland v United Arab Emirates,United Arab Emirates,Lost,18 runs,2022-02-18,Al Amerat Cricket Ground Oman Cricket (Ministry Turf 1),Neutral,1,0,1,0,0,2,2022,2022-02
United Arab Emirates,T20I,Ireland v United Arab Emirates,Ireland,Won,18 runs,2022-02-18,Al Amerat Cricket Ground Oman Cricket (Ministry Turf 1),Neutral,1,1,0,0,0,2,2022,2022-02
Bahrain,T20I,Bahrain v Germany,Germany,Won,6 wickets,2022-02-18,Al Amerat Cricket Ground Oman Cricket (Ministry Turf 2),Neutral,1,1,0,0,0,2,2022,2022-02
Germany,T20I,Bahrain v Germany,Bahrain,Lost,6 wickets,2022-02-18,Al Amerat Cricket Ground Oman Cricket (Ministry Turf 2),Neutral,1,0,1,0,0,2,2022,2022-02
Canada,T20I,Canada v Oman,Oman,Lost,9 wickets,2022-02-19,Al Amerat Cricket Ground Oman Cricket (Ministry Turf 1),Neutral,1,0,1,0,0,2,2022,2022-02
Oman,T20I,Canada v Oman,Canada,Won,9 wickets,2022-02-19,Al Amerat Cricket Ground Oman Cricket (Ministry Turf 1),Neutral,1,1,0,0,0,2,2022,2022-02
Nepal,T20I,Nepal v Philippines,Philippines,Won,136 runs,2022-02-19,Al Amerat Cricket Ground Oman Cricket (Ministry Turf 2),Neutral,1,1,0,0,0,2,2022,2022-02
Philippines,T20I,Nepal v Philippines,Nepal,Lost,136 runs,2022-02-19,Al Amerat Cricket Ground Oman Cricket (Ministry Turf 2),Neutral,1,0,1,0,0,2,2022,2022-02
Germany,T20I,Germany v United Arab Emirates,United Arab Emirates,Lost,24 runs,2022-02-19,Al Amerat Cricket Ground Oman Cricket (Ministry Turf 1),Neutral,1,0,1,0,0,2,2022,2022-02
United Arab Emirates,T20I,Germany v United Arab Emirates,Germany,Won,24 runs,2022-02-19,Al Amerat Cricket Ground Oman Cricket (Ministry Turf 1),Neutral,1,1,0,0,0,2,2022,2022-02
Bahrain,T20I,Bahrain v Ireland,Ireland,Lost,21 runs,2022-02-19,Al Amerat Cricket Ground Oman Cricket (Ministry Turf 2),Neutral,1,0,1,0,0,2,2022,2022-02
Ireland,T20I,Bahrain v Ireland,Bahrain,Won,21 runs,2022-02-19,Al Amerat Cricket Ground Oman Cricket (Ministry Turf 2),Neutral,1,1,0,0,0,2,2022,2022-02
Australia,T20I,Australia v Sri Lanka,Sri Lanka,Lost,5 wickets,2022-02-20,Melbourne Cricket Ground,Neutral,1,0,1,0,0,2,2022,2022-02
Sri Lanka,T20I,Australia v Sri Lanka,Australia,Won,5 wickets,2022-02-20,Melbourne Cricket Ground,Neutral,1,1,0,0,0,2,2022,2022-02
India,T20I,India v West Indies,West Indies,Won,17 runs,2022-02-20,"Eden Gardens, Kolkata",Neutral,1,1,0,0,0,2,2022,2022-02
West Indies,T20I,India v West Indies,India,Lost,17 runs,2022-02-20,"Eden Gardens, Kolkata",Neutral,1,0,1,0,0,2,2022,2022-02
Germany,T20I,Germany v Ireland,Ireland,Lost,7 wickets,2022-02-21,Al Amerat Cricket Ground Oman Cricket (Ministry Turf 1),Neutral,1,0,1,0,0,2,2022,2022-02
Ireland,T20I,Germany v Ireland,Germany,Won,7 wickets,2022-02-21,Al Amerat Cricket Ground Oman Cricket (Ministry Turf 1),Neutral,1,1,0,0,0,2,2022,2022-02
Bahrain,T20I,Bahrain v United Arab Emirates,United Arab Emirates,Won,2 runs,2022-02-21,Al Amerat Cricket Ground Oman Cricket (Ministry Turf 2),Neutral,1,1,0,0,0,2,2022,2022-02
United Arab Emirates,T20I,Bahrain v United Arab Emirates,Bahrain,Lost,2 runs,2022-02-21,Al Amerat Cricket Ground Oman Cricket (Ministry Turf 2),Neutral,1,0,1,0,0,2,2022,2022-02
Canada,T20I,Canada v Nepal,Nepal,Lost,8 wickets,2022-02-21,Al Amerat Cricket Ground Oman Cricket (Ministry Turf 1),Neutral,1,0,1,0,0,2,2022,2022-02
Nepal,T20I,Canada v Nepal,Canada,Won,8 wickets,2022-02-21,Al Amerat Cricket Ground Oman Cricket (Ministry Turf 1),Neutral,1,1,0,0,0,2,2022,2022-02
Oman,T20I,Oman v Philippines,Philippines,Won,9 wickets,2022-02-21,Al Amerat Cricket Ground Oman Cricket (Ministry Turf 2),Neutral,1,1,0,0,0,2,2022,2022-02
Philippines,T20I,Oman v Philippines,Oman,Lost,9 wickets,2022-02-21,Al Amerat Cricket Ground Oman Cricket (Ministry Turf 2),Neutral,1,0,1,0,0,2,2022,2022-02
Canada,T20I,Canada v Germany,Germany,Won,6 wickets,2022-02-22,Al Amerat Cricket Ground Oman Cricket (Ministry Turf 1),Neutral,1,1,0,0,0,2,2022,2022-02
Germany,T20I,Canada v Germany,Canada,Lost,6 wickets,2022-02-22,Al Amerat Cricket Ground Oman Cricket (Ministry Turf 1),Neutral,1,0,1,0,0,2,2022,2022-02
Bahrain,T20I,Bahrain v Philippines,Philippines,Won,91 runs,2022-02-22,Al Amerat Cricket Ground Oman Cricket (Ministry Turf 2),Neutral,1,1,0,0,0,2,2022,2022-02
Philippines,T20I,Bahrain v Philippines,Bahrain,Lost,91 runs,2022-02-22,Al Amerat Cricket Ground Oman Cricket (Ministry Turf 2),Neutral,1,0,1,0,0,2,2022,2022-02
Nepal,T20I,Nepal v United Arab Emirates,United Arab Emirates,Lost,68 runs,2022-02-22,Al Amerat Cricket Ground Oman Cricket (Ministry Turf 1),Neutral,1,0,1,0,0,2,2022,2022-02
United Arab Emirates,T20I,Nepal v United Arab Emirates,Nepal,Won,68 runs,2022-02-22,Al Amerat Cricket Ground Oman Cricket (Ministry Turf 1),Neutral,1,1,0,0,0,2,2022,2022-02
Ireland,T20I,Ireland v Oman,Oman,Won,56 runs,2022-02-22,Al Amerat Cricket Ground Oman Cricket (Ministry Turf 2),Neutral,1,1,0,0,0,2,2022,2022-02
Oman,T20I,Ireland v Oman,Ireland,Lost,56 runs,2022-02-22,Al Amerat Cricket Ground Oman Cricket (Ministry Turf 2),Neutral,1,0,1,0,0,2,2022,2022-02
India,T20I,India v Sri Lanka,Sri Lanka,Won,62 runs,2022-02-24,"Bharat Ratna Shri Atal Bihari Vajpayee Ekana Cricket Stadium, Lucknow",Neutral,1,1,0,0,0,2,2022,2022-02
Sri Lanka,T20I,India v Sri Lanka,India,Lost,62 runs,2022-02-24,"Bharat Ratna Shri Atal Bihari Vajpayee Ekana Cricket Stadium, Lucknow",Neutral,1,0,1,0,0,2,2022,2022-02
Bahrain,T20I,Bahrain v Canada,Canada,Lost,7 wickets,2022-02-24,Al Amerat Cricket Ground Oman Cricket (Ministry Turf 1),Neutral,1,0,1,0,0,2,2022,2022-02
Canada,T20I,Bahrain v Canada,Bahrain,Won,7 wickets,2022-02-24,Al Amerat Cricket Ground Oman Cricket (Ministry Turf 1),Neutral,1,1,0,0,0,2,2022,2022-02
Germany,T20I,Germany v Philippines,Philippines,Won,9 wickets,2022-02-24,Al Amerat Cricket Ground Oman Cricket (Ministry Turf 2),Neutral,1,1,0,0,0,2,2022,2022-02
Philippines,T20I,Germany v Philippines,Germany,Lost,9 wickets,2022-02-24,Al Amerat Cricket Ground Oman Cricket (Ministry Turf 2),Neutral,1,0,1,0,0,2,2022,2022-02
Nepal,T20I,Nepal v Oman,Oman,Won,9 wickets,2022-02-24,Al Amerat Cricket Ground Oman Cricket (Ministry Turf 2),Neutral,1,1,0,0,0,2,2022,2022-02
Oman,T20I,Nepal v Oman,Nepal,Lost,9 wickets,2022-02-24,Al Amerat Cricket Ground Oman Cricket (Ministry Turf 2),Neutral,1,0,1,0,0,2,2022,2022-02
Ireland,T20I,Ireland v United Arab Emirates,United Arab Emirates,Lost,7 wickets,2022-02-24,Al Amerat Cricket Ground Oman Cricket (Ministry Turf 1),Neutral,1,0,1,0,0,2,2022,2022-02
United Arab Emirates,T20I,Ireland v United Arab Emirates,Ireland,Won,7 wickets,2022-02-24,Al Amerat Cricket Ground Oman Cricket (Ministry Turf 1),Neutral,1,1,0,0,0,2,2022,2022-02
India,T20I,India v Sri Lanka,Sri Lanka,Won,7 wickets,2022-02-26,"Himachal Pradesh Cricket Association Stadium, Dharamsala",Neutral,1,1,0,0,0,2,2022,2022-02
Sri Lanka,T20I,India v Sri Lanka,India,Lost,7 wickets,2022-02-26,"Himachal Pradesh Cricket Association Stadium, Dharamsala",Neutral,1,0,1,0,0,2,2022,2022-02
India,T20I,India v Sri Lanka,Sri Lanka,Won,6 wickets,2022-02-27,"Himachal Pradesh Cricket Association Stadium, Dharamsala",Neutral,1,1,0,0,0,2,2022,2022-02
Sri Lanka,T20I,India v Sri Lanka,India,Lost,6 wickets,2022-02-27,"Himachal Pradesh Cricket Association Stadium, Dharamsala",Neutral,1,0,1,0,0,2,2022,2022-02
Nepal,T20I,Nepal v Papua New Guinea,Papua New Guinea,Won,15 runs,2022-03-28,"Tribhuvan University International Cricket Ground, Kirtipur",Neutral,1,1,0,0,0,3,2022,2022-03
Papua New Guinea,T20I,Nepal v Papua New Guinea,Nepal,Lost,15 runs,2022-03-28,"Tribhuvan University International Cricket Ground, Kirtipur",Neutral,1,0,1,0,0,3,2022,2022-03
Malaysia,T20I,Malaysia v Papua New Guinea,Papua New Guinea,Won,8 runs,2022-03-29,"Tribhuvan University International Cricket Ground, Kirtipur",Neutral,1,1,0,0,0,3,2022,2022-03
Papua New Guinea,T20I,Malaysia v Papua New Guinea,Malaysia,Lost,8 runs,2022-03-29,"Tribhuvan University International Cricket Ground, Kirtipur",Neutral,1,0,1,0,0,3,2022,2022-03
Malaysia,T20I,Malaysia v Nepal,Nepal,Lost,6 wickets,2022-03-30,"Tribhuvan University International Cricket Ground, Kirtipur",Neutral,1,0,1,0,0,3,2022,2022-03
Nepal,T20I,Malaysia v Nepal,Malaysia,Won,6 wickets,2022-03-30,"Tribhuvan University International Cricket Ground, Kirtipur",Neutral,1,1,0,0,0,3,2022,2022-03
Nepal,T20I,Nepal v Papua New Guinea,Papua New Guinea,Won,37 runs,2022-03-31,"Tribhuvan University International Cricket Ground, Kirtipur",Neutral,1,1,0,0,0,3,2022,2022-03
Papua New Guinea,T20I,Nepal v Papua New Guinea,Nepal,Lost,37 runs,2022-03-31,"Tribhuvan University International Cricket Ground, Kirtipur",Neutral,1,0,1,0,0,3,2022,2022-03
Malaysia,T20I,Malaysia v Papua New Guinea,Papua New Guinea,Lost,8 wickets,2022-04-01,"Tribhuvan University International Cricket Ground, Kirtipur",Neutral,1,0,1,0,0,4,2022,2022-04
Papua New Guinea,T20I,Malaysia v Papua New Guinea,Malaysia,Won,8 wickets,2022-04-01,"Tribhuvan University International Cricket Ground, Kirtipur",Neutral,1,1,0,0,0,4,2022,2022-04
Malaysia,T20I,Malaysia v Nepal,Nepal,Lost,85 runs,2022-04-02,"Tribhuvan University International Cricket Ground, Kirtipur",Neutral,1,0,1,0,0,4,2022,2022-04
Nepal,T20I,Malaysia v Nepal,Malaysia,Won,85 runs,2022-04-02,"Tribhuvan University International Cricket Ground, Kirtipur",Neutral,1,1,0,0,0,4,2022,2022-04
Nepal,T20I,Nepal v Papua New Guinea,Papua New Guinea,Won,50 runs,2022-04-04,"Tribhuvan University International Cricket Ground, Kirtipur",Neutral,1,1,0,0,0,4,2022,2022-04
Papua New Guinea,T20I,Nepal v Papua New Guinea,Nepal,Lost,50 runs,2022-04-04,"Tribhuvan University International Cricket Ground, Kirtipur",Neutral,1,0,1,0,0,4,2022,2022-04
Australia,T20I,Australia v Pakistan,Pakistan,Won,3 wickets,2022-04-05,"Gaddafi Stadium, Lahore",Neutral,1,1,0,0,0,4,2022,2022-04
Pakistan,T20I,Australia v Pakistan,Australia,Lost,3 wickets,2022-04-05,"Gaddafi Stadium, Lahore",Neutral,1,0,1,0,0,4,2022,2022-04
Namibia,T20I,Namibia v Uganda,Uganda,Won,8 wickets,2022-04-08,"United Cricket Club Ground, Windhoek",Neutral,1,1,0,0,0,4,2022,2022-04
Uganda,T20I,Namibia v Uganda,Namibia,Lost,8 wickets,2022-04-08,"United Cricket Club Ground, Windhoek",Neutral,1,0,1,0,0,4,2022,2022-04
Namibia,T20I,Namibia v Uganda,Uganda,Lost,7 wickets,2022-04-09,"United Cricket Club Ground, Windhoek",Neutral,1,0,1,0,0,4,2022,2022-04
Uganda,T20I,Namibia v Uganda,Namibia,Won,7 wickets,2022-04-09,"United Cricket Club Ground, Windhoek",Neutral,1,1,0,0,0,4,2022,2022-04
Namibia,T20I,Namibia v Uganda,Uganda,Won,52 runs,2022-04-10,"United Cricket Club Ground, Windhoek",Neutral,1,1,0,0,0,4,2022,2022-04
Uganda,T20I,Namibia v Uganda,Namibia,Lost,52 runs,2022-04-10,"United Cricket Club Ground, Windhoek",Neutral,1,0,1,0,0,4,2022,2022-04
Guernsey,T20I,Guernsey v Norway,Norway,Lost,37 runs,2022-04-29,"Desert Springs Cricket Ground, Almeria",Neutral,1,0,1,0,0,4,2022,2022-04
Norway,T20I,Guernsey v Norway,Guernsey,Won,37 runs,2022-04-29,"Desert Springs Cricket Ground, Almeria",Neutral,1,1,0,0,0,4,2022,2022-04
Norway,T20I,Norway v Spain,Spain,Lost,51 runs,2022-04-30,"Desert Springs Cricket Ground, Almeria",Neutral,1,0,1,0,0,4,2022,2022-04
Spain,T20I,Norway v Spain,Norway,Won,51 runs,2022-04-30,"Desert Springs Cricket Ground, Almeria",Neutral,1,1,0,0,0,4,2022,2022-04
Guernsey,T20I,Guernsey v Norway,Norway,Won,8 wickets,2022-04-30,"Desert Springs Cricket Ground, Almeria",Neutral,1,1,0,0,0,4,2022,2022-04
Norway,T20I,Guernsey v Norway,Guernsey,Lost,8 wickets,2022-04-30,"Desert Springs Cricket Ground, Almeria",Neutral,1,0,1,0,0,4,2022,2022-04
Guernsey,T20I,Guernsey v Spain,Spain,Lost,8 wickets,2022-04-30,"Desert Springs Cricket Ground, Almeria",Neutral,1,0,1,0,0,4,2022,2022-04
Spain,T20I,Guernsey v Spain,Guernsey,Won,8 wickets,2022-04-30,"Desert Springs Cricket Ground, Almeria",Neutral,1,1,0,0,0,4,2022,2022-04
Guernsey,T20I,Guernsey v Spain,Spain,Won,8 wickets,2022-05-01,"Desert Springs Cricket Ground, Almeria",Neutral,1,1,0,0,0,5,2022,2022-05
Spain,T20I,Guernsey v Spain,Guernsey,Lost,8 wickets,2022-05-01,"Desert Springs Cricket Ground, Almeria",Neutral,1,0,1,0,0,5,2022,2022-05
Norway,T20I,Norway v Spain,Spain,Lost,41 runs,2022-05-01,"Desert Springs Cricket Ground, Almeria",Neutral,1,0,1,0,0,5,2022,2022-05
Spain,T20I,Norway v Spain,Norway,Won,41 runs,2022-05-01,"Desert Springs Cricket Ground, Almeria",Neutral,1,1,0,0,0,5,2022,2022-05
Denmark,T20I,Denmark v Finland,Finland,Lost,3 wickets,2022-05-07,"Svanholm Park, Brondby",Neutral,1,0,1,0,0,5,2022,2022-05
Finland,T20I,Denmark v Finland,Denmark,Won,3 wickets,2022-05-07,"Svanholm Park, Brondby",Neutral,1,1,0,0,0,5,2022,2022-05
Denmark,T20I,Denmark v Finland,Finland,Won,138 runs,2022-05-07,"Svanholm Park, Brondby",Neutral,1,1,0,0,0,5,2022,2022-05
Finland,T20I,Denmark v Finland,Denmark,Lost,138 runs,2022-05-07,"Svanholm Park, Brondby",Neutral,1,0,1,0,0,5,2022,2022-05
Denmark,T20I,Denmark v Finland,Finland,Won,55 runs,2022-05-08,"Svanholm Park, Brondby",Neutral,1,1,0,0,0,5,2022,2022-05
Finland,T20I,Denmark v Finland,Denmark,Lost,55 runs,2022-05-08,"Svanholm Park, Brondby",Neutral,1,0,1,0,0,5,2022,2022-05
Gibraltar,T20I,Gibraltar v Malta,Malta,Lost,5 wickets,2022-05-10,Marsa Sports Club,Neutral,1,0,1,0,0,5,2022,2022-05
Malta,T20I,Gibraltar v Malta,Gibraltar,Won,5 wickets,2022-05-10,Marsa Sports Club,Neutral,1,1,0,0,0,5,2022,2022-05
Hungary,T20I,Hungary v Malta,Malta,Lost,45 runs,2022-05-10,Marsa Sports Club,Neutral,1,0,1,0,0,5,2022,2022-05
Malta,T20I,Hungary v Malta,Hungary,Won,45 runs,2022-05-10,Marsa Sports Club,Neutral,1,1,0,0,0,5,2022,2022-05
Gibraltar,T20I,Gibraltar v Hungary,Hungary,Lost,4 wickets,2022-05-10,Marsa Sports Club,Neutral,1,0,1,0,0,5,2022,2022-05
Hungary,T20I,Gibraltar v Hungary,Gibraltar,Won,4 wickets,2022-05-10,Marsa Sports Club,Neutral,1,1,0,0,0,5,2022,2022-05
Malta,T20I,Malta v Romania,Romania,Won,5 wickets,2022-05-11,Marsa Sports Club,Neutral,1,1,0,0,0,5,2022,2022-05
Romania,T20I,Malta v Romania,Malta,Lost,5 wickets,2022-05-11,Marsa Sports Club,Neutral,1,0,1,0,0,5,2022,2022-05
Czech Republic,T20I,Czech Republic v Gibraltar,Gibraltar,Won,40 runs,2022-05-11,Marsa Sports Club,Neutral,1,1,0,0,0,5,2022,2022-05
Gibraltar,T20I,Czech Republic v Gibraltar,Czech Republic,Lost,40 runs,2022-05-11,Marsa Sports Club,Neutral,1,0,1,0,0,5,2022,2022-05
Bulgaria,T20I,Bulgaria v Hungary,Hungary,Lost,5 runs,2022-05-11,Marsa Sports Club,Neutral,1,0,1,0,0,5,2022,2022-05
Hungary,T20I,Bulgaria v Hungary,Bulgaria,Won,5 runs,2022-05-11,Marsa Sports Club,Neutral,1,1,0,0,0,5,2022,2022-05
Czech Republic,T20I,Czech Republic v Malta,Malta,Lost,2 runs,2022-05-12,Marsa Sports Club,Neutral,1,0,1,0,0,5,2022,2022-05
Malta,T20I,Czech Republic v Malta,Czech Republic,Won,2 runs,2022-05-12,Marsa Sports Club,Neutral,1,1,0,0,0,5,2022,2022-05
Bulgaria,T20I,Bulgaria v Czech Republic,Czech Republic,Lost,88 runs,2022-05-12,Marsa Sports Club,Neutral,1,0,1,0,0,5,2022,2022-05
Czech Republic,T20I,Bulgaria v Czech Republic,Bulgaria,Won,88 runs,2022-05-12,Marsa Sports Club,Neutral,1,1,0,0,0,5,2022,2022-05
Hungary,T20I,Hungary v Romania,Romania,Won,6 wickets,2022-05-12,Marsa Sports Club,Neutral,1,1,0,0,0,5,2022,2022-05
Romania,T20I,Hungary v Romania,Hungary,Lost,6 wickets,2022-05-12,Marsa Sports Club,Neutral,1,0,1,0,0,5,2022,2022-05
Bulgaria,T20I,Bulgaria v Gibraltar,Gibraltar,Lost,21 runs,2022-05-13,Marsa Sports Club,Neutral,1,0,1,0,0,5,2022,2022-05
Gibraltar,T20I,Bulgaria v Gibraltar,Bulgaria,Won,21 runs,2022-05-13,Marsa Sports Club,Neutral,1,1,0,0,0,5,2022,2022-05
Czech Republic,T20I,Czech Republic v Romania,Romania,Lost,26 runs,2022-05-13,Marsa Sports Club,Neutral,1,0,1,0,0,5,2022,2022-05
Romania,T20I,Czech Republic v Romania,Czech Republic,Won,26 runs,2022-05-13,Marsa Sports Club,Neutral,1,1,0,0,0,5,2022,2022-05
Bulgaria,T20I,Bulgaria v Romania,Romania,Lost,8 wickets,2022-05-13,Marsa Sports Club,Neutral,1,0,1,0,0,5,2022,2022-05
Romania,T20I,Bulgaria v Romania,Bulgaria,Won,8 wickets,2022-05-13,Marsa Sports Club,Neutral,1,1,0,0,0,5,2022,2022-05
Czech Republic,T20I,Czech Republic v Hungary,Hungary,Won,7 wickets,2022-05-14,Marsa Sports Club,Neutral,1,1,0,0,0,5,2022,2022-05
Hungary,T20I,Czech Republic v Hungary,Czech Republic,Lost,7 wickets,2022-05-14,Marsa Sports Club,Neutral,1,0,1,0,0,5,2022,2022-05
Gibraltar,T20I,Gibraltar v Romania,Romania,Lost,8 wickets,2022-05-14,Marsa Sports Club,Neutral,1,0,1,0,0,5,2022,2022-05
Romania,T20I,Gibraltar v Romania,Gibraltar,Won,8 wickets,2022-05-14,Marsa Sports Club,Neutral,1,1,0,0,0,5,2022,2022-05
Bulgaria,T20I,Bulgaria v Malta,Malta,Lost,6 wickets,2022-05-14,Marsa Sports Club,Neutral,1,0,1,0,0,5,2022,2022-05
Malta,T20I,Bulgaria v Malta,Bulgaria,Won,6 wickets,2022-05-14,Marsa Sports Club,Neutral,1,1,0,0,0,5,2022,2022-05
Bulgaria,T20I,Bulgaria v Gibraltar,Gibraltar,Won,5 wickets,2022-05-15,Marsa Sports Club,Neutral,1,1,0,0,0,5,2022,2022-05
Gibraltar,T20I,Bulgaria v Gibraltar,Bulgaria,Lost,5 wickets,2022-05-15,Marsa Sports Club,Neutral,1,0,1,0,0,5,2022,2022-05
Czech Republic,T20I,Czech Republic v Hungary,Hungary,Won,70 runs,2022-05-15,Marsa Sports Club,Neutral,1,1,0,0,0,5,2022,2022-05
Hungary,T20I,Czech Republic v Hungary,Czech Republic,Lost,70 runs,2022-05-15,Marsa Sports Club,Neutral,1,0,1,0,0,5,2022,2022-05
Malta,T20I,Malta v Romania,Romania,Lost,9 runs,2022-05-15,Marsa Sports Club,Neutral,1,0,1,0,0,5,2022,2022-05
Romania,T20I,Malta v Romania,Malta,Won,9 runs,2022-05-15,Marsa Sports Club,Neutral,1,1,0,0,0,5,2022,2022-05
Namibia,T20I,Namibia v Zimbabwe,Zimbabwe,Lost,7 runs,2022-05-17,"Queens Sports Club, Bulawayo",Neutral,1,0,1,0,0,5,2022,2022-05
Zimbabwe,T20I,Namibia v Zimbabwe,Namibia,Won,7 runs,2022-05-17,"Queens Sports Club, Bulawayo",Neutral,1,1,0,0,0,5,2022,2022-05
Namibia,T20I,Namibia v Zimbabwe,Zimbabwe,Won,8 wickets,2022-05-19,"Queens Sports Club, Bulawayo",Neutral,1,1,0,0,0,5,2022,2022-05
Zimbabwe,T20I,Namibia v Zimbabwe,Namibia,Lost,8 wickets,2022-05-19,"Queens Sports Club, Bulawayo",Neutral,1,0,1,0,0,5,2022,2022-05
Guernsey,T20I,Guernsey v Jersey,Jersey,Lost,37 runs,2022-05-20,"College Field, St Peter Port",Neutral,1,0,1,0,0,5,2022,2022-05
Jersey,T20I,Guernsey v Jersey,Guernsey,Won,37 runs,2022-05-20,"College Field, St Peter Port",Neutral,1,1,0,0,0,5,2022,2022-05
Namibia,T20I,Namibia v Zimbabwe,Zimbabwe,Lost,8 wickets,2022-05-21,"Queens Sports Club, Bulawayo",Neutral,1,0,1,0,0,5,2022,2022-05
Zimbabwe,T20I,Namibia v Zimbabwe,Namibia,Won,8 wickets,2022-05-21,"Queens Sports Club, Bulawayo",Neutral,1,1,0,0,0,5,2022,2022-05
Namibia,T20I,Namibia v Zimbabwe,Zimbabwe,Won,6 wickets,2022-05-22,"Queens Sports Club, Bulawayo",Neutral,1,1,0,0,0,5,2022,2022-05
Zimbabwe,T20I,Namibia v Zimbabwe,Namibia,Lost,6 wickets,2022-05-22,"Queens Sports Club, Bulawayo",Neutral,1,0,1,0,0,5,2022,2022-05
Namibia,T20I,Namibia v Zimbabwe,Zimbabwe,Won,32 runs,2022-05-24,"Queens Sports Club, Bulawayo",Neutral,1,1,0,0,0,5,2022,2022-05
Zimbabwe,T20I,Namibia v Zimbabwe,Namibia,Lost,32 runs,2022-05-24,"Queens Sports Club, Bulawayo",Neutral,1,0,1,0,0,5,2022,2022-05
Australia,T20I,Australia v Sri Lanka,Sri Lanka,Won,10 wickets,2022-06-07,"R Premadasa Stadium, Colombo",Neutral,1,1,0,0,0,6,2022,2022-06
Sri Lanka,T20I,Australia v Sri Lanka,Australia,Lost,10 wickets,2022-06-07,"R Premadasa Stadium, Colombo",Neutral,1,0,1,0,0,6,2022,2022-06
Australia,T20I,Australia v Sri Lanka,Sri Lanka,Won,3 wickets,2022-06-08,"R Premadasa Stadium, Colombo",Neutral,1,1,0,0,0,6,2022,2022-06
Sri Lanka,T20I,Australia v Sri Lanka,Australia,Lost,3 wickets,2022-06-08,"R Premadasa Stadium, Colombo",Neutral,1,0,1,0,0,6,2022,2022-06
India,T20I,India v South Africa,South Africa,Lost,7 wickets,2022-06-09,"Arun Jaitley Stadium, Delhi",Neutral,1,0,1,0,0,6,2022,2022-06
South Africa,T20I,India v South Africa,India,Won,7 wickets,2022-06-09,"Arun Jaitley Stadium, Delhi",Neutral,1,1,0,0,0,6,2022,2022-06
Austria,T20I,Austria v Germany,Germany,Lost,54 runs,2022-06-09,Bayer Uerdingen Cricket Ground,Neutral,1,0,1,0,0,6,2022,2022-06
Germany,T20I,Austria v Germany,Austria,Won,54 runs,2022-06-09,Bayer Uerdingen Cricket Ground,Neutral,1,1,0,0,0,6,2022,2022-06
Germany,T20I,Germany v Sweden,Sweden,Won,4 wickets,2022-06-09,Bayer Uerdingen Cricket Ground,Neutral,1,1,0,0,0,6,2022,2022-06
Sweden,T20I,Germany v Sweden,Germany,Lost,4 wickets,2022-06-09,Bayer Uerdingen Cricket Ground,Neutral,1,0,1,0,0,6,2022,2022-06
Austria,T20I,Austria v Germany,Germany,Won,38 runs,2022-06-10,Bayer Uerdingen Cricket Ground,Neutral,1,1,0,0,0,6,2022,2022-06
Germany,T20I,Austria v Germany,Austria,Lost,38 runs,2022-06-10,Bayer Uerdingen Cricket Ground,Neutral,1,0,1,0,0,6,2022,2022-06
Austria,T20I,Austria v Sweden,Sweden,Won,3 runs,2022-06-10,Bayer Uerdingen Cricket Ground,Neutral,1,1,0,0,0,6,2022,2022-06
Sweden,T20I,Austria v Sweden,Austria,Lost,3 runs,2022-06-10,Bayer Uerdingen Cricket Ground,Neutral,1,0,1,0,0,6,2022,2022-06
Australia,T20I,Australia v Sri Lanka,Sri Lanka,Lost,4 wickets,2022-06-11,Pallekele International Cricket Stadium,Neutral,1,0,1,0,0,6,2022,2022-06
Sri Lanka,T20I,Australia v Sri Lanka,Australia,Won,4 wickets,2022-06-11,Pallekele International Cricket Stadium,Neutral,1,1,0,0,0,6,2022,2022-06
Austria,T20I,Austria v Sweden,Sweden,Won,1 runs,2022-06-11,Bayer Uerdingen Cricket Ground,Neutral,1,1,0,0,0,6,2022,2022-06
Sweden,T20I,Austria v Sweden,Austria,Lost,1 runs,2022-06-11,Bayer Uerdingen Cricket Ground,Neutral,1,0,1,0,0,6,2022,2022-06
Germany,T20I,Germany v Sweden,Sweden,Won,29 runs,2022-06-11,Bayer Uerdingen Cricket Ground,Neutral,1,1,0,0,0,6,2022,2022-06
Sweden,T20I,Germany v Sweden,Germany,Lost,29 runs,2022-06-11,Bayer Uerdingen Cricket Ground,Neutral,1,0,1,0,0,6,2022,2022-06
India,T20I,India v South Africa,South Africa,Lost,4 wickets,2022-06-12,"Barabati Stadium, Cuttack",Neutral,1,0,1,0,0,6,2022,2022-06
South Africa,T20I,India v South Africa,India,Won,4 wickets,2022-06-12,"Barabati Stadium, Cuttack",Neutral,1,1,0,0,0,6,2022,2022-06
India,T20I,India v South Africa,South Africa,Won,48 runs,2022-06-14,"Dr. Y.S. Rajasekhara Reddy ACA-VDCA Cricket Stadium, Visakhapatnam",Neutral,1,1,0,0,0,6,2022,2022-06
South Africa,T20I,India v South Africa,India,Lost,48 runs,2022-06-14,"Dr. Y.S. Rajasekhara Reddy ACA-VDCA Cricket Stadium, Visakhapatnam",Neutral,1,0,1,0,0,6,2022,2022-06
India,T20I,India v South Africa,South Africa,Won,82 runs,2022-06-17,"Saurashtra Cricket Association Stadium, Rajkot",Neutral,1,1,0,0,0,6,2022,2022-06
South Africa,T20I,India v South Africa,India,Lost,82 runs,2022-06-17,"Saurashtra Cricket Association Stadium, Rajkot",Neutral,1,0,1,0,0,6,2022,2022-06
India,T20I,India v South Africa,South Africa,No Result,No Result,2022-06-19,"M Chinnaswamy Stadium, Bangalore",Neutral,1,0,0,0,1,6,2022,2022-06
South Africa,T20I,India v South Africa,India,No Result,No Result,2022-06-19,"M Chinnaswamy Stadium, Bangalore",Neutral,1,0,0,0,1,6,2022,2022-06
Bulgaria,T20I,Bulgaria v Serbia,Serbia,Won,6 wickets,2022-06-24,"National Sports Academy, Sofia",Neutral,1,1,0,0,0,6,2022,2022-06
Serbia,T20I,Bulgaria v Serbia,Bulgaria,Lost,6 wickets,2022-06-24,"National Sports Academy, Sofia",Neutral,1,0,1,0,0,6,2022,2022-06
Bulgaria,T20I,Bulgaria v Serbia,Serbia,Won,5 wickets,2022-06-25,"National Sports Academy, Sofia",Neutral,1,1,0,0,0,6,2022,2022-06
Serbia,T20I,Bulgaria v Serbia,Bulgaria,Lost,5 wickets,2022-06-25,"National Sports Academy, Sofia",Neutral,1,0,1,0,0,6,2022,2022-06
Bulgaria,T20I,Bulgaria v Serbia,Serbia,Won,40 runs,2022-06-25,"National Sports Academy, Sofia",Neutral,1,1,0,0,0,6,2022,2022-06
Serbia,T20I,Bulgaria v Serbia,Bulgaria,Lost,40 runs,2022-06-25,"National Sports Academy, Sofia",Neutral,1,0,1,0,0,6,2022,2022-06
India,T20I,India v Ireland,Ireland,Won,7 wickets,2022-06-26,"The Village, Malahide, Dublin",Neutral,1,1,0,0,0,6,2022,2022-06
Ireland,T20I,India v Ireland,India,Lost,7 wickets,2022-06-26,"The Village, Malahide, Dublin",Neutral,1,0,1,0,0,6,2022,2022-06
Bulgaria,T20I,Bulgaria v Serbia,Serbia,Won,6 wickets,2022-06-26,"National Sports Academy, Sofia",Neutral,1,1,0,0,0,6,2022,2022-06
Serbia,T20I,Bulgaria v Serbia,Bulgaria,Lost,6 wickets,2022-06-26,"National Sports Academy, Sofia",Neutral,1,0,1,0,0,6,2022,2022-06
India,T20I,India v Ireland,Ireland,Won,4 runs,2022-06-28,"The Village, Malahide, Dublin",Neutral,1,1,0,0,0,6,2022,2022-06
Ireland,T20I,India v Ireland,India,Lost,4 runs,2022-06-28,"The Village, Malahide, Dublin",Neutral,1,0,1,0,0,6,2022,2022-06
Belgium,T20I,Belgium v Gibraltar,Gibraltar,Won,7 wickets,2022-06-28,"Meersen, Gent",Neutral,1,1,0,0,0,6,2022,2022-06
Gibraltar,T20I,Belgium v Gibraltar,Belgium,Lost,7 wickets,2022-06-28,"Meersen, Gent",Neutral,1,0,1,0,0,6,2022,2022-06
Malaysia,T20I,Malaysia v Singapore,Singapore,Lost,4 wickets,2022-06-28,"Indian Association Ground, Singapore",Neutral,1,0,1,0,0,6,2022,2022-06
Singapore,T20I,Malaysia v Singapore,Malaysia,Won,4 wickets,2022-06-28,"Indian Association Ground, Singapore",Neutral,1,1,0,0,0,6,2022,2022-06
Malta,T20I,Malta v Portugal,Portugal,Lost,11 runs,2022-06-29,"Meersen, Gent",Neutral,1,0,1,0,0,6,2022,2022-06
Portugal,T20I,Malta v Portugal,Malta,Won,11 runs,2022-06-29,"Meersen, Gent",Neutral,1,1,0,0,0,6,2022,2022-06
Denmark,T20I,Denmark v Gibraltar,Gibraltar,Won,132 runs,2022-06-29,"Royal Brussels Cricket Club Ground, Waterloo",Neutral,1,1,0,0,0,6,2022,2022-06
Gibraltar,T20I,Denmark v Gibraltar,Denmark,Lost,132 runs,2022-06-29,"Royal Brussels Cricket Club Ground, Waterloo",Neutral,1,0,1,0,0,6,2022,2022-06
Israel,T20I,Israel v Spain,Spain,Lost,7 wickets,2022-06-29,"Meersen, Gent",Neutral,1,0,1,0,0,6,2022,2022-06
Spain,T20I,Israel v Spain,Israel,Won,7 wickets,2022-06-29,"Meersen, Gent",Neutral,1,1,0,0,0,6,2022,2022-06
Belgium,T20I,Belgium v Hungary,Hungary,Won,2 wickets,2022-06-29,"Royal Brussels Cricket Club Ground, Waterloo",Neutral,1,1,0,0,0,6,2022,2022-06
Hungary,T20I,Belgium v Hungary,Belgium,Lost,2 wickets,2022-06-29,"Royal Brussels Cricket Club Ground, Waterloo",Neutral,1,0,1,0,0,6,2022,2022-06
Malaysia,T20I,Malaysia v Singapore,Singapore,Won,23 runs,2022-06-29,"Indian Association Ground, Singapore",Neutral,1,1,0,0,0,6,2022,2022-06
Singapore,T20I,Malaysia v Singapore,Malaysia,Lost,23 runs,2022-06-29,"Indian Association Ground, Singapore",Neutral,1,0,1,0,0,6,2022,2022-06
Malaysia,T20I,Malaysia v Singapore,Singapore,Won,5 wickets,2022-06-30,"Indian Association Ground, Singapore",Neutral,1,1,0,0,0,6,2022,2022-06
Singapore,T20I,Malaysia v Singapore,Malaysia,Lost,5 wickets,2022-06-30,"Indian Association Ground, Singapore",Neutral,1,0,1,0,0,6,2022,2022-06
Portugal,T20I,Portugal v Spain,Spain,Lost,8 wickets,2022-07-01,"Meersen, Gent",Neutral,1,0,1,0,0,7,2022,2022-07
Spain,T20I,Portugal v Spain,Portugal,Won,8 wickets,2022-07-01,"Meersen, Gent",Neutral,1,1,0,0,0,7,2022,2022-07
Gibraltar,T20I,Gibraltar v Hungary,Hungary,Won,4 wickets,2022-07-01,"Royal Brussels Cricket Club Ground, Waterloo",Neutral,1,1,0,0,0,7,2022,2022-07
Hungary,T20I,Gibraltar v Hungary,Gibraltar,Lost,4 wickets,2022-07-01,"Royal Brussels Cricket Club Ground, Waterloo",Neutral,1,0,1,0,0,7,2022,2022-07
Israel,T20I,Israel v Malta,Malta,Lost,16 runs,2022-07-01,"Meersen, Gent",Neutral,1,0,1,0,0,7,2022,2022-07
Malta,T20I,Israel v Malta,Israel,Won,16 runs,2022-07-01,"Meersen, Gent",Neutral,1,1,0,0,0,7,2022,2022-07
Belgium,T20I,Belgium v Denmark,Denmark,Won,12 runs,2022-07-01,"Royal Brussels Cricket Club Ground, Waterloo",Neutral,1,1,0,0,0,7,2022,2022-07
Denmark,T20I,Belgium v Denmark,Belgium,Lost,12 runs,2022-07-01,"Royal Brussels Cricket Club Ground, Waterloo",Neutral,1,0,1,0,0,7,2022,2022-07
Bangladesh,T20I,Bangladesh v West Indies,West Indies,No Result,No Result,2022-07-02,"Windsor Park, Roseau, Dominica",Neutral,1,0,0,0,1,7,2022,2022-07
West Indies,T20I,Bangladesh v West Indies,Bangladesh,No Result,No Result,2022-07-02,"Windsor Park, Roseau, Dominica",Neutral,1,0,0,0,1,7,2022,2022-07
Belgium,T20I,Belgium v Portugal,Portugal,Lost,8 wickets,2022-07-02,"Royal Brussels Cricket Club Ground, Waterloo",Neutral,1,0,1,0,0,7,2022,2022-07
Portugal,T20I,Belgium v Portugal,Belgium,Won,8 wickets,2022-07-02,"Royal Brussels Cricket Club Ground, Waterloo",Neutral,1,1,0,0,0,7,2022,2022-07
Denmark,T20I,Denmark v Spain,Spain,Won,41 runs,2022-07-02,"Royal Brussels Cricket Club Ground, Waterloo",Neutral,1,1,0,0,0,7,2022,2022-07
Spain,T20I,Denmark v Spain,Denmark,Lost,41 runs,2022-07-02,"Royal Brussels Cricket Club Ground, Waterloo",Neutral,1,0,1,0,0,7,2022,2022-07
Bhutan,T20I,Bhutan v Malaysia,Malaysia,Lost,155 runs,2022-07-02,"UKM-YSD Cricket Oval, Bangi",Neutral,1,0,1,0,0,7,2022,2022-07
Malaysia,T20I,Bhutan v Malaysia,Bhutan,Won,155 runs,2022-07-02,"UKM-YSD Cricket Oval, Bangi",Neutral,1,1,0,0,0,7,2022,2022-07
Papua New Guinea,T20I,Papua New Guinea v Singapore,Singapore,Lost,18 runs,2022-07-02,"Indian Association Ground, Singapore",Neutral,1,0,1,0,0,7,2022,2022-07
Singapore,T20I,Papua New Guinea v Singapore,Papua New Guinea,Won,18 runs,2022-07-02,"Indian Association Ground, Singapore",Neutral,1,1,0,0,0,7,2022,2022-07
Bangladesh,T20I,Bangladesh v West Indies,West Indies,Lost,35 runs,2022-07-03,"Windsor Park, Roseau, Dominica",Neutral,1,0,1,0,0,7,2022,2022-07
West Indies,T20I,Bangladesh v West Indies,Bangladesh,Won,35 runs,2022-07-03,"Windsor Park, Roseau, Dominica",Neutral,1,1,0,0,0,7,2022,2022-07
Hungary,T20I,Hungary v Israel,Israel,Lost,12 runs,2022-07-03,"Royal Brussels Cricket Club Ground, Waterloo",Neutral,1,0,1,0,0,7,2022,2022-07
Israel,T20I,Hungary v Israel,Hungary,Won,12 runs,2022-07-03,"Royal Brussels Cricket Club Ground, Waterloo",Neutral,1,1,0,0,0,7,2022,2022-07
Gibraltar,T20I,Gibraltar v Malta,Malta,Lost,7 wickets,2022-07-03,"Royal Brussels Cricket Club Ground, Waterloo",Neutral,1,0,1,0,0,7,2022,2022-07
Malta,T20I,Gibraltar v Malta,Gibraltar,Won,7 wickets,2022-07-03,"Royal Brussels Cricket Club Ground, Waterloo",Neutral,1,1,0,0,0,7,2022,2022-07
Papua New Guinea,T20I,Papua New Guinea v Singapore,Singapore,Won,3 wickets,2022-07-03,"Indian Association Ground, Singapore",Neutral,1,1,0,0,0,7,2022,2022-07
Singapore,T20I,Papua New Guinea v Singapore,Papua New Guinea,Lost,3 wickets,2022-07-03,"Indian Association Ground, Singapore",Neutral,1,0,1,0,0,7,2022,2022-07
Belgium,T20I,Belgium v Spain,Spain,Won,5 wickets,2022-07-04,"Royal Brussels Cricket Club Ground, Waterloo",Neutral,1,1,0,0,0,7,2022,2022-07
Spain,T20I,Belgium v Spain,Belgium,Lost,5 wickets,2022-07-04,"Royal Brussels Cricket Club Ground, Waterloo",Neutral,1,0,1,0,0,7,2022,2022-07
Denmark,T20I,Denmark v Portugal,Portugal,Won,9 wickets,2022-07-04,"Royal Brussels Cricket Club Ground, Waterloo",Neutral,1,1,0,0,0,7,2022,2022-07
Portugal,T20I,Denmark v Portugal,Denmark,Lost,9 wickets,2022-07-04,"Royal Brussels Cricket Club Ground, Waterloo",Neutral,1,0,1,0,0,7,2022,2022-07
Malaysia,T20I,Malaysia v Thailand,Thailand,Won,9 wickets,2022-07-04,"UKM-YSD Cricket Oval, Bangi",Neutral,1,1,0,0,0,7,2022,2022-07
Thailand,T20I,Malaysia v Thailand,Malaysia,Lost,9 wickets,2022-07-04,"UKM-YSD Cricket Oval, Bangi",Neutral,1,0,1,0,0,7,2022,2022-07
Bhutan,T20I,Bhutan v Maldives,Maldives,Won,6 runs,2022-07-04,"UKM-YSD Cricket Oval, Bangi",Neutral,1,1,0,0,0,7,2022,2022-07
Maldives,T20I,Bhutan v Maldives,Bhutan,Lost,6 runs,2022-07-04,"UKM-YSD Cricket Oval, Bangi",Neutral,1,0,1,0,0,7,2022,2022-07
Bhutan,T20I,Bhutan v Thailand,Thailand,Won,6 wickets,2022-07-06,"UKM-YSD Cricket Oval, Bangi",Neutral,1,1,0,0,0,7,2022,2022-07
Thailand,T20I,Bhutan v Thailand,Bhutan,Lost,6 wickets,2022-07-06,"UKM-YSD Cricket Oval, Bangi",Neutral,1,0,1,0,0,7,2022,2022-07
Malaysia,T20I,Malaysia v Maldives,Maldives,Won,8 wickets,2022-07-06,"UKM-YSD Cricket Oval, Bangi",Neutral,1,1,0,0,0,7,2022,2022-07
Maldives,T20I,Malaysia v Maldives,Malaysia,Lost,8 wickets,2022-07-06,"UKM-YSD Cricket Oval, Bangi",Neutral,1,0,1,0,0,7,2022,2022-07
England,T20I,England v India,India,Lost,50 runs,2022-07-07,"The Rose Bowl, Southampton",Neutral,1,0,1,0,0,7,2022,2022-07
India,T20I,England v India,England,Won,50 runs,2022-07-07,"The Rose Bowl, Southampton",Neutral,1,1,0,0,0,7,2022,2022-07
Bangladesh,T20I,Bangladesh v West Indies,West Indies,Lost,5 wickets,2022-07-07,"Providence Stadium, Guyana",Neutral,1,0,1,0,0,7,2022,2022-07
West Indies,T20I,Bangladesh v West Indies,Bangladesh,Won,5 wickets,2022-07-07,"Providence Stadium, Guyana",Neutral,1,1,0,0,0,7,2022,2022-07
Bhutan,T20I,Bhutan v Maldives,Maldives,Won,2 runs,2022-07-07,"UKM-YSD Cricket Oval, Bangi",Neutral,1,1,0,0,0,7,2022,2022-07
Maldives,T20I,Bhutan v Maldives,Bhutan,Lost,2 runs,2022-07-07,"UKM-YSD Cricket Oval, Bangi",Neutral,1,0,1,0,0,7,2022,2022-07
Malaysia,T20I,Malaysia v Thailand,Thailand,Won,9 wickets,2022-07-07,"UKM-YSD Cricket Oval, Bangi",Neutral,1,1,0,0,0,7,2022,2022-07
Thailand,T20I,Malaysia v Thailand,Malaysia,Lost,9 wickets,2022-07-07,"UKM-YSD Cricket Oval, Bangi",Neutral,1,0,1,0,0,7,2022,2022-07
Austria,T20I,Austria v Luxembourg,Luxembourg,Won,5 wickets,2022-07-08,"Scott Page Field, Vinor",Neutral,1,1,0,0,0,7,2022,2022-07
Luxembourg,T20I,Austria v Luxembourg,Austria,Lost,5 wickets,2022-07-08,"Scott Page Field, Vinor",Neutral,1,0,1,0,0,7,2022,2022-07
Czech Republic,T20I,Czech Republic v Luxembourg,Luxembourg,Won,5 wickets,2022-07-08,"Scott Page Field, Vinor",Neutral,1,1,0,0,0,7,2022,2022-07
Luxembourg,T20I,Czech Republic v Luxembourg,Czech Republic,Lost,5 wickets,2022-07-08,"Scott Page Field, Vinor",Neutral,1,0,1,0,0,7,2022,2022-07
Maldives,T20I,Maldives v Thailand,Thailand,Won,41 runs,2022-07-08,"UKM-YSD Cricket Oval, Bangi",Neutral,1,1,0,0,0,7,2022,2022-07
Thailand,T20I,Maldives v Thailand,Maldives,Lost,41 runs,2022-07-08,"UKM-YSD Cricket Oval, Bangi",Neutral,1,0,1,0,0,7,2022,2022-07
Bulgaria,T20I,Bulgaria v Serbia,Serbia,Lost,7 wickets,2022-07-08,Lisicji Jarak Cricket Ground,Neutral,1,0,1,0,0,7,2022,2022-07
Serbia,T20I,Bulgaria v Serbia,Bulgaria,Won,7 wickets,2022-07-08,Lisicji Jarak Cricket Ground,Neutral,1,1,0,0,0,7,2022,2022-07
England,T20I,England v India,India,Lost,49 runs,2022-07-09,"Edgbaston, Birmingham",Neutral,1,0,1,0,0,7,2022,2022-07
India,T20I,England v India,England,Won,49 runs,2022-07-09,"Edgbaston, Birmingham",Neutral,1,1,0,0,0,7,2022,2022-07
Austria,T20I,Austria v Czech Republic,Czech Republic,Won,4 wickets,2022-07-09,"Scott Page Field, Vinor",Neutral,1,1,0,0,0,7,2022,2022-07
Czech Republic,T20I,Austria v Czech Republic,Austria,Lost,4 wickets,2022-07-09,"Scott Page Field, Vinor",Neutral,1,0,1,0,0,7,2022,2022-07
Austria,T20I,Austria v Luxembourg,Luxembourg,Won,35 runs,2022-07-09,"Scott Page Field, Vinor",Neutral,1,1,0,0,0,7,2022,2022-07
Luxembourg,T20I,Austria v Luxembourg,Austria,Lost,35 runs,2022-07-09,"Scott Page Field, Vinor",Neutral,1,0,1,0,0,7,2022,2022-07
Bhutan,T20I,Bhutan v Thailand,Thailand,Won,28 runs,2022-07-09,"UKM-YSD Cricket Oval, Bangi",Neutral,1,1,0,0,0,7,2022,2022-07
Thailand,T20I,Bhutan v Thailand,Bhutan,Lost,28 runs,2022-07-09,"UKM-YSD Cricket Oval, Bangi",Neutral,1,0,1,0,0,7,2022,2022-07
Bulgaria,T20I,Bulgaria v Serbia,Serbia,Lost,8 wickets,2022-07-09,Lisicji Jarak Cricket Ground,Neutral,1,0,1,0,0,7,2022,2022-07
Serbia,T20I,Bulgaria v Serbia,Bulgaria,Won,8 wickets,2022-07-09,Lisicji Jarak Cricket Ground,Neutral,1,1,0,0,0,7,2022,2022-07
Bulgaria,T20I,Bulgaria v Serbia,Serbia,Won,95 runs,2022-07-09,Lisicji Jarak Cricket Ground,Neutral,1,1,0,0,0,7,2022,2022-07
Serbia,T20I,Bulgaria v Serbia,Bulgaria,Lost,95 runs,2022-07-09,Lisicji Jarak Cricket Ground,Neutral,1,0,1,0,0,7,2022,2022-07
England,T20I,England v India,India,Won,17 runs,2022-07-10,"Trent Bridge, Nottingham",Neutral,1,1,0,0,0,7,2022,2022-07
India,T20I,England v India,England,Lost,17 runs,2022-07-10,"Trent Bridge, Nottingham",Neutral,1,0,1,0,0,7,2022,2022-07
Czech Republic,T20I,Czech Republic v Luxembourg,Luxembourg,Won,36 runs,2022-07-10,"Scott Page Field, Vinor",Neutral,1,1,0,0,0,7,2022,2022-07
Luxembourg,T20I,Czech Republic v Luxembourg,Czech Republic,Lost,36 runs,2022-07-10,"Scott Page Field, Vinor",Neutral,1,0,1,0,0,7,2022,2022-07
Austria,T20I,Austria v Czech Republic,Czech Republic,Lost,6 wickets,2022-07-10,"Scott Page Field, Vinor",Neutral,1,0,1,0,0,7,2022,2022-07
Czech Republic,T20I,Austria v Czech Republic,Austria,Won,6 wickets,2022-07-10,"Scott Page Field, Vinor",Neutral,1,1,0,0,0,7,2022,2022-07
Singapore,T20I,Singapore v Zimbabwe,Zimbabwe,Lost,111 runs,2022-07-11,"Queens Sports Club, Bulawayo",Neutral,1,0,1,0,0,7,2022,2022-07
Zimbabwe,T20I,Singapore v Zimbabwe,Singapore,Won,111 runs,2022-07-11,"Queens Sports Club, Bulawayo",Neutral,1,1,0,0,0,7,2022,2022-07
Jersey,T20I,Jersey v United States of America,United States of America,Lost,8 wickets,2022-07-11,Bulawayo Athletic Club,Neutral,1,0,1,0,0,7,2022,2022-07
United States of America,T20I,Jersey v United States of America,Jersey,Won,8 wickets,2022-07-11,Bulawayo Athletic Club,Neutral,1,1,0,0,0,7,2022,2022-07
Netherlands,T20I,Netherlands v Papua New Guinea,Papua New Guinea,Won,52 runs,2022-07-11,"Queens Sports Club, Bulawayo",Neutral,1,1,0,0,0,7,2022,2022-07
Papua New Guinea,T20I,Netherlands v Papua New Guinea,Netherlands,Lost,52 runs,2022-07-11,"Queens Sports Club, Bulawayo",Neutral,1,0,1,0,0,7,2022,2022-07
Hong Kong,T20I,Hong Kong v Uganda,Uganda,Lost,2 wickets,2022-07-11,Bulawayo Athletic Club,Neutral,1,0,1,0,0,7,2022,2022-07
Uganda,T20I,Hong Kong v Uganda,Hong Kong,Won,2 wickets,2022-07-11,Bulawayo Athletic Club,Neutral,1,1,0,0,0,7,2022,2022-07
Bhutan,T20I,Bhutan v Malaysia,Malaysia,Lost,9 wickets,2022-07-11,"UKM-YSD Cricket Oval, Bangi",Neutral,1,0,1,0,0,7,2022,2022-07
Malaysia,T20I,Bhutan v Malaysia,Bhutan,Won,9 wickets,2022-07-11,"UKM-YSD Cricket Oval, Bangi",Neutral,1,1,0,0,0,7,2022,2022-07
Cyprus,T20I,Cyprus v Isle of Man,Isle of Man,Lost,8 wickets,2022-07-12,Kerava National Cricket Ground,Neutral,1,0,1,0,0,7,2022,2022-07
Isle of Man,T20I,Cyprus v Isle of Man,Cyprus,Won,8 wickets,2022-07-12,Kerava National Cricket Ground,Neutral,1,1,0,0,0,7,2022,2022-07
Finland,T20I,Finland v Sweden,Sweden,Won,12 runs,2022-07-12,Tikkurila Cricket Ground,Neutral,1,1,0,0,0,7,2022,2022-07
Sweden,T20I,Finland v Sweden,Finland,Lost,12 runs,2022-07-12,Tikkurila Cricket Ground,Neutral,1,0,1,0,0,7,2022,2022-07
Romania,T20I,Romania v Turkey,Turkey,Won,51 runs,2022-07-12,Kerava National Cricket Ground,Neutral,1,1,0,0,0,7,2022,2022-07
Turkey,T20I,Romania v Turkey,Romania,Lost,51 runs,2022-07-12,Kerava National Cricket Ground,Neutral,1,0,1,0,0,7,2022,2022-07
Jersey,T20I,Jersey v Zimbabwe,Zimbabwe,Lost,23 runs,2022-07-12,"Queens Sports Club, Bulawayo",Neutral,1,0,1,0,0,7,2022,2022-07
Zimbabwe,T20I,Jersey v Zimbabwe,Jersey,Won,23 runs,2022-07-12,"Queens Sports Club, Bulawayo",Neutral,1,1,0,0,0,7,2022,2022-07
Singapore,T20I,Singapore v United States of America,United States of America,Lost,132 runs,2022-07-12,Bulawayo Athletic Club,Neutral,1,0,1,0,0,7,2022,2022-07
United States of America,T20I,Singapore v United States of America,Singapore,Won,132 runs,2022-07-12,Bulawayo Athletic Club,Neutral,1,1,0,0,0,7,2022,2022-07
Hong Kong,T20I,Hong Kong v Netherlands,Netherlands,Lost,7 wickets,2022-07-12,"Queens Sports Club, Bulawayo",Neutral,1,0,1,0,0,7,2022,2022-07
Netherlands,T20I,Hong Kong v Netherlands,Hong Kong,Won,7 wickets,2022-07-12,"Queens Sports Club, Bulawayo",Neutral,1,1,0,0,0,7,2022,2022-07
Papua New Guinea,T20I,Papua New Guinea v Uganda,Uganda,Won,8 wickets,2022-07-12,Bulawayo Athletic Club,Neutral,1,1,0,0,0,7,2022,2022-07
Uganda,T20I,Papua New Guinea v Uganda,Papua New Guinea,Lost,8 wickets,2022-07-12,Bulawayo Athletic Club,Neutral,1,0,1,0,0,7,2022,2022-07
Cyprus,T20I,Cyprus v Romania,Romania,Won,20 runs,2022-07-13,Tikkurila Cricket Ground,Neutral,1,1,0,0,0,7,2022,2022-07
Romania,T20I,Cyprus v Romania,Cyprus,Lost,20 runs,2022-07-13,Tikkurila Cricket Ground,Neutral,1,0,1,0,0,7,2022,2022-07
Croatia,T20I,Croatia v Sweden,Sweden,Lost,8 wickets,2022-07-13,Kerava National Cricket Ground,Neutral,1,0,1,0,0,7,2022,2022-07
Sweden,T20I,Croatia v Sweden,Croatia,Won,8 wickets,2022-07-13,Kerava National Cricket Ground,Neutral,1,1,0,0,0,7,2022,2022-07
Isle of Man,T20I,Isle of Man v Serbia,Serbia,Won,68 runs,2022-07-13,Tikkurila Cricket Ground,Neutral,1,1,0,0,0,7,2022,2022-07
Serbia,T20I,Isle of Man v Serbia,Isle of Man,Lost,68 runs,2022-07-13,Tikkurila Cricket Ground,Neutral,1,0,1,0,0,7,2022,2022-07
Finland,T20I,Finland v Italy,Italy,Lost,5 wickets,2022-07-13,Kerava National Cricket Ground,Neutral,1,0,1,0,0,7,2022,2022-07
Italy,T20I,Finland v Italy,Finland,Won,5 wickets,2022-07-13,Kerava National Cricket Ground,Neutral,1,1,0,0,0,7,2022,2022-07
Netherlands,T20I,Netherlands v Uganda,Uganda,Won,97 runs,2022-07-14,"Queens Sports Club, Bulawayo",Neutral,1,1,0,0,0,7,2022,2022-07
Uganda,T20I,Netherlands v Uganda,Netherlands,Lost,97 runs,2022-07-14,"Queens Sports Club, Bulawayo",Neutral,1,0,1,0,0,7,2022,2022-07
Hong Kong,T20I,Hong Kong v Papua New Guinea,Papua New Guinea,Won,2 wickets,2022-07-14,Bulawayo Athletic Club,Neutral,1,1,0,0,0,7,2022,2022-07
Papua New Guinea,T20I,Hong Kong v Papua New Guinea,Hong Kong,Lost,2 wickets,2022-07-14,Bulawayo Athletic Club,Neutral,1,0,1,0,0,7,2022,2022-07
United States of America,T20I,United States of America v Zimbabwe,Zimbabwe,Lost,46 runs,2022-07-14,"Queens Sports Club, Bulawayo",Neutral,1,0,1,0,0,7,2022,2022-07
Zimbabwe,T20I,United States of America v Zimbabwe,United States of America,Won,46 runs,2022-07-14,"Queens Sports Club, Bulawayo",Neutral,1,1,0,0,0,7,2022,2022-07
Italy,T20I,Italy v Sweden,Sweden,Won,91 runs,2022-07-15,Tikkurila Cricket Ground,Neutral,1,1,0,0,0,7,2022,2022-07
Sweden,T20I,Italy v Sweden,Italy,Lost,91 runs,2022-07-15,Tikkurila Cricket Ground,Neutral,1,0,1,0,0,7,2022,2022-07
Serbia,T20I,Serbia v Turkey,Turkey,Won,7 wickets,2022-07-15,Kerava National Cricket Ground,Neutral,1,1,0,0,0,7,2022,2022-07
Turkey,T20I,Serbia v Turkey,Serbia,Lost,7 wickets,2022-07-15,Kerava National Cricket Ground,Neutral,1,0,1,0,0,7,2022,2022-07
Croatia,T20I,Croatia v Greece,Greece,Won,3 runs,2022-07-15,Tikkurila Cricket Ground,Neutral,1,1,0,0,0,7,2022,2022-07
Greece,T20I,Croatia v Greece,Croatia,Lost,3 runs,2022-07-15,Tikkurila Cricket Ground,Neutral,1,0,1,0,0,7,2022,2022-07
Isle of Man,T20I,Isle of Man v Romania,Romania,Won,8 wickets,2022-07-15,Kerava National Cricket Ground,Neutral,1,1,0,0,0,7,2022,2022-07
Romania,T20I,Isle of Man v Romania,Isle of Man,Lost,8 wickets,2022-07-15,Kerava National Cricket Ground,Neutral,1,0,1,0,0,7,2022,2022-07
Jersey,T20I,Jersey v Uganda,Uganda,Lost,5 runs,2022-07-15,"Queens Sports Club, Bulawayo",Neutral,1,0,1,0,0,7,2022,2022-07
Uganda,T20I,Jersey v Uganda,Jersey,Won,5 runs,2022-07-15,"Queens Sports Club, Bulawayo",Neutral,1,1,0,0,0,7,2022,2022-07
Hong Kong,T20I,Hong Kong v Singapore,Singapore,Won,7 wickets,2022-07-15,Bulawayo Athletic Club,Neutral,1,1,0,0,0,7,2022,2022-07
Singapore,T20I,Hong Kong v Singapore,Hong Kong,Lost,7 wickets,2022-07-15,Bulawayo Athletic Club,Neutral,1,0,1,0,0,7,2022,2022-07
Papua New Guinea,T20I,Papua New Guinea v Zimbabwe,Zimbabwe,Lost,27 runs,2022-07-15,"Queens Sports Club, Bulawayo",Neutral,1,0,1,0,0,7,2022,2022-07
Zimbabwe,T20I,Papua New Guinea v Zimbabwe,Papua New Guinea,Won,27 runs,2022-07-15,"Queens Sports Club, Bulawayo",Neutral,1,1,0,0,0,7,2022,2022-07
Netherlands,T20I,Netherlands v United States of America,United States of America,Won,7 wickets,2022-07-15,Bulawayo Athletic Club,Neutral,1,1,0,0,0,7,2022,2022-07
United States of America,T20I,Netherlands v United States of America,Netherlands,Lost,7 wickets,2022-07-15,Bulawayo Athletic Club,Neutral,1,0,1,0,0,7,2022,2022-07
Romania,T20I,Romania v Serbia,Serbia,Won,31 runs,2022-07-16,Tikkurila Cricket Ground,Neutral,1,1,0,0,0,7,2022,2022-07
Serbia,T20I,Romania v Serbia,Romania,Lost,31 runs,2022-07-16,Tikkurila Cricket Ground,Neutral,1,0,1,0,0,7,2022,2022-07
Finland,T20I,Finland v Greece,Greece,Won,37 runs,2022-07-16,Kerava National Cricket Ground,Neutral,1,1,0,0,0,7,2022,2022-07
Greece,T20I,Finland v Greece,Finland,Lost,37 runs,2022-07-16,Kerava National Cricket Ground,Neutral,1,0,1,0,0,7,2022,2022-07
Cyprus,T20I,Cyprus v Turkey,Turkey,Won,135 runs,2022-07-16,Tikkurila Cricket Ground,Neutral,1,1,0,0,0,7,2022,2022-07
Turkey,T20I,Cyprus v Turkey,Cyprus,Lost,135 runs,2022-07-16,Tikkurila Cricket Ground,Neutral,1,0,1,0,0,7,2022,2022-07
Croatia,T20I,Croatia v Italy,Italy,Lost,166 runs,2022-07-16,Kerava National Cricket Ground,Neutral,1,0,1,0,0,7,2022,2022-07
Italy,T20I,Croatia v Italy,Croatia,Won,166 runs,2022-07-16,Kerava National Cricket Ground,Neutral,1,1,0,0,0,7,2022,2022-07
Hong Kong,T20I,Hong Kong v Uganda,Uganda,Lost,4 runs,2022-07-17,"Queens Sports Club, Bulawayo",Neutral,1,0,1,0,0,7,2022,2022-07
Uganda,T20I,Hong Kong v Uganda,Hong Kong,Won,4 runs,2022-07-17,"Queens Sports Club, Bulawayo",Neutral,1,1,0,0,0,7,2022,2022-07
Jersey,T20I,Jersey v Singapore,Singapore,Won,6 wickets,2022-07-17,Bulawayo Athletic Club,Neutral,1,1,0,0,0,7,2022,2022-07
Singapore,T20I,Jersey v Singapore,Jersey,Lost,6 wickets,2022-07-17,Bulawayo Athletic Club,Neutral,1,0,1,0,0,7,2022,2022-07
Papua New Guinea,T20I,Papua New Guinea v United States of America,United States of America,Won,5 runs,2022-07-17,Bulawayo Athletic Club,Neutral,1,1,0,0,0,7,2022,2022-07
United States of America,T20I,Papua New Guinea v United States of America,Papua New Guinea,Lost,5 runs,2022-07-17,Bulawayo Athletic Club,Neutral,1,0,1,0,0,7,2022,2022-07
Netherlands,T20I,Netherlands v Zimbabwe,Zimbabwe,Lost,37 runs,2022-07-17,"Queens Sports Club, Bulawayo",Neutral,1,0,1,0,0,7,2022,2022-07
Zimbabwe,T20I,Netherlands v Zimbabwe,Netherlands,Won,37 runs,2022-07-17,"Queens Sports Club, Bulawayo",Neutral,1,1,0,0,0,7,2022,2022-07
Ireland,T20I,Ireland v New Zealand,New Zealand,Lost,31 runs,2022-07-18,"Civil Service Cricket Club, Stormont, Belfast",Neutral,1,0,1,0,0,7,2022,2022-07
New Zealand,T20I,Ireland v New Zealand,Ireland,Won,31 runs,2022-07-18,"Civil Service Cricket Club, Stormont, Belfast",Neutral,1,1,0,0,0,7,2022,2022-07
Greece,T20I,Greece v Sweden,Sweden,Lost,107 runs,2022-07-18,Tikkurila Cricket Ground,Neutral,1,0,1,0,0,7,2022,2022-07
Sweden,T20I,Greece v Sweden,Greece,Won,107 runs,2022-07-18,Tikkurila Cricket Ground,Neutral,1,1,0,0,0,7,2022,2022-07
Cyprus,T20I,Cyprus v Serbia,Serbia,Lost,4 wickets,2022-07-18,Kerava National Cricket Ground,Neutral,1,0,1,0,0,7,2022,2022-07
Serbia,T20I,Cyprus v Serbia,Cyprus,Won,4 wickets,2022-07-18,Kerava National Cricket Ground,Neutral,1,1,0,0,0,7,2022,2022-07
Croatia,T20I,Croatia v Finland,Finland,Lost,5 wickets,2022-07-18,Tikkurila Cricket Ground,Neutral,1,0,1,0,0,7,2022,2022-07
Finland,T20I,Croatia v Finland,Croatia,Won,5 wickets,2022-07-18,Tikkurila Cricket Ground,Neutral,1,1,0,0,0,7,2022,2022-07
Isle of Man,T20I,Isle of Man v Turkey,Turkey,Won,74 runs,2022-07-18,Kerava National Cricket Ground,Neutral,1,1,0,0,0,7,2022,2022-07
Turkey,T20I,Isle of Man v Turkey,Isle of Man,Lost,74 runs,2022-07-18,Kerava National Cricket Ground,Neutral,1,0,1,0,0,7,2022,2022-07
Croatia,T20I,Croatia v Serbia,Serbia,Won,3 wickets,2022-07-19,Tikkurila Cricket Ground,Neutral,1,1,0,0,0,7,2022,2022-07
Serbia,T20I,Croatia v Serbia,Croatia,Lost,3 wickets,2022-07-19,Tikkurila Cricket Ground,Neutral,1,0,1,0,0,7,2022,2022-07
Cyprus,T20I,Cyprus v Finland,Finland,Lost,11 runs,2022-07-19,Kerava National Cricket Ground,Neutral,1,0,1,0,0,7,2022,2022-07
Finland,T20I,Cyprus v Finland,Cyprus,Won,11 runs,2022-07-19,Kerava National Cricket Ground,Neutral,1,1,0,0,0,7,2022,2022-07
Romania,T20I,Romania v Sweden,Sweden,Lost,8 wickets,2022-07-19,Tikkurila Cricket Ground,Neutral,1,0,1,0,0,7,2022,2022-07
Sweden,T20I,Romania v Sweden,Romania,Won,8 wickets,2022-07-19,Tikkurila Cricket Ground,Neutral,1,1,0,0,0,7,2022,2022-07
Isle of Man,T20I,Isle of Man v Italy,Italy,Lost,7 wickets,2022-07-19,Kerava National Cricket Ground,Neutral,1,0,1,0,0,7,2022,2022-07
Italy,T20I,Isle of Man v Italy,Isle of Man,Won,7 wickets,2022-07-19,Kerava National Cricket Ground,Neutral,1,1,0,0,0,7,2022,2022-07
Ireland,T20I,Ireland v New Zealand,New Zealand,Lost,88 runs,2022-07-20,"Civil Service Cricket Club, Stormont, Belfast",Neutral,1,0,1,0,0,7,2022,2022-07
New Zealand,T20I,Ireland v New Zealand,Ireland,Won,88 runs,2022-07-20,"Civil Service Cricket Club, Stormont, Belfast",Neutral,1,1,0,0,0,7,2022,2022-07
Ireland,T20I,Ireland v New Zealand,New Zealand,Lost,6 wickets,2022-07-22,"Civil Service Cricket Club, Stormont, Belfast",Neutral,1,0,1,0,0,7,2022,2022-07
New Zealand,T20I,Ireland v New Zealand,Ireland,Won,6 wickets,2022-07-22,"Civil Service Cricket Club, Stormont, Belfast",Neutral,1,1,0,0,0,7,2022,2022-07
Austria,T20I,Austria v Luxembourg,Luxembourg,Won,36 runs,2022-07-24,Tikkurila Cricket Ground,Neutral,1,1,0,0,0,7,2022,2022-07
Luxembourg,T20I,Austria v Luxembourg,Austria,Lost,36 runs,2022-07-24,Tikkurila Cricket Ground,Neutral,1,0,1,0,0,7,2022,2022-07
Estonia,T20I,Estonia v Norway,Norway,Lost,10 wickets,2022-07-24,Kerava National Cricket Ground,Neutral,1,0,1,0,0,7,2022,2022-07
Norway,T20I,Estonia v Norway,Estonia,Won,10 wickets,2022-07-24,Kerava National Cricket Ground,Neutral,1,1,0,0,0,7,2022,2022-07
Bulgaria,T20I,Bulgaria v Guernsey,Guernsey,Lost,52 runs,2022-07-24,Tikkurila Cricket Ground,Neutral,1,0,1,0,0,7,2022,2022-07
Guernsey,T20I,Bulgaria v Guernsey,Bulgaria,Won,52 runs,2022-07-24,Tikkurila Cricket Ground,Neutral,1,1,0,0,0,7,2022,2022-07
Czech Republic,T20I,Czech Republic v France,France,Lost,51 runs,2022-07-24,Kerava National Cricket Ground,Neutral,1,0,1,0,0,7,2022,2022-07
France,T20I,Czech Republic v France,Czech Republic,Won,51 runs,2022-07-24,Kerava National Cricket Ground,Neutral,1,1,0,0,0,7,2022,2022-07
Austria,T20I,Austria v Slovenia,Slovenia,Won,141 runs,2022-07-25,Kerava National Cricket Ground,Neutral,1,1,0,0,0,7,2022,2022-07
Slovenia,T20I,Austria v Slovenia,Austria,Lost,141 runs,2022-07-25,Kerava National Cricket Ground,Neutral,1,0,1,0,0,7,2022,2022-07
France,T20I,France v Switzerland,Switzerland,Lost,1 wickets,2022-07-25,Tikkurila Cricket Ground,Neutral,1,0,1,0,0,7,2022,2022-07
Switzerland,T20I,France v Switzerland,France,Won,1 wickets,2022-07-25,Tikkurila Cricket Ground,Neutral,1,1,0,0,0,7,2022,2022-07
Guernsey,T20I,Guernsey v Luxembourg,Luxembourg,Won,17 runs,2022-07-25,Kerava National Cricket Ground,Neutral,1,1,0,0,0,7,2022,2022-07
Luxembourg,T20I,Guernsey v Luxembourg,Guernsey,Lost,17 runs,2022-07-25,Kerava National Cricket Ground,Neutral,1,0,1,0,0,7,2022,2022-07
England,T20I,England v South Africa,South Africa,Won,41 runs,2022-07-27,"County Ground, Bristol",Neutral,1,1,0,0,0,7,2022,2022-07
South Africa,T20I,England v South Africa,England,Lost,41 runs,2022-07-27,"County Ground, Bristol",Neutral,1,0,1,0,0,7,2022,2022-07
New Zealand,T20I,New Zealand v Scotland,Scotland,Won,68 runs,2022-07-27,"Grange Cricket Club Ground, Raeburn Place, Edinburgh",Neutral,1,1,0,0,0,7,2022,2022-07
Scotland,T20I,New Zealand v Scotland,New Zealand,Lost,68 runs,2022-07-27,"Grange Cricket Club Ground, Raeburn Place, Edinburgh",Neutral,1,0,1,0,0,7,2022,2022-07
Austria,T20I,Austria v Guernsey,Guernsey,Won,2 wickets,2022-07-27,Tikkurila Cricket Ground,Neutral,1,1,0,0,0,7,2022,2022-07
Guernsey,T20I,Austria v Guernsey,Austria,Lost,2 wickets,2022-07-27,Tikkurila Cricket Ground,Neutral,1,0,1,0,0,7,2022,2022-07
Estonia,T20I,Estonia v Switzerland,Switzerland,Lost,31 runs,2022-07-27,Kerava National Cricket Ground,Neutral,1,0,1,0,0,7,2022,2022-07
Switzerland,T20I,Estonia v Switzerland,Estonia,Won,31 runs,2022-07-27,Kerava National Cricket Ground,Neutral,1,1,0,0,0,7,2022,2022-07
Bulgaria,T20I,Bulgaria v Slovenia,Slovenia,Won,3 wickets,2022-07-27,Tikkurila Cricket Ground,Neutral,1,1,0,0,0,7,2022,2022-07
Slovenia,T20I,Bulgaria v Slovenia,Bulgaria,Lost,3 wickets,2022-07-27,Tikkurila Cricket Ground,Neutral,1,0,1,0,0,7,2022,2022-07
France,T20I,France v Norway,Norway,Won,11 runs,2022-07-27,Kerava National Cricket Ground,Neutral,1,1,0,0,0,7,2022,2022-07
Norway,T20I,France v Norway,France,Lost,11 runs,2022-07-27,Kerava National Cricket Ground,Neutral,1,0,1,0,0,7,2022,2022-07
England,T20I,England v South Africa,South Africa,Lost,58 runs,2022-07-28,"Sophia Gardens, Cardiff",Neutral,1,0,1,0,0,7,2022,2022-07
South Africa,T20I,England v South Africa,England,Won,58 runs,2022-07-28,"Sophia Gardens, Cardiff",Neutral,1,1,0,0,0,7,2022,2022-07
Norway,T20I,Norway v Switzerland,Switzerland,Won,12 runs,2022-07-28,Tikkurila Cricket Ground,Neutral,1,1,0,0,0,7,2022,2022-07
Switzerland,T20I,Norway v Switzerland,Norway,Lost,12 runs,2022-07-28,Tikkurila Cricket Ground,Neutral,1,0,1,0,0,7,2022,2022-07
Bulgaria,T20I,Bulgaria v Luxembourg,Luxembourg,Lost,21 runs,2022-07-28,Kerava National Cricket Ground,Neutral,1,0,1,0,0,7,2022,2022-07
Luxembourg,T20I,Bulgaria v Luxembourg,Bulgaria,Won,21 runs,2022-07-28,Kerava National Cricket Ground,Neutral,1,1,0,0,0,7,2022,2022-07
Czech Republic,T20I,Czech Republic v Estonia,Estonia,Won,42 runs,2022-07-28,Tikkurila Cricket Ground,Neutral,1,1,0,0,0,7,2022,2022-07
Estonia,T20I,Czech Republic v Estonia,Czech Republic,Lost,42 runs,2022-07-28,Tikkurila Cricket Ground,Neutral,1,0,1,0,0,7,2022,2022-07
Guernsey,T20I,Guernsey v Slovenia,Slovenia,Won,9 wickets,2022-07-28,Kerava National Cricket Ground,Neutral,1,1,0,0,0,7,2022,2022-07
Slovenia,T20I,Guernsey v Slovenia,Guernsey,Lost,9 wickets,2022-07-28,Kerava National Cricket Ground,Neutral,1,0,1,0,0,7,2022,2022-07
New Zealand,T20I,New Zealand v Scotland,Scotland,Won,102 runs,2022-07-29,"Grange Cricket Club Ground, Raeburn Place, Edinburgh",Neutral,1,1,0,0,0,7,2022,2022-07
Scotland,T20I,New Zealand v Scotland,New Zealand,Lost,102 runs,2022-07-29,"Grange Cricket Club Ground, Raeburn Place, Edinburgh",Neutral,1,0,1,0,0,7,2022,2022-07
India,T20I,India v West Indies,West Indies,Won,68 runs,2022-07-29,"Brian Lara Stadium, Tarouba, Trinidad",Neutral,1,1,0,0,0,7,2022,2022-07
West Indies,T20I,India v West Indies,India,Lost,68 runs,2022-07-29,"Brian Lara Stadium, Tarouba, Trinidad",Neutral,1,0,1,0,0,7,2022,2022-07
Czech Republic,T20I,Czech Republic v Switzerland,Switzerland,Won,7 wickets,2022-07-30,Kerava National Cricket Ground,Neutral,1,1,0,0,0,7,2022,2022-07
Switzerland,T20I,Czech Republic v Switzerland,Czech Republic,Lost,7 wickets,2022-07-30,Kerava National Cricket Ground,Neutral,1,0,1,0,0,7,2022,2022-07
Luxembourg,T20I,Luxembourg v Slovenia,Slovenia,Won,5 runs,2022-07-30,Tikkurila Cricket Ground,Neutral,1,1,0,0,0,7,2022,2022-07
Slovenia,T20I,Luxembourg v Slovenia,Luxembourg,Lost,5 runs,2022-07-30,Tikkurila Cricket Ground,Neutral,1,0,1,0,0,7,2022,2022-07
Bangladesh,T20I,Bangladesh v Zimbabwe,Zimbabwe,Lost,17 runs,2022-07-30,Harare Sports Club,Neutral,1,0,1,0,0,7,2022,2022-07
Zimbabwe,T20I,Bangladesh v Zimbabwe,Bangladesh,Won,17 runs,2022-07-30,Harare Sports Club,Neutral,1,1,0,0,0,7,2022,2022-07
England,T20I,England v South Africa,South Africa,Lost,90 runs,2022-07-31,"The Rose Bowl, Southampton",Neutral,1,0,1,0,0,7,2022,2022-07
South Africa,T20I,England v South Africa,England,Won,90 runs,2022-07-31,"The Rose Bowl, Southampton",Neutral,1,1,0,0,0,7,2022,2022-07
Bulgaria,T20I,Bulgaria v Czech Republic,Czech Republic,Lost,4 wickets,2022-07-31,Tikkurila Cricket Ground,Neutral,1,0,1,0,0,7,2022,2022-07
Czech Republic,T20I,Bulgaria v Czech Republic,Bulgaria,Won,4 wickets,2022-07-31,Tikkurila Cricket Ground,Neutral,1,1,0,0,0,7,2022,2022-07
France,T20I,France v Guernsey,Guernsey,Lost,56 runs,2022-07-31,Kerava National Cricket Ground,Neutral,1,0,1,0,0,7,2022,2022-07
Guernsey,T20I,France v Guernsey,France,Won,56 runs,2022-07-31,Kerava National Cricket Ground,Neutral,1,1,0,0,0,7,2022,2022-07
Luxembourg,T20I,Luxembourg v Switzerland,Switzerland,Won,7 runs,2022-07-31,Tikkurila Cricket Ground,Neutral,1,1,0,0,0,7,2022,2022-07
Switzerland,T20I,Luxembourg v Switzerland,Luxembourg,Lost,7 runs,2022-07-31,Tikkurila Cricket Ground,Neutral,1,0,1,0,0,7,2022,2022-07
Austria,T20I,Austria v Norway,Norway,Won,9 wickets,2022-07-31,Kerava National Cricket Ground,Neutral,1,1,0,0,0,7,2022,2022-07
Norway,T20I,Austria v Norway,Austria,Lost,9 wickets,2022-07-31,Kerava National Cricket Ground,Neutral,1,0,1,0,0,7,2022,2022-07
Bangladesh,T20I,Bangladesh v Zimbabwe,Zimbabwe,Won,7 wickets,2022-07-31,Harare Sports Club,Neutral,1,1,0,0,0,7,2022,2022-07
Zimbabwe,T20I,Bangladesh v Zimbabwe,Bangladesh,Lost,7 wickets,2022-07-31,Harare Sports Club,Neutral,1,0,1,0,0,7,2022,2022-07
India,T20I,India v West Indies,West Indies,Lost,5 wickets,2022-08-01,"Warner Park, Basseterre, St Kitts",Neutral,1,0,1,0,0,8,2022,2022-08
West Indies,T20I,India v West Indies,India,Won,5 wickets,2022-08-01,"Warner Park, Basseterre, St Kitts",Neutral,1,1,0,0,0,8,2022,2022-08
India,T20I,India v West Indies,West Indies,Won,7 wickets,2022-08-02,"Warner Park, Basseterre, St Kitts",Neutral,1,1,0,0,0,8,2022,2022-08
West Indies,T20I,India v West Indies,India,Lost,7 wickets,2022-08-02,"Warner Park, Basseterre, St Kitts",Neutral,1,0,1,0,0,8,2022,2022-08
Bangladesh,T20I,Bangladesh v Zimbabwe,Zimbabwe,Lost,10 runs,2022-08-02,Harare Sports Club,Neutral,1,0,1,0,0,8,2022,2022-08
Zimbabwe,T20I,Bangladesh v Zimbabwe,Bangladesh,Won,10 runs,2022-08-02,Harare Sports Club,Neutral,1,1,0,0,0,8,2022,2022-08
Ireland,T20I,Ireland v South Africa,South Africa,Lost,21 runs,2022-08-03,"County Ground, Bristol",Neutral,1,0,1,0,0,8,2022,2022-08
South Africa,T20I,Ireland v South Africa,Ireland,Won,21 runs,2022-08-03,"County Ground, Bristol",Neutral,1,1,0,0,0,8,2022,2022-08
Netherlands,T20I,Netherlands v New Zealand,New Zealand,Lost,16 runs,2022-08-04,"Sportpark Westvliet, The Hague",Neutral,1,0,1,0,0,8,2022,2022-08
New Zealand,T20I,Netherlands v New Zealand,Netherlands,Won,16 runs,2022-08-04,"Sportpark Westvliet, The Hague",Neutral,1,1,0,0,0,8,2022,2022-08
Ireland,T20I,Ireland v South Africa,South Africa,Lost,44 runs,2022-08-05,"County Ground, Bristol",Neutral,1,0,1,0,0,8,2022,2022-08
South Africa,T20I,Ireland v South Africa,Ireland,Won,44 runs,2022-08-05,"County Ground, Bristol",Neutral,1,1,0,0,0,8,2022,2022-08
Netherlands,T20I,Netherlands v New Zealand,New Zealand,Lost,8 wickets,2022-08-05,"Sportpark Westvliet, The Hague",Neutral,1,0,1,0,0,8,2022,2022-08
New Zealand,T20I,Netherlands v New Zealand,Netherlands,Won,8 wickets,2022-08-05,"Sportpark Westvliet, The Hague",Neutral,1,1,0,0,0,8,2022,2022-08
India,T20I,India v West Indies,West Indies,Won,59 runs,2022-08-06,"Central Broward Regional Park Stadium Turf Ground, Lauderhill",Neutral,1,1,0,0,0,8,2022,2022-08
West Indies,T20I,India v West Indies,India,Lost,59 runs,2022-08-06,"Central Broward Regional Park Stadium Turf Ground, Lauderhill",Neutral,1,0,1,0,0,8,2022,2022-08
India,T20I,India v West Indies,West Indies,Won,88 runs,2022-08-07,"Central Broward Regional Park Stadium Turf Ground, Lauderhill",Neutral,1,1,0,0,0,8,2022,2022-08
West Indies,T20I,India v West Indies,India,Lost,88 runs,2022-08-07,"Central Broward Regional Park Stadium Turf Ground, Lauderhill",Neutral,1,0,1,0,0,8,2022,2022-08
New Zealand,T20I,New Zealand v West Indies,West Indies,Won,13 runs,2022-08-10,"Sabina Park, Kingston, Jamaica",Neutral,1,1,0,0,0,8,2022,2022-08
West Indies,T20I,New Zealand v West Indies,New Zealand,Lost,13 runs,2022-08-10,"Sabina Park, Kingston, Jamaica",Neutral,1,0,1,0,0,8,2022,2022-08
New Zealand,T20I,New Zealand v West Indies,West Indies,Won,90 runs,2022-08-12,"Sabina Park, Kingston, Jamaica",Neutral,1,1,0,0,0,8,2022,2022-08
West Indies,T20I,New Zealand v West Indies,New Zealand,Lost,90 runs,2022-08-12,"Sabina Park, Kingston, Jamaica",Neutral,1,0,1,0,0,8,2022,2022-08
Bahrain,T20I,Bahrain v Kuwait,Kuwait,Lost,20 runs,2022-08-13,Al Amerat Cricket Ground Oman Cricket (Ministry Turf 1),Neutral,1,0,1,0,0,8,2022,2022-08
Kuwait,T20I,Bahrain v Kuwait,Bahrain,Won,20 runs,2022-08-13,Al Amerat Cricket Ground Oman Cricket (Ministry Turf 1),Neutral,1,1,0,0,0,8,2022,2022-08
New Zealand,T20I,New Zealand v West Indies,West Indies,Lost,8 wickets,2022-08-14,"Sabina Park, Kingston, Jamaica",Neutral,1,0,1,0,0,8,2022,2022-08
West Indies,T20I,New Zealand v West Indies,New Zealand,Won,8 wickets,2022-08-14,"Sabina Park, Kingston, Jamaica",Neutral,1,1,0,0,0,8,2022,2022-08
Bahrain,T20I,Bahrain v Kuwait,Kuwait,Lost,5 wickets,2022-08-14,Al Amerat Cricket Ground Oman Cricket (Ministry Turf 1),Neutral,1,0,1,0,0,8,2022,2022-08
Kuwait,T20I,Bahrain v Kuwait,Bahrain,Won,5 wickets,2022-08-14,Al Amerat Cricket Ground Oman Cricket (Ministry Turf 1),Neutral,1,1,0,0,0,8,2022,2022-08
Bahrain,T20I,Bahrain v Kuwait,Kuwait,Lost,102 runs,2022-08-17,Al Amerat Cricket Ground Oman Cricket (Ministry Turf 1),Neutral,1,0,1,0,0,8,2022,2022-08
Kuwait,T20I,Bahrain v Kuwait,Bahrain,Won,102 runs,2022-08-17,Al Amerat Cricket Ground Oman Cricket (Ministry Turf 1),Neutral,1,1,0,0,0,8,2022,2022-08
Hong Kong,T20I,Hong Kong v Singapore,Singapore,Won,8 runs,2022-08-20,Al Amerat Cricket Ground Oman Cricket (Ministry Turf 1),Neutral,1,1,0,0,0,8,2022,2022-08
Singapore,T20I,Hong Kong v Singapore,Hong Kong,Lost,8 runs,2022-08-20,Al Amerat Cricket Ground Oman Cricket (Ministry Turf 1),Neutral,1,0,1,0,0,8,2022,2022-08
Kuwait,T20I,Kuwait v United Arab Emirates,United Arab Emirates,Won,1 wickets,2022-08-21,Al Amerat Cricket Ground Oman Cricket (Ministry Turf 1),Neutral,1,1,0,0,0,8,2022,2022-08
United Arab Emirates,T20I,Kuwait v United Arab Emirates,Kuwait,Lost,1 wickets,2022-08-21,Al Amerat Cricket Ground Oman Cricket (Ministry Turf 1),Neutral,1,0,1,0,0,8,2022,2022-08
Singapore,T20I,Singapore v United Arab Emirates,United Arab Emirates,Lost,47 runs,2022-08-22,Al Amerat Cricket Ground Oman Cricket (Ministry Turf 1),Neutral,1,0,1,0,0,8,2022,2022-08
United Arab Emirates,T20I,Singapore v United Arab Emirates,Singapore,Won,47 runs,2022-08-22,Al Amerat Cricket Ground Oman Cricket (Ministry Turf 1),Neutral,1,1,0,0,0,8,2022,2022-08
Hong Kong,T20I,Hong Kong v Kuwait,Kuwait,Won,8 wickets,2022-08-23,Al Amerat Cricket Ground Oman Cricket (Ministry Turf 1),Neutral,1,1,0,0,0,8,2022,2022-08
Kuwait,T20I,Hong Kong v Kuwait,Hong Kong,Lost,8 wickets,2022-08-23,Al Amerat Cricket Ground Oman Cricket (Ministry Turf 1),Neutral,1,0,1,0,0,8,2022,2022-08
Kuwait,T20I,Kuwait v Singapore,Singapore,Won,6 wickets,2022-08-24,Al Amerat Cricket Ground Oman Cricket (Ministry Turf 1),Neutral,1,1,0,0,0,8,2022,2022-08
Singapore,T20I,Kuwait v Singapore,Kuwait,Lost,6 wickets,2022-08-24,Al Amerat Cricket Ground Oman Cricket (Ministry Turf 1),Neutral,1,0,1,0,0,8,2022,2022-08
Hong Kong,T20I,Hong Kong v United Arab Emirates,United Arab Emirates,Won,8 wickets,2022-08-24,Al Amerat Cricket Ground Oman Cricket (Ministry Turf 1),Neutral,1,1,0,0,0,8,2022,2022-08
United Arab Emirates,T20I,Hong Kong v United Arab Emirates,Hong Kong,Lost,8 wickets,2022-08-24,Al Amerat Cricket Ground Oman Cricket (Ministry Turf 1),Neutral,1,0,1,0,0,8,2022,2022-08
Kenya,T20I,Kenya v Nepal,Nepal,Lost,5 wickets,2022-08-25,"Gymkhana Club Ground, Nairobi",Neutral,1,0,1,0,0,8,2022,2022-08
Nepal,T20I,Kenya v Nepal,Kenya,Won,5 wickets,2022-08-25,"Gymkhana Club Ground, Nairobi",Neutral,1,1,0,0,0,8,2022,2022-08
India,T20I,India v Pakistan,Pakistan,Won,5 wickets,2022-08-28,Dubai International Cricket Stadium,Neutral,1,1,0,0,0,8,2022,2022-08
Pakistan,T20I,India v Pakistan,India,Lost,5 wickets,2022-08-28,Dubai International Cricket Stadium,Neutral,1,0,1,0,0,8,2022,2022-08
Kenya,T20I,Kenya v Nepal,Nepal,Lost,4 wickets,2022-08-28,"Gymkhana Club Ground, Nairobi",Neutral,1,0,1,0,0,8,2022,2022-08
Nepal,T20I,Kenya v Nepal,Kenya,Won,4 wickets,2022-08-28,"Gymkhana Club Ground, Nairobi",Neutral,1,1,0,0,0,8,2022,2022-08
Kenya,T20I,Kenya v Nepal,Nepal,Won,7 runs,2022-08-29,"Gymkhana Club Ground, Nairobi",Neutral,1,1,0,0,0,8,2022,2022-08
Nepal,T20I,Kenya v Nepal,Kenya,Lost,7 runs,2022-08-29,"Gymkhana Club Ground, Nairobi",Neutral,1,0,1,0,0,8,2022,2022-08
Kenya,T20I,Kenya v Nepal,Nepal,Lost,31 runs,2022-08-30,"Gymkhana Club Ground, Nairobi",Neutral,1,0,1,0,0,8,2022,2022-08
Nepal,T20I,Kenya v Nepal,Kenya,Won,31 runs,2022-08-30,"Gymkhana Club Ground, Nairobi",Neutral,1,1,0,0,0,8,2022,2022-08
Hong Kong,T20I,Hong Kong v India,India,Lost,40 runs,2022-08-31,Dubai International Cricket Stadium,Neutral,1,0,1,0,0,8,2022,2022-08
India,T20I,Hong Kong v India,Hong Kong,Won,40 runs,2022-08-31,Dubai International Cricket Stadium,Neutral,1,1,0,0,0,8,2022,2022-08
Bangladesh,T20I,Bangladesh v Sri Lanka,Sri Lanka,Lost,2 wickets,2022-09-01,Dubai International Cricket Stadium,Neutral,1,0,1,0,0,9,2022,2022-09
Sri Lanka,T20I,Bangladesh v Sri Lanka,Bangladesh,Won,2 wickets,2022-09-01,Dubai International Cricket Stadium,Neutral,1,1,0,0,0,9,2022,2022-09
Hong Kong,T20I,Hong Kong v Pakistan,Pakistan,Lost,155 runs,2022-09-02,Sharjah Cricket Stadium,Neutral,1,0,1,0,0,9,2022,2022-09
Pakistan,T20I,Hong Kong v Pakistan,Hong Kong,Won,155 runs,2022-09-02,Sharjah Cricket Stadium,Neutral,1,1,0,0,0,9,2022,2022-09
India,T20I,India v Pakistan,Pakistan,Lost,5 wickets,2022-09-04,Dubai International Cricket Stadium,Neutral,1,0,1,0,0,9,2022,2022-09
Pakistan,T20I,India v Pakistan,India,Won,5 wickets,2022-09-04,Dubai International Cricket Stadium,Neutral,1,1,0,0,0,9,2022,2022-09
India,T20I,India v Sri Lanka,Sri Lanka,Lost,6 wickets,2022-09-06,Dubai International Cricket Stadium,Neutral,1,0,1,0,0,9,2022,2022-09
Sri Lanka,T20I,India v Sri Lanka,India,Won,6 wickets,2022-09-06,Dubai International Cricket Stadium,Neutral,1,1,0,0,0,9,2022,2022-09
Pakistan,T20I,Pakistan v Sri Lanka,Sri Lanka,Lost,5 wickets,2022-09-09,Dubai International Cricket Stadium,Neutral,1,0,1,0,0,9,2022,2022-09
Sri Lanka,T20I,Pakistan v Sri Lanka,Pakistan,Won,5 wickets,2022-09-09,Dubai International Cricket Stadium,Neutral,1,1,0,0,0,9,2022,2022-09
Cook Islands,T20I,Cook Islands v Fiji,Fiji,Lost,3 wickets,2022-09-10,"Independence Park, Port Vila",Neutral,1,0,1,0,0,9,2022,2022-09
Fiji,T20I,Cook Islands v Fiji,Cook Islands,Won,3 wickets,2022-09-10,"Independence Park, Port Vila",Neutral,1,1,0,0,0,9,2022,2022-09
Samoa,T20I,Samoa v Vanuatu,Vanuatu,Lost,9 wickets,2022-09-10,"Independence Park, Port Vila",Neutral,1,0,1,0,0,9,2022,2022-09
Vanuatu,T20I,Samoa v Vanuatu,Samoa,Won,9 wickets,2022-09-10,"Independence Park, Port Vila",Neutral,1,1,0,0,0,9,2022,2022-09
Pakistan,T20I,Pakistan v Sri Lanka,Sri Lanka,Lost,23 runs,2022-09-11,Dubai International Cricket Stadium,Neutral,1,0,1,0,0,9,2022,2022-09
Sri Lanka,T20I,Pakistan v Sri Lanka,Pakistan,Won,23 runs,2022-09-11,Dubai International Cricket Stadium,Neutral,1,1,0,0,0,9,2022,2022-09
Cook Islands,T20I,Cook Islands v Vanuatu,Vanuatu,Won,5 wickets,2022-09-11,"Independence Park, Port Vila",Neutral,1,1,0,0,0,9,2022,2022-09
Vanuatu,T20I,Cook Islands v Vanuatu,Cook Islands,Lost,5 wickets,2022-09-11,"Independence Park, Port Vila",Neutral,1,0,1,0,0,9,2022,2022-09
Fiji,T20I,Fiji v Samoa,Samoa,Won,3 wickets,2022-09-11,"Independence Park, Port Vila",Neutral,1,1,0,0,0,9,2022,2022-09
Samoa,T20I,Fiji v Samoa,Fiji,Lost,3 wickets,2022-09-11,"Independence Park, Port Vila",Neutral,1,0,1,0,0,9,2022,2022-09
Cook Islands,T20I,Cook Islands v Samoa,Samoa,Won,4 wickets,2022-09-13,"Independence Park, Port Vila",Neutral,1,1,0,0,0,9,2022,2022-09
Samoa,T20I,Cook Islands v Samoa,Cook Islands,Lost,4 wickets,2022-09-13,"Independence Park, Port Vila",Neutral,1,0,1,0,0,9,2022,2022-09
Fiji,T20I,Fiji v Vanuatu,Vanuatu,Lost,18 runs,2022-09-13,"Independence Park, Port Vila",Neutral,1,0,1,0,0,9,2022,2022-09
Vanuatu,T20I,Fiji v Vanuatu,Fiji,Won,18 runs,2022-09-13,"Independence Park, Port Vila",Neutral,1,1,0,0,0,9,2022,2022-09
Samoa,T20I,Samoa v Vanuatu,Vanuatu,Lost,6 wickets,2022-09-14,"Independence Park, Port Vila",Neutral,1,0,1,0,0,9,2022,2022-09
Vanuatu,T20I,Samoa v Vanuatu,Samoa,Won,6 wickets,2022-09-14,"Independence Park, Port Vila",Neutral,1,1,0,0,0,9,2022,2022-09
Cook Islands,T20I,Cook Islands v Fiji,Fiji,Won,8 wickets,2022-09-14,"Independence Park, Port Vila",Neutral,1,1,0,0,0,9,2022,2022-09
Fiji,T20I,Cook Islands v Fiji,Cook Islands,Lost,8 wickets,2022-09-14,"Independence Park, Port Vila",Neutral,1,0,1,0,0,9,2022,2022-09
Botswana,T20I,Botswana v Uganda,Uganda,Lost,7 wickets,2022-09-15,"Willowmoore Park, Benoni",Neutral,1,0,1,0,0,9,2022,2022-09
Uganda,T20I,Botswana v Uganda,Botswana,Won,7 wickets,2022-09-15,"Willowmoore Park, Benoni",Neutral,1,1,0,0,0,9,2022,2022-09
Fiji,T20I,Fiji v Samoa,Samoa,Won,30 runs,2022-09-15,"Independence Park, Port Vila",Neutral,1,1,0,0,0,9,2022,2022-09
Samoa,T20I,Fiji v Samoa,Fiji,Lost,30 runs,2022-09-15,"Independence Park, Port Vila",Neutral,1,0,1,0,0,9,2022,2022-09
Cook Islands,T20I,Cook Islands v Vanuatu,Vanuatu,Lost,50 runs,2022-09-15,"Independence Park, Port Vila",Neutral,1,0,1,0,0,9,2022,2022-09
Vanuatu,T20I,Cook Islands v Vanuatu,Cook Islands,Won,50 runs,2022-09-15,"Independence Park, Port Vila",Neutral,1,1,0,0,0,9,2022,2022-09
Ghana,T20I,Ghana v Mozambique,Mozambique,Won,28 runs,2022-09-16,"Willowmoore Park, Benoni",Neutral,1,1,0,0,0,9,2022,2022-09
Mozambique,T20I,Ghana v Mozambique,Ghana,Lost,28 runs,2022-09-16,"Willowmoore Park, Benoni",Neutral,1,0,1,0,0,9,2022,2022-09
Kenya,T20I,Kenya v Tanzania,Tanzania,Lost,4 wickets,2022-09-17,"Willowmoore Park, Benoni",Neutral,1,0,1,0,0,9,2022,2022-09
Tanzania,T20I,Kenya v Tanzania,Kenya,Won,4 wickets,2022-09-17,"Willowmoore Park, Benoni",Neutral,1,1,0,0,0,9,2022,2022-09
Mozambique,T20I,Mozambique v Uganda,Uganda,Lost,38 runs,2022-09-18,"Willowmoore Park, Benoni",Neutral,1,0,1,0,0,9,2022,2022-09
Uganda,T20I,Mozambique v Uganda,Mozambique,Won,38 runs,2022-09-18,"Willowmoore Park, Benoni",Neutral,1,1,0,0,0,9,2022,2022-09
Botswana,T20I,Botswana v Ghana,Ghana,Won,11 runs,2022-09-18,"Willowmoore Park, Benoni",Neutral,1,1,0,0,0,9,2022,2022-09
Ghana,T20I,Botswana v Ghana,Botswana,Lost,11 runs,2022-09-18,"Willowmoore Park, Benoni",Neutral,1,0,1,0,0,9,2022,2022-09
Botswana,T20I,Botswana v Mozambique,Mozambique,Won,92 runs,2022-09-19,"Willowmoore Park, Benoni",Neutral,1,1,0,0,0,9,2022,2022-09
Mozambique,T20I,Botswana v Mozambique,Botswana,Lost,92 runs,2022-09-19,"Willowmoore Park, Benoni",Neutral,1,0,1,0,0,9,2022,2022-09
Cameroon,T20I,Cameroon v Kenya,Kenya,Lost,9 wickets,2022-09-19,"Willowmoore Park, Benoni",Neutral,1,0,1,0,0,9,2022,2022-09
Kenya,T20I,Cameroon v Kenya,Cameroon,Won,9 wickets,2022-09-19,"Willowmoore Park, Benoni",Neutral,1,1,0,0,0,9,2022,2022-09
England,T20I,England v Pakistan,Pakistan,Won,6 wickets,2022-09-20,"National Stadium, Karachi",Neutral,1,1,0,0,0,9,2022,2022-09
Pakistan,T20I,England v Pakistan,England,Lost,6 wickets,2022-09-20,"National Stadium, Karachi",Neutral,1,0,1,0,0,9,2022,2022-09
Australia,T20I,Australia v India,India,Won,4 wickets,2022-09-20,"Punjab Cricket Association IS Bindra Stadium, Mohali, Chandigarh",Neutral,1,1,0,0,0,9,2022,2022-09
India,T20I,Australia v India,Australia,Lost,4 wickets,2022-09-20,"Punjab Cricket Association IS Bindra Stadium, Mohali, Chandigarh",Neutral,1,0,1,0,0,9,2022,2022-09
Ghana,T20I,Ghana v Uganda,Uganda,Lost,8 wickets,2022-09-20,"Willowmoore Park, Benoni",Neutral,1,0,1,0,0,9,2022,2022-09
Uganda,T20I,Ghana v Uganda,Ghana,Won,8 wickets,2022-09-20,"Willowmoore Park, Benoni",Neutral,1,1,0,0,0,9,2022,2022-09
Malawi,T20I,Malawi v Tanzania,Tanzania,Lost,44 runs,2022-09-20,"Willowmoore Park, Benoni",Neutral,1,0,1,0,0,9,2022,2022-09
Tanzania,T20I,Malawi v Tanzania,Malawi,Won,44 runs,2022-09-20,"Willowmoore Park, Benoni",Neutral,1,1,0,0,0,9,2022,2022-09
Kenya,T20I,Kenya v Uganda,Uganda,Lost,3 wickets,2022-09-21,"Willowmoore Park, Benoni",Neutral,1,0,1,0,0,9,2022,2022-09
Uganda,T20I,Kenya v Uganda,Kenya,Won,3 wickets,2022-09-21,"Willowmoore Park, Benoni",Neutral,1,1,0,0,0,9,2022,2022-09
Botswana,T20I,Botswana v Tanzania,Tanzania,Lost,4 wickets,2022-09-21,"Willowmoore Park, Benoni",Neutral,1,0,1,0,0,9,2022,2022-09
Tanzania,T20I,Botswana v Tanzania,Botswana,Won,4 wickets,2022-09-21,"Willowmoore Park, Benoni",Neutral,1,1,0,0,0,9,2022,2022-09
England,T20I,England v Pakistan,Pakistan,Lost,10 wickets,2022-09-22,"National Stadium, Karachi",Neutral,1,0,1,0,0,9,2022,2022-09
Pakistan,T20I,England v Pakistan,England,Won,10 wickets,2022-09-22,"National Stadium, Karachi",Neutral,1,1,0,0,0,9,2022,2022-09
Tanzania,T20I,Tanzania v Uganda,Uganda,Lost,8 wickets,2022-09-22,"Willowmoore Park, Benoni",Neutral,1,0,1,0,0,9,2022,2022-09
Uganda,T20I,Tanzania v Uganda,Tanzania,Won,8 wickets,2022-09-22,"Willowmoore Park, Benoni",Neutral,1,1,0,0,0,9,2022,2022-09
England,T20I,England v Pakistan,Pakistan,Won,63 runs,2022-09-23,"National Stadium, Karachi",Neutral,1,1,0,0,0,9,2022,2022-09
Pakistan,T20I,England v Pakistan,England,Lost,63 runs,2022-09-23,"National Stadium, Karachi",Neutral,1,0,1,0,0,9,2022,2022-09
Australia,T20I,Australia v India,India,Lost,6 wickets,2022-09-23,"Vidarbha Cricket Association Stadium, Jamtha, Nagpur",Neutral,1,0,1,0,0,9,2022,2022-09
India,T20I,Australia v India,Australia,Won,6 wickets,2022-09-23,"Vidarbha Cricket Association Stadium, Jamtha, Nagpur",Neutral,1,1,0,0,0,9,2022,2022-09
England,T20I,England v Pakistan,Pakistan,Lost,3 runs,2022-09-25,"National Stadium, Karachi",Neutral,1,0,1,0,0,9,2022,2022-09
Pakistan,T20I,England v Pakistan,England,Won,3 runs,2022-09-25,"National Stadium, Karachi",Neutral,1,1,0,0,0,9,2022,2022-09
Australia,T20I,Australia v India,India,Lost,6 wickets,2022-09-25,"Rajiv Gandhi International Stadium, Uppal, Hyderabad",Neutral,1,0,1,0,0,9,2022,2022-09
India,T20I,Australia v India,Australia,Won,6 wickets,2022-09-25,"Rajiv Gandhi International Stadium, Uppal, Hyderabad",Neutral,1,1,0,0,0,9,2022,2022-09
Bangladesh,T20I,Bangladesh v United Arab Emirates,United Arab Emirates,Won,7 runs,2022-09-25,Dubai International Cricket Stadium,Neutral,1,1,0,0,0,9,2022,2022-09
United Arab Emirates,T20I,Bangladesh v United Arab Emirates,Bangladesh,Lost,7 runs,2022-09-25,Dubai International Cricket Stadium,Neutral,1,0,1,0,0,9,2022,2022-09
Bangladesh,T20I,Bangladesh v United Arab Emirates,United Arab Emirates,Won,32 runs,2022-09-27,Dubai International Cricket Stadium,Neutral,1,1,0,0,0,9,2022,2022-09
United Arab Emirates,T20I,Bangladesh v United Arab Emirates,Bangladesh,Lost,32 runs,2022-09-27,Dubai International Cricket Stadium,Neutral,1,0,1,0,0,9,2022,2022-09
England,T20I,England v Pakistan,Pakistan,Lost,6 runs,2022-09-28,"Gaddafi Stadium, Lahore",Neutral,1,0,1,0,0,9,2022,2022-09
Pakistan,T20I,England v Pakistan,England,Won,6 runs,2022-09-28,"Gaddafi Stadium, Lahore",Neutral,1,1,0,0,0,9,2022,2022-09
India,T20I,India v South Africa,South Africa,Won,8 wickets,2022-09-28,"Greenfield International Stadium, Thiruvananthapuram",Neutral,1,1,0,0,0,9,2022,2022-09
South Africa,T20I,India v South Africa,India,Lost,8 wickets,2022-09-28,"Greenfield International Stadium, Thiruvananthapuram",Neutral,1,0,1,0,0,9,2022,2022-09
England,T20I,England v Pakistan,Pakistan,Won,8 wickets,2022-09-30,"Gaddafi Stadium, Lahore",Neutral,1,1,0,0,0,9,2022,2022-09
Pakistan,T20I,England v Pakistan,England,Lost,8 wickets,2022-09-30,"Gaddafi Stadium, Lahore",Neutral,1,0,1,0,0,9,2022,2022-09
England,T20I,England v Pakistan,Pakistan,Won,67 runs,2022-10-02,"Gaddafi Stadium, Lahore",Neutral,1,1,0,0,0,10,2022,2022-10
Pakistan,T20I,England v Pakistan,England,Lost,67 runs,2022-10-02,"Gaddafi Stadium, Lahore",Neutral,1,0,1,0,0,10,2022,2022-10
India,T20I,India v South Africa,South Africa,Won,16 runs,2022-10-02,"Barsapara Cricket Stadium, Guwahati",Neutral,1,1,0,0,0,10,2022,2022-10
South Africa,T20I,India v South Africa,India,Lost,16 runs,2022-10-02,"Barsapara Cricket Stadium, Guwahati",Neutral,1,0,1,0,0,10,2022,2022-10
India,T20I,India v South Africa,South Africa,Lost,49 runs,2022-10-04,"Holkar Cricket Stadium, Indore",Neutral,1,0,1,0,0,10,2022,2022-10
South Africa,T20I,India v South Africa,India,Won,49 runs,2022-10-04,"Holkar Cricket Stadium, Indore",Neutral,1,1,0,0,0,10,2022,2022-10
Australia,T20I,Australia v West Indies,West Indies,Won,3 wickets,2022-10-05,Carrara Oval,Neutral,1,1,0,0,0,10,2022,2022-10
West Indies,T20I,Australia v West Indies,Australia,Lost,3 wickets,2022-10-05,Carrara Oval,Neutral,1,0,1,0,0,10,2022,2022-10
Australia,T20I,Australia v West Indies,West Indies,Won,31 runs,2022-10-07,"Brisbane Cricket Ground, Woolloongabba, Brisbane",Neutral,1,1,0,0,0,10,2022,2022-10
West Indies,T20I,Australia v West Indies,Australia,Lost,31 runs,2022-10-07,"Brisbane Cricket Ground, Woolloongabba, Brisbane",Neutral,1,0,1,0,0,10,2022,2022-10
Bangladesh,T20I,Bangladesh v Pakistan,Pakistan,Lost,21 runs,2022-10-07,"Hagley Oval, Christchurch",Neutral,1,0,1,0,0,10,2022,2022-10
Pakistan,T20I,Bangladesh v Pakistan,Bangladesh,Won,21 runs,2022-10-07,"Hagley Oval, Christchurch",Neutral,1,1,0,0,0,10,2022,2022-10
New Zealand,T20I,New Zealand v Pakistan,Pakistan,Lost,6 wickets,2022-10-08,"Hagley Oval, Christchurch",Neutral,1,0,1,0,0,10,2022,2022-10
Pakistan,T20I,New Zealand v Pakistan,New Zealand,Won,6 wickets,2022-10-08,"Hagley Oval, Christchurch",Neutral,1,1,0,0,0,10,2022,2022-10
Australia,T20I,Australia v England,England,Lost,8 runs,2022-10-09,Perth Stadium,Neutral,1,0,1,0,0,10,2022,2022-10
England,T20I,Australia v England,Australia,Won,8 runs,2022-10-09,Perth Stadium,Neutral,1,1,0,0,0,10,2022,2022-10
Bangladesh,T20I,Bangladesh v New Zealand,New Zealand,Lost,8 wickets,2022-10-09,"Hagley Oval, Christchurch",Neutral,1,0,1,0,0,10,2022,2022-10
New Zealand,T20I,Bangladesh v New Zealand,Bangladesh,Won,8 wickets,2022-10-09,"Hagley Oval, Christchurch",Neutral,1,1,0,0,0,10,2022,2022-10
Indonesia,T20I,Indonesia v Japan,Japan,Lost,75 runs,2022-10-10,Sano International Cricket Ground,Neutral,1,0,1,0,0,10,2022,2022-10
Japan,T20I,Indonesia v Japan,Indonesia,Won,75 runs,2022-10-10,Sano International Cricket Ground,Neutral,1,1,0,0,0,10,2022,2022-10
New Zealand,T20I,New Zealand v Pakistan,Pakistan,Won,9 wickets,2022-10-11,"Hagley Oval, Christchurch",Neutral,1,1,0,0,0,10,2022,2022-10
Pakistan,T20I,New Zealand v Pakistan,New Zealand,Lost,9 wickets,2022-10-11,"Hagley Oval, Christchurch",Neutral,1,0,1,0,0,10,2022,2022-10
Indonesia,T20I,Indonesia v Japan,Japan,Won,3 wickets,2022-10-11,Sano International Cricket Ground,Neutral,1,1,0,0,0,10,2022,2022-10
Japan,T20I,Indonesia v Japan,Indonesia,Lost,3 wickets,2022-10-11,Sano International Cricket Ground,Neutral,1,0,1,0,0,10,2022,2022-10
Australia,T20I,Australia v England,England,Lost,8 runs,2022-10-12,"Manuka Oval, Canberra",Neutral,1,0,1,0,0,10,2022,2022-10
England,T20I,Australia v England,Australia,Won,8 runs,2022-10-12,"Manuka Oval, Canberra",Neutral,1,1,0,0,0,10,2022,2022-10
Bangladesh,T20I,Bangladesh v New Zealand,New Zealand,Lost,48 runs,2022-10-12,"Hagley Oval, Christchurch",Neutral,1,0,1,0,0,10,2022,2022-10
New Zealand,T20I,Bangladesh v New Zealand,Bangladesh,Won,48 runs,2022-10-12,"Hagley Oval, Christchurch",Neutral,1,1,0,0,0,10,2022,2022-10
Bangladesh,T20I,Bangladesh v Pakistan,Pakistan,Lost,7 wickets,2022-10-13,"Hagley Oval, Christchurch",Neutral,1,0,1,0,0,10,2022,2022-10
Pakistan,T20I,Bangladesh v Pakistan,Bangladesh,Won,7 wickets,2022-10-13,"Hagley Oval, Christchurch",Neutral,1,1,0,0,0,10,2022,2022-10
Australia,T20I,Australia v England,England,No Result,No Result,2022-10-14,"Manuka Oval, Canberra",Neutral,1,0,0,0,1,10,2022,2022-10
England,T20I,Australia v England,Australia,No Result,No Result,2022-10-14,"Manuka Oval, Canberra",Neutral,1,0,0,0,1,10,2022,2022-10
New Zealand,T20I,New Zealand v Pakistan,Pakistan,Lost,5 wickets,2022-10-14,"Hagley Oval, Christchurch",Neutral,1,0,1,0,0,10,2022,2022-10
Pakistan,T20I,New Zealand v Pakistan,New Zealand,Won,5 wickets,2022-10-14,"Hagley Oval, Christchurch",Neutral,1,1,0,0,0,10,2022,2022-10
Indonesia,T20I,Indonesia v South Korea,South Korea,Won,64 runs,2022-10-15,Sano International Cricket Ground,Neutral,1,1,0,0,0,10,2022,2022-10
South Korea,T20I,Indonesia v South Korea,Indonesia,Lost,64 runs,2022-10-15,Sano International Cricket Ground,Neutral,1,0,1,0,0,10,2022,2022-10
Japan,T20I,Japan v South Korea,South Korea,Won,48 runs,2022-10-15,Sano International Cricket Ground,Neutral,1,1,0,0,0,10,2022,2022-10
South Korea,T20I,Japan v South Korea,Japan,Lost,48 runs,2022-10-15,Sano International Cricket Ground,Neutral,1,0,1,0,0,10,2022,2022-10
Namibia,T20I,Namibia v Sri Lanka,Sri Lanka,Won,55 runs,2022-10-16,"GMHBA Stadium, South Geelong, Victoria",Neutral,1,1,0,0,0,10,2022,2022-10
Sri Lanka,T20I,Namibia v Sri Lanka,Namibia,Lost,55 runs,2022-10-16,"GMHBA Stadium, South Geelong, Victoria",Neutral,1,0,1,0,0,10,2022,2022-10
Netherlands,T20I,Netherlands v United Arab Emirates,United Arab Emirates,Won,3 wickets,2022-10-16,"GMHBA Stadium, South Geelong, Victoria",Neutral,1,1,0,0,0,10,2022,2022-10
United Arab Emirates,T20I,Netherlands v United Arab Emirates,Netherlands,Lost,3 wickets,2022-10-16,"GMHBA Stadium, South Geelong, Victoria",Neutral,1,0,1,0,0,10,2022,2022-10
Indonesia,T20I,Indonesia v Japan,Japan,Lost,4 wickets,2022-10-16,Sano International Cricket Ground,Neutral,1,0,1,0,0,10,2022,2022-10
Japan,T20I,Indonesia v Japan,Indonesia,Won,4 wickets,2022-10-16,Sano International Cricket Ground,Neutral,1,1,0,0,0,10,2022,2022-10
Scotland,T20I,Scotland v West Indies,West Indies,Won,42 runs,2022-10-17,"Bellerive Oval, Hobart",Neutral,1,1,0,0,0,10,2022,2022-10
West Indies,T20I,Scotland v West Indies,Scotland,Lost,42 runs,2022-10-17,"Bellerive Oval, Hobart",Neutral,1,0,1,0,0,10,2022,2022-10
Ireland,T20I,Ireland v Zimbabwe,Zimbabwe,Lost,31 runs,2022-10-17,"Bellerive Oval, Hobart",Neutral,1,0,1,0,0,10,2022,2022-10
Zimbabwe,T20I,Ireland v Zimbabwe,Ireland,Won,31 runs,2022-10-17,"Bellerive Oval, Hobart",Neutral,1,1,0,0,0,10,2022,2022-10
Namibia,T20I,Namibia v Netherlands,Netherlands,Lost,5 wickets,2022-10-18,"GMHBA Stadium, South Geelong, Victoria",Neutral,1,0,1,0,0,10,2022,2022-10
Netherlands,T20I,Namibia v Netherlands,Namibia,Won,5 wickets,2022-10-18,"GMHBA Stadium, South Geelong, Victoria",Neutral,1,1,0,0,0,10,2022,2022-10
Sri Lanka,T20I,Sri Lanka v United Arab Emirates,United Arab Emirates,Won,79 runs,2022-10-18,"GMHBA Stadium, South Geelong, Victoria",Neutral,1,1,0,0,0,10,2022,2022-10
United Arab Emirates,T20I,Sri Lanka v United Arab Emirates,Sri Lanka,Lost,79 runs,2022-10-18,"GMHBA Stadium, South Geelong, Victoria",Neutral,1,0,1,0,0,10,2022,2022-10
Indonesia,T20I,Indonesia v Japan,Japan,Won,6 wickets,2022-10-18,Sano International Cricket Ground,Neutral,1,1,0,0,0,10,2022,2022-10
Japan,T20I,Indonesia v Japan,Indonesia,Lost,6 wickets,2022-10-18,Sano International Cricket Ground,Neutral,1,0,1,0,0,10,2022,2022-10
Indonesia,T20I,Indonesia v South Korea,South Korea,Won,3 wickets,2022-10-18,Sano International Cricket Ground,Neutral,1,1,0,0,0,10,2022,2022-10
South Korea,T20I,Indonesia v South Korea,Indonesia,Lost,3 wickets,2022-10-18,Sano International Cricket Ground,Neutral,1,0,1,0,0,10,2022,2022-10
Ireland,T20I,Ireland v Scotland,Scotland,Won,6 wickets,2022-10-19,"Bellerive Oval, Hobart",Neutral,1,1,0,0,0,10,2022,2022-10
Scotland,T20I,Ireland v Scotland,Ireland,Lost,6 wickets,2022-10-19,"Bellerive Oval, Hobart",Neutral,1,0,1,0,0,10,2022,2022-10
West Indies,T20I,West Indies v Zimbabwe,Zimbabwe,Won,31 runs,2022-10-19,"Bellerive Oval, Hobart",Neutral,1,1,0,0,0,10,2022,2022-10
Zimbabwe,T20I,West Indies v Zimbabwe,West Indies,Lost,31 runs,2022-10-19,"Bellerive Oval, Hobart",Neutral,1,0,1,0,0,10,2022,2022-10
Netherlands,T20I,Netherlands v Sri Lanka,Sri Lanka,Lost,16 runs,2022-10-20,"GMHBA Stadium, South Geelong, Victoria",Neutral,1,0,1,0,0,10,2022,2022-10
Sri Lanka,T20I,Netherlands v Sri Lanka,Netherlands,Won,16 runs,2022-10-20,"GMHBA Stadium, South Geelong, Victoria",Neutral,1,1,0,0,0,10,2022,2022-10
Namibia,T20I,Namibia v United Arab Emirates,United Arab Emirates,Lost,7 runs,2022-10-20,"GMHBA Stadium, South Geelong, Victoria",Neutral,1,0,1,0,0,10,2022,2022-10
United Arab Emirates,T20I,Namibia v United Arab Emirates,Namibia,Won,7 runs,2022-10-20,"GMHBA Stadium, South Geelong, Victoria",Neutral,1,1,0,0,0,10,2022,2022-10
Ireland,T20I,Ireland v West Indies,West Indies,Won,9 wickets,2022-10-21,"Bellerive Oval, Hobart",Neutral,1,1,0,0,0,10,2022,2022-10
West Indies,T20I,Ireland v West Indies,Ireland,Lost,9 wickets,2022-10-21,"Bellerive Oval, Hobart",Neutral,1,0,1,0,0,10,2022,2022-10
Scotland,T20I,Scotland v Zimbabwe,Zimbabwe,Lost,5 wickets,2022-10-21,"Bellerive Oval, Hobart",Neutral,1,0,1,0,0,10,2022,2022-10
Zimbabwe,T20I,Scotland v Zimbabwe,Scotland,Won,5 wickets,2022-10-21,"Bellerive Oval, Hobart",Neutral,1,1,0,0,0,10,2022,2022-10
Australia,T20I,Australia v New Zealand,New Zealand,Lost,89 runs,2022-10-22,Sydney Cricket Ground,Neutral,1,0,1,0,0,10,2022,2022-10
New Zealand,T20I,Australia v New Zealand,Australia,Won,89 runs,2022-10-22,Sydney Cricket Ground,Neutral,1,1,0,0,0,10,2022,2022-10
Ireland,T20I,Ireland v Sri Lanka,Sri Lanka,Lost,9 wickets,2022-10-23,"Bellerive Oval, Hobart",Neutral,1,0,1,0,0,10,2022,2022-10
Sri Lanka,T20I,Ireland v Sri Lanka,Ireland,Won,9 wickets,2022-10-23,"Bellerive Oval, Hobart",Neutral,1,1,0,0,0,10,2022,2022-10
India,T20I,India v Pakistan,Pakistan,Won,4 wickets,2022-10-23,Melbourne Cricket Ground,Neutral,1,1,0,0,0,10,2022,2022-10
Pakistan,T20I,India v Pakistan,India,Lost,4 wickets,2022-10-23,Melbourne Cricket Ground,Neutral,1,0,1,0,0,10,2022,2022-10
Bangladesh,T20I,Bangladesh v Netherlands,Netherlands,Won,9 runs,2022-10-24,"Bellerive Oval, Hobart",Neutral,1,1,0,0,0,10,2022,2022-10
Netherlands,T20I,Bangladesh v Netherlands,Bangladesh,Lost,9 runs,2022-10-24,"Bellerive Oval, Hobart",Neutral,1,0,1,0,0,10,2022,2022-10
South Africa,T20I,South Africa v Zimbabwe,Zimbabwe,No Result,No Result,2022-10-24,"Bellerive Oval, Hobart",Neutral,1,0,0,0,1,10,2022,2022-10
Zimbabwe,T20I,South Africa v Zimbabwe,South Africa,No Result,No Result,2022-10-24,"Bellerive Oval, Hobart",Neutral,1,0,0,0,1,10,2022,2022-10
Australia,T20I,Australia v Sri Lanka,Sri Lanka,Won,7 wickets,2022-10-25,Perth Stadium,Neutral,1,1,0,0,0,10,2022,2022-10
Sri Lanka,T20I,Australia v Sri Lanka,Australia,Lost,7 wickets,2022-10-25,Perth Stadium,Neutral,1,0,1,0,0,10,2022,2022-10
England,T20I,England v Ireland,Ireland,Lost,5 runs,2022-10-26,Melbourne Cricket Ground,Neutral,1,0,1,0,0,10,2022,2022-10
Ireland,T20I,England v Ireland,England,Won,5 runs,2022-10-26,Melbourne Cricket Ground,Neutral,1,1,0,0,0,10,2022,2022-10
Bangladesh,T20I,Bangladesh v South Africa,South Africa,Lost,104 runs,2022-10-27,Sydney Cricket Ground,Neutral,1,0,1,0,0,10,2022,2022-10
South Africa,T20I,Bangladesh v South Africa,Bangladesh,Won,104 runs,2022-10-27,Sydney Cricket Ground,Neutral,1,1,0,0,0,10,2022,2022-10
India,T20I,India v Netherlands,Netherlands,Won,56 runs,2022-10-27,Sydney Cricket Ground,Neutral,1,1,0,0,0,10,2022,2022-10
Netherlands,T20I,India v Netherlands,India,Lost,56 runs,2022-10-27,Sydney Cricket Ground,Neutral,1,0,1,0,0,10,2022,2022-10
Pakistan,T20I,Pakistan v Zimbabwe,Zimbabwe,Lost,1 runs,2022-10-27,Perth Stadium,Neutral,1,0,1,0,0,10,2022,2022-10
Zimbabwe,T20I,Pakistan v Zimbabwe,Pakistan,Won,1 runs,2022-10-27,Perth Stadium,Neutral,1,1,0,0,0,10,2022,2022-10
New Zealand,T20I,New Zealand v Sri Lanka,Sri Lanka,Won,65 runs,2022-10-29,Sydney Cricket Ground,Neutral,1,1,0,0,0,10,2022,2022-10
Sri Lanka,T20I,New Zealand v Sri Lanka,New Zealand,Lost,65 runs,2022-10-29,Sydney Cricket Ground,Neutral,1,0,1,0,0,10,2022,2022-10
Bangladesh,T20I,Bangladesh v Zimbabwe,Zimbabwe,Won,3 runs,2022-10-30,"Brisbane Cricket Ground, Woolloongabba, Brisbane",Neutral,1,1,0,0,0,10,2022,2022-10
Zimbabwe,T20I,Bangladesh v Zimbabwe,Bangladesh,Lost,3 runs,2022-10-30,"Brisbane Cricket Ground, Woolloongabba, Brisbane",Neutral,1,0,1,0,0,10,2022,2022-10
Netherlands,T20I,Netherlands v Pakistan,Pakistan,Lost,6 wickets,2022-10-30,Perth Stadium,Neutral,1,0,1,0,0,10,2022,2022-10
Pakistan,T20I,Netherlands v Pakistan,Netherlands,Won,6 wickets,2022-10-30,Perth Stadium,Neutral,1,1,0,0,0,10,2022,2022-10
India,T20I,India v South Africa,South Africa,Lost,5 wickets,2022-10-30,Perth Stadium,Neutral,1,0,1,0,0,10,2022,2022-10
South Africa,T20I,India v South Africa,India,Won,5 wickets,2022-10-30,Perth Stadium,Neutral,1,1,0,0,0,10,2022,2022-10
Australia,T20I,Australia v Ireland,Ireland,Won,42 runs,2022-10-31,"Brisbane Cricket Ground, Woolloongabba, Brisbane",Neutral,1,1,0,0,0,10,2022,2022-10
Ireland,T20I,Australia v Ireland,Australia,Lost,42 runs,2022-10-31,"Brisbane Cricket Ground, Woolloongabba, Brisbane",Neutral,1,0,1,0,0,10,2022,2022-10
England,T20I,England v New Zealand,New Zealand,Won,20 runs,2022-11-01,"Brisbane Cricket Ground, Woolloongabba, Brisbane",Neutral,1,1,0,0,0,11,2022,2022-11
New Zealand,T20I,England v New Zealand,England,Lost,20 runs,2022-11-01,"Brisbane Cricket Ground, Woolloongabba, Brisbane",Neutral,1,0,1,0,0,11,2022,2022-11
Netherlands,T20I,Netherlands v Zimbabwe,Zimbabwe,Won,5 wickets,2022-11-02,Adelaide Oval,Neutral,1,1,0,0,0,11,2022,2022-11
Zimbabwe,T20I,Netherlands v Zimbabwe,Netherlands,Lost,5 wickets,2022-11-02,Adelaide Oval,Neutral,1,0,1,0,0,11,2022,2022-11
Bangladesh,T20I,Bangladesh v India,India,Lost,5 runs,2022-11-02,Adelaide Oval,Neutral,1,0,1,0,0,11,2022,2022-11
India,T20I,Bangladesh v India,Bangladesh,Won,5 runs,2022-11-02,Adelaide Oval,Neutral,1,1,0,0,0,11,2022,2022-11
Pakistan,T20I,Pakistan v South Africa,South Africa,Won,33 runs,2022-11-03,Sydney Cricket Ground,Neutral,1,1,0,0,0,11,2022,2022-11
South Africa,T20I,Pakistan v South Africa,Pakistan,Lost,33 runs,2022-11-03,Sydney Cricket Ground,Neutral,1,0,1,0,0,11,2022,2022-11
Ireland,T20I,Ireland v New Zealand,New Zealand,Lost,35 runs,2022-11-04,Adelaide Oval,Neutral,1,0,1,0,0,11,2022,2022-11
New Zealand,T20I,Ireland v New Zealand,Ireland,Won,35 runs,2022-11-04,Adelaide Oval,Neutral,1,1,0,0,0,11,2022,2022-11
Germany,T20I,Germany v Italy,Italy,Won,10 wickets,2022-11-04,"Desert Springs Cricket Ground, Almeria",Neutral,1,1,0,0,0,11,2022,2022-11
Italy,T20I,Germany v Italy,Germany,Lost,10 wickets,2022-11-04,"Desert Springs Cricket Ground, Almeria",Neutral,1,0,1,0,0,11,2022,2022-11
Germany,T20I,Germany v Italy,Italy,Won,8 wickets,2022-11-04,"Desert Springs Cricket Ground, Almeria",Neutral,1,1,0,0,0,11,2022,2022-11
Italy,T20I,Germany v Italy,Germany,Lost,8 wickets,2022-11-04,"Desert Springs Cricket Ground, Almeria",Neutral,1,0,1,0,0,11,2022,2022-11
England,T20I,England v Sri Lanka,Sri Lanka,Won,4 wickets,2022-11-05,Sydney Cricket Ground,Neutral,1,1,0,0,0,11,2022,2022-11
Sri Lanka,T20I,England v Sri Lanka,England,Lost,4 wickets,2022-11-05,Sydney Cricket Ground,Neutral,1,0,1,0,0,11,2022,2022-11
Italy,T20I,Italy v Spain,Spain,Lost,4 wickets,2022-11-05,"Desert Springs Cricket Ground, Almeria",Neutral,1,0,1,0,0,11,2022,2022-11
Spain,T20I,Italy v Spain,Italy,Won,4 wickets,2022-11-05,"Desert Springs Cricket Ground, Almeria",Neutral,1,1,0,0,0,11,2022,2022-11
Germany,T20I,Germany v Spain,Spain,Won,36 runs,2022-11-05,"Desert Springs Cricket Ground, Almeria",Neutral,1,1,0,0,0,11,2022,2022-11
Spain,T20I,Germany v Spain,Germany,Lost,36 runs,2022-11-05,"Desert Springs Cricket Ground, Almeria",Neutral,1,0,1,0,0,11,2022,2022-11
Netherlands,T20I,Netherlands v South Africa,South Africa,Won,13 runs,2022-11-06,Adelaide Oval,Neutral,1,1,0,0,0,11,2022,2022-11
South Africa,T20I,Netherlands v South Africa,Netherlands,Lost,13 runs,2022-11-06,Adelaide Oval,Neutral,1,0,1,0,0,11,2022,2022-11
Bangladesh,T20I,Bangladesh v Pakistan,Pakistan,Lost,5 wickets,2022-11-06,Adelaide Oval,Neutral,1,0,1,0,0,11,2022,2022-11
Pakistan,T20I,Bangladesh v Pakistan,Bangladesh,Won,5 wickets,2022-11-06,Adelaide Oval,Neutral,1,1,0,0,0,11,2022,2022-11
India,T20I,India v Zimbabwe,Zimbabwe,Won,71 runs,2022-11-06,Melbourne Cricket Ground,Neutral,1,1,0,0,0,11,2022,2022-11
Zimbabwe,T20I,India v Zimbabwe,India,Lost,71 runs,2022-11-06,Melbourne Cricket Ground,Neutral,1,0,1,0,0,11,2022,2022-11
Germany,T20I,Germany v Spain,Spain,Lost,5 runs,2022-11-06,"Desert Springs Cricket Ground, Almeria",Neutral,1,0,1,0,0,11,2022,2022-11
Spain,T20I,Germany v Spain,Germany,Won,5 runs,2022-11-06,"Desert Springs Cricket Ground, Almeria",Neutral,1,1,0,0,0,11,2022,2022-11
Italy,T20I,Italy v Spain,Spain,Won,33 runs,2022-11-06,"Desert Springs Cricket Ground, Almeria",Neutral,1,1,0,0,0,11,2022,2022-11
Spain,T20I,Italy v Spain,Italy,Lost,33 runs,2022-11-06,"Desert Springs Cricket Ground, Almeria",Neutral,1,0,1,0,0,11,2022,2022-11
New Zealand,T20I,New Zealand v Pakistan,Pakistan,Lost,7 wickets,2022-11-09,Sydney Cricket Ground,Neutral,1,0,1,0,0,11,2022,2022-11
Pakistan,T20I,New Zealand v Pakistan,New Zealand,Won,7 wickets,2022-11-09,Sydney Cricket Ground,Neutral,1,1,0,0,0,11,2022,2022-11
England,T20I,England v India,India,Won,10 wickets,2022-11-10,Adelaide Oval,Neutral,1,1,0,0,0,11,2022,2022-11
India,T20I,England v India,England,Lost,10 wickets,2022-11-10,Adelaide Oval,Neutral,1,0,1,0,0,11,2022,2022-11
England,T20I,England v Pakistan,Pakistan,Won,5 wickets,2022-11-13,Melbourne Cricket Ground,Neutral,1,1,0,0,0,11,2022,2022-11
Pakistan,T20I,England v Pakistan,England,Lost,5 wickets,2022-11-13,Melbourne Cricket Ground,Neutral,1,0,1,0,0,11,2022,2022-11
Oman,T20I,Oman v Saudi Arabia,Saudi Arabia,Won,9 wickets,2022-11-14,Al Amerat Cricket Ground Oman Cricket (Ministry Turf 1),Neutral,1,1,0,0,0,11,2022,2022-11
Saudi Arabia,T20I,Oman v Saudi Arabia,Oman,Lost,9 wickets,2022-11-14,Al Amerat Cricket Ground Oman Cricket (Ministry Turf 1),Neutral,1,0,1,0,0,11,2022,2022-11
Bahrain,T20I,Bahrain v Canada,Canada,Lost,4 wickets,2022-11-14,Al Amerat Cricket Ground Oman Cricket (Ministry Turf 1),Neutral,1,0,1,0,0,11,2022,2022-11
Canada,T20I,Bahrain v Canada,Bahrain,Won,4 wickets,2022-11-14,Al Amerat Cricket Ground Oman Cricket (Ministry Turf 1),Neutral,1,1,0,0,0,11,2022,2022-11
Canada,T20I,Canada v Saudi Arabia,Saudi Arabia,Won,66 runs,2022-11-15,Al Amerat Cricket Ground Oman Cricket (Ministry Turf 1),Neutral,1,1,0,0,0,11,2022,2022-11
Saudi Arabia,T20I,Canada v Saudi Arabia,Canada,Lost,66 runs,2022-11-15,Al Amerat Cricket Ground Oman Cricket (Ministry Turf 1),Neutral,1,0,1,0,0,11,2022,2022-11
Bahrain,T20I,Bahrain v Oman,Oman,Won,6 wickets,2022-11-15,Al Amerat Cricket Ground Oman Cricket (Ministry Turf 1),Neutral,1,1,0,0,0,11,2022,2022-11
Oman,T20I,Bahrain v Oman,Bahrain,Lost,6 wickets,2022-11-15,Al Amerat Cricket Ground Oman Cricket (Ministry Turf 1),Neutral,1,0,1,0,0,11,2022,2022-11
Bahrain,T20I,Bahrain v Saudi Arabia,Saudi Arabia,Won,53 runs,2022-11-16,Al Amerat Cricket Ground Oman Cricket (Ministry Turf 1),Neutral,1,1,0,0,0,11,2022,2022-11
Saudi Arabia,T20I,Bahrain v Saudi Arabia,Bahrain,Lost,53 runs,2022-11-16,Al Amerat Cricket Ground Oman Cricket (Ministry Turf 1),Neutral,1,0,1,0,0,11,2022,2022-11
Canada,T20I,Canada v Oman,Oman,Won,1 runs,2022-11-16,Al Amerat Cricket Ground Oman Cricket (Ministry Turf 1),Neutral,1,1,0,0,0,11,2022,2022-11
Oman,T20I,Canada v Oman,Canada,Lost,1 runs,2022-11-16,Al Amerat Cricket Ground Oman Cricket (Ministry Turf 1),Neutral,1,0,1,0,0,11,2022,2022-11
Botswana,T20I,Botswana v Rwanda,Rwanda,Lost,5 wickets,2022-11-17,Gahanga International Cricket Stadium. Rwanda,Neutral,1,0,1,0,0,11,2022,2022-11
Rwanda,T20I,Botswana v Rwanda,Botswana,Won,5 wickets,2022-11-17,Gahanga International Cricket Stadium. Rwanda,Neutral,1,1,0,0,0,11,2022,2022-11
Lesotho,T20I,Lesotho v Mali,Mali,Won,31 runs,2022-11-17,Integrated Polytechnic Regional Centre,Neutral,1,1,0,0,0,11,2022,2022-11
Mali,T20I,Lesotho v Mali,Lesotho,Lost,31 runs,2022-11-17,Integrated Polytechnic Regional Centre,Neutral,1,0,1,0,0,11,2022,2022-11
Kenya,T20I,Kenya v St Helena,St Helena,No Result,No Result,2022-11-17,Gahanga International Cricket Stadium. Rwanda,Neutral,1,0,0,0,1,11,2022,2022-11
St Helena,T20I,Kenya v St Helena,Kenya,No Result,No Result,2022-11-17,Gahanga International Cricket Stadium. Rwanda,Neutral,1,0,0,0,1,11,2022,2022-11
Botswana,T20I,Botswana v Seychelles,Seychelles,No Result,No Result,2022-11-17,Integrated Polytechnic Regional Centre,Neutral,1,0,0,0,1,11,2022,2022-11
Seychelles,T20I,Botswana v Seychelles,Botswana,No Result,No Result,2022-11-17,Integrated Polytechnic Regional Centre,Neutral,1,0,0,0,1,11,2022,2022-11
Oman,T20I,Oman v Saudi Arabia,Saudi Arabia,Won,7 wickets,2022-11-17,Al Amerat Cricket Ground Oman Cricket (Ministry Turf 1),Neutral,1,1,0,0,0,11,2022,2022-11
Saudi Arabia,T20I,Oman v Saudi Arabia,Oman,Lost,7 wickets,2022-11-17,Al Amerat Cricket Ground Oman Cricket (Ministry Turf 1),Neutral,1,0,1,0,0,11,2022,2022-11
Bahrain,T20I,Bahrain v Canada,Canada,Won,8 wickets,2022-11-17,Al Amerat Cricket Ground Oman Cricket (Ministry Turf 1),Neutral,1,1,0,0,0,11,2022,2022-11
Canada,T20I,Bahrain v Canada,Bahrain,Lost,8 wickets,2022-11-17,Al Amerat Cricket Ground Oman Cricket (Ministry Turf 1),Neutral,1,0,1,0,0,11,2022,2022-11
Rwanda,T20I,Rwanda v St Helena,St Helena,Won,54 runs,2022-11-18,Gahanga International Cricket Stadium. Rwanda,Neutral,1,1,0,0,0,11,2022,2022-11
St Helena,T20I,Rwanda v St Helena,Rwanda,Lost,54 runs,2022-11-18,Gahanga International Cricket Stadium. Rwanda,Neutral,1,0,1,0,0,11,2022,2022-11
Botswana,T20I,Botswana v Lesotho,Lesotho,Won,10 wickets,2022-11-18,Integrated Polytechnic Regional Centre,Neutral,1,1,0,0,0,11,2022,2022-11
Lesotho,T20I,Botswana v Lesotho,Botswana,Lost,10 wickets,2022-11-18,Integrated Polytechnic Regional Centre,Neutral,1,0,1,0,0,11,2022,2022-11
Kenya,T20I,Kenya v Malawi,Malawi,No Result,No Result,2022-11-18,Gahanga International Cricket Stadium. Rwanda,Neutral,1,0,0,0,1,11,2022,2022-11
Malawi,T20I,Kenya v Malawi,Kenya,No Result,No Result,2022-11-18,Gahanga International Cricket Stadium. Rwanda,Neutral,1,0,0,0,1,11,2022,2022-11
Mali,T20I,Mali v Seychelles,Seychelles,No Result,No Result,2022-11-18,Integrated Polytechnic Regional Centre,Neutral,1,0,0,0,1,11,2022,2022-11
Seychelles,T20I,Mali v Seychelles,Mali,No Result,No Result,2022-11-18,Integrated Polytechnic Regional Centre,Neutral,1,0,0,0,1,11,2022,2022-11
Canada,T20I,Canada v Saudi Arabia,Saudi Arabia,Won,45 runs,2022-11-19,Al Amerat Cricket Ground Oman Cricket (Ministry Turf 1),Neutral,1,1,0,0,0,11,2022,2022-11
Saudi Arabia,T20I,Canada v Saudi Arabia,Canada,Lost,45 runs,2022-11-19,Al Amerat Cricket Ground Oman Cricket (Ministry Turf 1),Neutral,1,0,1,0,0,11,2022,2022-11
Bahrain,T20I,Bahrain v Oman,Oman,Lost,106 runs,2022-11-19,Al Amerat Cricket Ground Oman Cricket (Ministry Turf 1),Neutral,1,0,1,0,0,11,2022,2022-11
Oman,T20I,Bahrain v Oman,Bahrain,Won,106 runs,2022-11-19,Al Amerat Cricket Ground Oman Cricket (Ministry Turf 1),Neutral,1,1,0,0,0,11,2022,2022-11
India,T20I,India v New Zealand,New Zealand,Won,65 runs,2022-11-20,"Bay Oval, Mount Maunganui",Neutral,1,1,0,0,0,11,2022,2022-11
New Zealand,T20I,India v New Zealand,India,Lost,65 runs,2022-11-20,"Bay Oval, Mount Maunganui",Neutral,1,0,1,0,0,11,2022,2022-11
Kenya,T20I,Kenya v Mali,Mali,Won,10 wickets,2022-11-20,Integrated Polytechnic Regional Centre,Neutral,1,1,0,0,0,11,2022,2022-11
Mali,T20I,Kenya v Mali,Kenya,Lost,10 wickets,2022-11-20,Integrated Polytechnic Regional Centre,Neutral,1,0,1,0,0,11,2022,2022-11
Kenya,T20I,Kenya v Rwanda,Rwanda,Won,9 wickets,2022-11-20,Gahanga International Cricket Stadium. Rwanda,Neutral,1,1,0,0,0,11,2022,2022-11
Rwanda,T20I,Kenya v Rwanda,Kenya,Lost,9 wickets,2022-11-20,Gahanga International Cricket Stadium. Rwanda,Neutral,1,0,1,0,0,11,2022,2022-11
Canada,T20I,Canada v Oman,Oman,Won,3 wickets,2022-11-20,Al Amerat Cricket Ground Oman Cricket (Ministry Turf 1),Neutral,1,1,0,0,0,11,2022,2022-11
Oman,T20I,Canada v Oman,Canada,Lost,3 wickets,2022-11-20,Al Amerat Cricket Ground Oman Cricket (Ministry Turf 1),Neutral,1,0,1,0,0,11,2022,2022-11
Bahrain,T20I,Bahrain v Saudi Arabia,Saudi Arabia,Lost,9 wickets,2022-11-20,Al Amerat Cricket Ground Oman Cricket (Ministry Turf 1),Neutral,1,0,1,0,0,11,2022,2022-11
Saudi Arabia,T20I,Bahrain v Saudi Arabia,Bahrain,Won,9 wickets,2022-11-20,Al Amerat Cricket Ground Oman Cricket (Ministry Turf 1),Neutral,1,1,0,0,0,11,2022,2022-11
Kenya,T20I,Kenya v Lesotho,Lesotho,Won,167 runs,2022-11-21,Integrated Polytechnic Regional Centre,Neutral,1,1,0,0,0,11,2022,2022-11
Lesotho,T20I,Kenya v Lesotho,Kenya,Lost,167 runs,2022-11-21,Integrated Polytechnic Regional Centre,Neutral,1,0,1,0,0,11,2022,2022-11
Bahrain,T20I,Bahrain v Saudi Arabia,Saudi Arabia,Lost,32 runs,2022-11-21,Al Amerat Cricket Ground Oman Cricket (Ministry Turf 1),Neutral,1,0,1,0,0,11,2022,2022-11
Saudi Arabia,T20I,Bahrain v Saudi Arabia,Bahrain,Won,32 runs,2022-11-21,Al Amerat Cricket Ground Oman Cricket (Ministry Turf 1),Neutral,1,1,0,0,0,11,2022,2022-11
Canada,T20I,Canada v Oman,Oman,Won,8 wickets,2022-11-21,Al Amerat Cricket Ground Oman Cricket (Ministry Turf 1),Neutral,1,1,0,0,0,11,2022,2022-11
Oman,T20I,Canada v Oman,Canada,Lost,8 wickets,2022-11-21,Al Amerat Cricket Ground Oman Cricket (Ministry Turf 1),Neutral,1,0,1,0,0,11,2022,2022-11
India,T20I,India v New Zealand,New Zealand,Tied,Tie,2022-11-22,"McLean Park, Napier",Neutral,1,0,0,1,0,11,2022,2022-11
New Zealand,T20I,India v New Zealand,India,Tied,Tie,2022-11-22,"McLean Park, Napier",Neutral,1,0,0,1,0,11,2022,2022-11
Botswana,T20I,Botswana v Mali,Mali,Won,5 wickets,2022-11-22,Gahanga International Cricket Stadium. Rwanda,Neutral,1,1,0,0,0,11,2022,2022-11
Mali,T20I,Botswana v Mali,Botswana,Lost,5 wickets,2022-11-22,Gahanga International Cricket Stadium. Rwanda,Neutral,1,0,1,0,0,11,2022,2022-11
Lesotho,T20I,Lesotho v St Helena,St Helena,Lost,45 runs,2022-11-22,Integrated Polytechnic Regional Centre,Neutral,1,0,1,0,0,11,2022,2022-11
St Helena,T20I,Lesotho v St Helena,Lesotho,Won,45 runs,2022-11-22,Integrated Polytechnic Regional Centre,Neutral,1,1,0,0,0,11,2022,2022-11
Malawi,T20I,Malawi v Seychelles,Seychelles,No Result,No Result,2022-11-22,Gahanga International Cricket Stadium. Rwanda,Neutral,1,0,0,0,1,11,2022,2022-11
Seychelles,T20I,Malawi v Seychelles,Malawi,No Result,No Result,2022-11-22,Gahanga International Cricket Stadium. Rwanda,Neutral,1,0,0,0,1,11,2022,2022-11
Malawi,T20I,Malawi v St Helena,St Helena,Won,10 wickets,2022-11-24,Gahanga International Cricket Stadium. Rwanda,Neutral,1,1,0,0,0,11,2022,2022-11
St Helena,T20I,Malawi v St Helena,Malawi,Lost,10 wickets,2022-11-24,Gahanga International Cricket Stadium. Rwanda,Neutral,1,0,1,0,0,11,2022,2022-11
Rwanda,T20I,Rwanda v Seychelles,Seychelles,Won,75 runs,2022-11-24,Integrated Polytechnic Regional Centre,Neutral,1,1,0,0,0,11,2022,2022-11
Seychelles,T20I,Rwanda v Seychelles,Rwanda,Lost,75 runs,2022-11-24,Integrated Polytechnic Regional Centre,Neutral,1,0,1,0,0,11,2022,2022-11
Botswana,T20I,Botswana v Kenya,Kenya,Lost,8 wickets,2022-11-24,Gahanga International Cricket Stadium. Rwanda,Neutral,1,0,1,0,0,11,2022,2022-11
Kenya,T20I,Botswana v Kenya,Botswana,Won,8 wickets,2022-11-24,Gahanga International Cricket Stadium. Rwanda,Neutral,1,1,0,0,0,11,2022,2022-11
Mali,T20I,Mali v Rwanda,Rwanda,Lost,10 wickets,2022-11-24,Integrated Polytechnic Regional Centre,Neutral,1,0,1,0,0,11,2022,2022-11
Rwanda,T20I,Mali v Rwanda,Mali,Won,10 wickets,2022-11-24,Integrated Polytechnic Regional Centre,Neutral,1,1,0,0,0,11,2022,2022-11
Kenya,T20I,Kenya v Seychelles,Seychelles,Won,7 wickets,2022-11-25,Gahanga International Cricket Stadium. Rwanda,Neutral,1,1,0,0,0,11,2022,2022-11
Seychelles,T20I,Kenya v Seychelles,Kenya,Lost,7 wickets,2022-11-25,Gahanga International Cricket Stadium. Rwanda,Neutral,1,0,1,0,0,11,2022,2022-11
Lesotho,T20I,Lesotho v Rwanda,Rwanda,No Result,No Result,2022-11-25,Integrated Polytechnic Regional Centre,Neutral,1,0,0,0,1,11,2022,2022-11
Rwanda,T20I,Lesotho v Rwanda,Lesotho,No Result,No Result,2022-11-25,Integrated Polytechnic Regional Centre,Neutral,1,0,0,0,1,11,2022,2022-11
Sierra Leone,T20I,Sierra Leone v Tanzania,Tanzania,Lost,9 wickets,2022-12-01,Gahanga International Cricket Stadium. Rwanda,Neutral,1,0,1,0,0,12,2022,2022-12
Tanzania,T20I,Sierra Leone v Tanzania,Sierra Leone,Won,9 wickets,2022-12-01,Gahanga International Cricket Stadium. Rwanda,Neutral,1,1,0,0,0,12,2022,2022-12
Mozambique,T20I,Mozambique v Nigeria,Nigeria,Lost,8 wickets,2022-12-01,Gahanga International Cricket Stadium. Rwanda,Neutral,1,0,1,0,0,12,2022,2022-12
Nigeria,T20I,Mozambique v Nigeria,Mozambique,Won,8 wickets,2022-12-01,Gahanga International Cricket Stadium. Rwanda,Neutral,1,1,0,0,0,12,2022,2022-12
Eswatini,T20I,Eswatini v Gambia,Gambia,Won,5 wickets,2022-12-01,Integrated Polytechnic Regional Centre,Neutral,1,1,0,0,0,12,2022,2022-12
Gambia,T20I,Eswatini v Gambia,Eswatini,Lost,5 wickets,2022-12-01,Integrated Polytechnic Regional Centre,Neutral,1,0,1,0,0,12,2022,2022-12
Nigeria,T20I,Nigeria v Sierra Leone,Sierra Leone,Won,6 wickets,2022-12-02,Gahanga International Cricket Stadium. Rwanda,Neutral,1,1,0,0,0,12,2022,2022-12
Sierra Leone,T20I,Nigeria v Sierra Leone,Nigeria,Lost,6 wickets,2022-12-02,Gahanga International Cricket Stadium. Rwanda,Neutral,1,0,1,0,0,12,2022,2022-12
Ghana,T20I,Ghana v Mozambique,Mozambique,Lost,7 wickets,2022-12-02,Integrated Polytechnic Regional Centre,Neutral,1,0,1,0,0,12,2022,2022-12
Mozambique,T20I,Ghana v Mozambique,Ghana,Won,7 wickets,2022-12-02,Integrated Polytechnic Regional Centre,Neutral,1,1,0,0,0,12,2022,2022-12
Cameroon,T20I,Cameroon v Sierra Leone,Sierra Leone,Lost,1 wickets,2022-12-02,Gahanga International Cricket Stadium. Rwanda,Neutral,1,0,1,0,0,12,2022,2022-12
Sierra Leone,T20I,Cameroon v Sierra Leone,Cameroon,Won,1 wickets,2022-12-02,Gahanga International Cricket Stadium. Rwanda,Neutral,1,1,0,0,0,12,2022,2022-12
Eswatini,T20I,Eswatini v Mozambique,Mozambique,Lost,9 wickets,2022-12-02,Integrated Polytechnic Regional Centre,Neutral,1,0,1,0,0,12,2022,2022-12
Mozambique,T20I,Eswatini v Mozambique,Eswatini,Won,9 wickets,2022-12-02,Integrated Polytechnic Regional Centre,Neutral,1,1,0,0,0,12,2022,2022-12
Cameroon,T20I,Cameroon v Mozambique,Mozambique,Lost,9 wickets,2022-12-04,Gahanga International Cricket Stadium. Rwanda,Neutral,1,0,1,0,0,12,2022,2022-12
Mozambique,T20I,Cameroon v Mozambique,Cameroon,Won,9 wickets,2022-12-04,Gahanga International Cricket Stadium. Rwanda,Neutral,1,1,0,0,0,12,2022,2022-12
Eswatini,T20I,Eswatini v Nigeria,Nigeria,Lost,118 runs,2022-12-04,Integrated Polytechnic Regional Centre,Neutral,1,0,1,0,0,12,2022,2022-12
Nigeria,T20I,Eswatini v Nigeria,Eswatini,Won,118 runs,2022-12-04,Integrated Polytechnic Regional Centre,Neutral,1,1,0,0,0,12,2022,2022-12
Ghana,T20I,Ghana v Tanzania,Tanzania,Lost,4 wickets,2022-12-04,Gahanga International Cricket Stadium. Rwanda,Neutral,1,0,1,0,0,12,2022,2022-12
Tanzania,T20I,Ghana v Tanzania,Ghana,Won,4 wickets,2022-12-04,Gahanga International Cricket Stadium. Rwanda,Neutral,1,1,0,0,0,12,2022,2022-12
Mozambique,T20I,Mozambique v Tanzania,Tanzania,Lost,6 wickets,2022-12-05,Gahanga International Cricket Stadium. Rwanda,Neutral,1,0,1,0,0,12,2022,2022-12
Tanzania,T20I,Mozambique v Tanzania,Mozambique,Won,6 wickets,2022-12-05,Gahanga International Cricket Stadium. Rwanda,Neutral,1,1,0,0,0,12,2022,2022-12
Eswatini,T20I,Eswatini v Sierra Leone,Sierra Leone,Lost,4 runs,2022-12-05,Integrated Polytechnic Regional Centre,Neutral,1,0,1,0,0,12,2022,2022-12
Sierra Leone,T20I,Eswatini v Sierra Leone,Eswatini,Won,4 runs,2022-12-05,Integrated Polytechnic Regional Centre,Neutral,1,1,0,0,0,12,2022,2022-12
Cameroon,T20I,Cameroon v Nigeria,Nigeria,Lost,17 runs,2022-12-05,Gahanga International Cricket Stadium. Rwanda,Neutral,1,0,1,0,0,12,2022,2022-12
Nigeria,T20I,Cameroon v Nigeria,Cameroon,Won,17 runs,2022-12-05,Gahanga International Cricket Stadium. Rwanda,Neutral,1,1,0,0,0,12,2022,2022-12
Ghana,T20I,Ghana v Sierra Leone,Sierra Leone,Lost,18 runs,2022-12-05,Integrated Polytechnic Regional Centre,Neutral,1,0,1,0,0,12,2022,2022-12
Sierra Leone,T20I,Ghana v Sierra Leone,Ghana,Won,18 runs,2022-12-05,Integrated Polytechnic Regional Centre,Neutral,1,1,0,0,0,12,2022,2022-12
Eswatini,T20I,Eswatini v Tanzania,Tanzania,Lost,66 runs,2022-12-06,Gahanga International Cricket Stadium. Rwanda,Neutral,1,0,1,0,0,12,2022,2022-12
Tanzania,T20I,Eswatini v Tanzania,Eswatini,Won,66 runs,2022-12-06,Gahanga International Cricket Stadium. Rwanda,Neutral,1,1,0,0,0,12,2022,2022-12
Gambia,T20I,Gambia v Sierra Leone,Sierra Leone,Lost,8 wickets,2022-12-06,Integrated Polytechnic Regional Centre,Neutral,1,0,1,0,0,12,2022,2022-12
Sierra Leone,T20I,Gambia v Sierra Leone,Gambia,Won,8 wickets,2022-12-06,Integrated Polytechnic Regional Centre,Neutral,1,1,0,0,0,12,2022,2022-12
Gambia,T20I,Gambia v Tanzania,Tanzania,Lost,10 wickets,2022-12-06,Gahanga International Cricket Stadium. Rwanda,Neutral,1,0,1,0,0,12,2022,2022-12
Tanzania,T20I,Gambia v Tanzania,Gambia,Won,10 wickets,2022-12-06,Gahanga International Cricket Stadium. Rwanda,Neutral,1,1,0,0,0,12,2022,2022-12
Gambia,T20I,Gambia v Ghana,Ghana,Lost,138 runs,2022-12-08,Gahanga International Cricket Stadium. Rwanda,Neutral,1,0,1,0,0,12,2022,2022-12
Ghana,T20I,Gambia v Ghana,Gambia,Won,138 runs,2022-12-08,Gahanga International Cricket Stadium. Rwanda,Neutral,1,1,0,0,0,12,2022,2022-12
Nigeria,T20I,Nigeria v Tanzania,Tanzania,No Result,No Result,2022-12-08,Gahanga International Cricket Stadium. Rwanda,Neutral,1,0,0,0,1,12,2022,2022-12
Tanzania,T20I,Nigeria v Tanzania,Nigeria,No Result,No Result,2022-12-08,Gahanga International Cricket Stadium. Rwanda,Neutral,1,0,0,0,1,12,2022,2022-12
Gambia,T20I,Gambia v Mozambique,Mozambique,Lost,40 runs,2022-12-08,Integrated Polytechnic Regional Centre,Neutral,1,0,1,0,0,12,2022,2022-12
Mozambique,T20I,Gambia v Mozambique,Gambia,Won,40 runs,2022-12-08,Integrated Polytechnic Regional Centre,Neutral,1,1,0,0,0,12,2022,2022-12
Cameroon,T20I,Cameroon v Gambia,Gambia,Lost,11 runs,2022-12-09,Integrated Polytechnic Regional Centre,Neutral,1,0,1,0,0,12,2022,2022-12
Gambia,T20I,Cameroon v Gambia,Cameroon,Won,11 runs,2022-12-09,Integrated Polytechnic Regional Centre,Neutral,1,1,0,0,0,12,2022,2022-12
Ghana,T20I,Ghana v Nigeria,Nigeria,Lost,6 wickets,2022-12-09,Gahanga International Cricket Stadium. Rwanda,Neutral,1,0,1,0,0,12,2022,2022-12
Nigeria,T20I,Ghana v Nigeria,Ghana,Won,6 wickets,2022-12-09,Gahanga International Cricket Stadium. Rwanda,Neutral,1,1,0,0,0,12,2022,2022-12
Cameroon,T20I,Cameroon v Tanzania,Tanzania,Lost,184 runs,2022-12-09,Integrated Polytechnic Regional Centre,Neutral,1,0,1,0,0,12,2022,2022-12
Tanzania,T20I,Cameroon v Tanzania,Cameroon,Won,184 runs,2022-12-09,Integrated Polytechnic Regional Centre,Neutral,1,1,0,0,0,12,2022,2022-12
Rwanda,T20I,Rwanda v Tanzania,Tanzania,Lost,66 runs,2022-12-13,"Gahanga International Cricket Stadium, Rwanda",Neutral,1,0,1,0,0,12,2022,2022-12
Tanzania,T20I,Rwanda v Tanzania,Rwanda,Won,66 runs,2022-12-13,"Gahanga International Cricket Stadium, Rwanda",Neutral,1,1,0,0,0,12,2022,2022-12
Rwanda,T20I,Rwanda v Uganda,Uganda,Lost,85 runs,2022-12-14,"Gahanga International Cricket Stadium, Rwanda",Neutral,1,0,1,0,0,12,2022,2022-12
Uganda,T20I,Rwanda v Uganda,Rwanda,Won,85 runs,2022-12-14,"Gahanga International Cricket Stadium, Rwanda",Neutral,1,1,0,0,0,12,2022,2022-12
Tanzania,T20I,Tanzania v Uganda,Uganda,No Result,No Result,2022-12-14,"Gahanga International Cricket Stadium, Rwanda",Neutral,1,0,0,0,1,12,2022,2022-12
Uganda,T20I,Tanzania v Uganda,Tanzania,No Result,No Result,2022-12-14,"Gahanga International Cricket Stadium, Rwanda",Neutral,1,0,0,0,1,12,2022,2022-12
Rwanda,T20I,Rwanda v Uganda,Uganda,Lost,133 runs,2022-12-15,"Gahanga International Cricket Stadium, Rwanda",Neutral,1,0,1,0,0,12,2022,2022-12
Uganda,T20I,Rwanda v Uganda,Rwanda,Won,133 runs,2022-12-15,"Gahanga International Cricket Stadium, Rwanda",Neutral,1,1,0,0,0,12,2022,2022-12
Tanzania,T20I,Tanzania v Uganda,Uganda,Lost,13 runs,2022-12-15,"Gahanga International Cricket Stadium, Rwanda",Neutral,1,0,1,0,0,12,2022,2022-12
Uganda,T20I,Tanzania v Uganda,Tanzania,Won,13 runs,2022-12-15,"Gahanga International Cricket Stadium, Rwanda",Neutral,1,1,0,0,0,12,2022,2022-12
Qatar,T20I,Qatar v Singapore,Singapore,Won,5 wickets,2022-12-15,"UKM-YSD Cricket Oval, Bangi",Neutral,1,1,0,0,0,12,2022,2022-12
Singapore,T20I,Qatar v Singapore,Qatar,Lost,5 wickets,2022-12-15,"UKM-YSD Cricket Oval, Bangi",Neutral,1,0,1,0,0,12,2022,2022-12
Rwanda,T20I,Rwanda v Tanzania,Tanzania,Won,1 runs,2022-12-16,"Gahanga International Cricket Stadium, Rwanda",Neutral,1,1,0,0,0,12,2022,2022-12
Tanzania,T20I,Rwanda v Tanzania,Rwanda,Lost,1 runs,2022-12-16,"Gahanga International Cricket Stadium, Rwanda",Neutral,1,0,1,0,0,12,2022,2022-12
Malaysia,T20I,Malaysia v Qatar,Qatar,Won,8 wickets,2022-12-16,"UKM-YSD Cricket Oval, Bangi",Neutral,1,1,0,0,0,12,2022,2022-12
Qatar,T20I,Malaysia v Qatar,Malaysia,Lost,8 wickets,2022-12-16,"UKM-YSD Cricket Oval, Bangi",Neutral,1,0,1,0,0,12,2022,2022-12
Tanzania,T20I,Tanzania v Uganda,Uganda,Lost,2 runs,2022-12-18,"Gahanga International Cricket Stadium, Rwanda",Neutral,1,0,1,0,0,12,2022,2022-12
Uganda,T20I,Tanzania v Uganda,Tanzania,Won,2 runs,2022-12-18,"Gahanga International Cricket Stadium, Rwanda",Neutral,1,1,0,0,0,12,2022,2022-12
Rwanda,T20I,Rwanda v Tanzania,Tanzania,Lost,6 wickets,2022-12-18,"Gahanga International Cricket Stadium, Rwanda",Neutral,1,0,1,0,0,12,2022,2022-12
Tanzania,T20I,Rwanda v Tanzania,Rwanda,Won,6 wickets,2022-12-18,"Gahanga International Cricket Stadium, Rwanda",Neutral,1,1,0,0,0,12,2022,2022-12
Bahrain,T20I,Bahrain v Qatar,Qatar,Won,13 runs,2022-12-18,"UKM-YSD Cricket Oval, Bangi",Neutral,1,1,0,0,0,12,2022,2022-12
Qatar,T20I,Bahrain v Qatar,Bahrain,Lost,13 runs,2022-12-18,"UKM-YSD Cricket Oval, Bangi",Neutral,1,0,1,0,0,12,2022,2022-12
Malaysia,T20I,Malaysia v Singapore,Singapore,Won,120 runs,2022-12-18,"UKM-YSD Cricket Oval, Bangi",Neutral,1,1,0,0,0,12,2022,2022-12
Singapore,T20I,Malaysia v Singapore,Malaysia,Lost,120 runs,2022-12-18,"UKM-YSD Cricket Oval, Bangi",Neutral,1,0,1,0,0,12,2022,2022-12
Tanzania,T20I,Tanzania v Uganda,Uganda,Won,5 wickets,2022-12-19,"Gahanga International Cricket Stadium, Rwanda",Neutral,1,1,0,0,0,12,2022,2022-12
Uganda,T20I,Tanzania v Uganda,Tanzania,Lost,5 wickets,2022-12-19,"Gahanga International Cricket Stadium, Rwanda",Neutral,1,0,1,0,0,12,2022,2022-12
Qatar,T20I,Qatar v Singapore,Singapore,Won,8 wickets,2022-12-19,"UKM-YSD Cricket Oval, Bangi",Neutral,1,1,0,0,0,12,2022,2022-12
Singapore,T20I,Qatar v Singapore,Qatar,Lost,8 wickets,2022-12-19,"UKM-YSD Cricket Oval, Bangi",Neutral,1,0,1,0,0,12,2022,2022-12
Bahrain,T20I,Bahrain v Malaysia,Malaysia,Lost,7 wickets,2022-12-19,"UKM-YSD Cricket Oval, Bangi",Neutral,1,0,1,0,0,12,2022,2022-12
Malaysia,T20I,Bahrain v Malaysia,Bahrain,Won,7 wickets,2022-12-19,"UKM-YSD Cricket Oval, Bangi",Neutral,1,1,0,0,0,12,2022,2022-12
Rwanda,T20I,Rwanda v Tanzania,Tanzania,Lost,31 runs,2022-12-20,"Gahanga International Cricket Stadium, Rwanda",Neutral,1,0,1,0,0,12,2022,2022-12
Tanzania,T20I,Rwanda v Tanzania,Rwanda,Won,31 runs,2022-12-20,"Gahanga International Cricket Stadium, Rwanda",Neutral,1,1,0,0,0,12,2022,2022-12
Rwanda,T20I,Rwanda v Uganda,Uganda,Lost,7 wickets,2022-12-20,"Gahanga International Cricket Stadium, Rwanda",Neutral,1,0,1,0,0,12,2022,2022-12
Uganda,T20I,Rwanda v Uganda,Rwanda,Won,7 wickets,2022-12-20,"Gahanga International Cricket Stadium, Rwanda",Neutral,1,1,0,0,0,12,2022,2022-12
Bahrain,T20I,Bahrain v Singapore,Singapore,Won,6 wickets,2022-12-21,"UKM-YSD Cricket Oval, Bangi",Neutral,1,1,0,0,0,12,2022,2022-12
Singapore,T20I,Bahrain v Singapore,Bahrain,Lost,6 wickets,2022-12-21,"UKM-YSD Cricket Oval, Bangi",Neutral,1,0,1,0,0,12,2022,2022-12
Malaysia,T20I,Malaysia v Qatar,Qatar,No Result,No Result,2022-12-21,"UKM-YSD Cricket Oval, Bangi",Neutral,1,0,0,0,1,12,2022,2022-12
Qatar,T20I,Malaysia v Qatar,Malaysia,No Result,No Result,2022-12-21,"UKM-YSD Cricket Oval, Bangi",Neutral,1,0,0,0,1,12,2022,2022-12
Rwanda,T20I,Rwanda v Tanzania,Tanzania,Lost,28 runs,2022-12-22,"Gahanga International Cricket Stadium, Rwanda",Neutral,1,0,1,0,0,12,2022,2022-12
Tanzania,T20I,Rwanda v Tanzania,Rwanda,Won,28 runs,2022-12-22,"Gahanga International Cricket Stadium, Rwanda",Neutral,1,1,0,0,0,12,2022,2022-12
Tanzania,T20I,Tanzania v Uganda,Uganda,Lost,7 runs,2022-12-22,"Gahanga International Cricket Stadium, Rwanda",Neutral,1,0,1,0,0,12,2022,2022-12
Uganda,T20I,Tanzania v Uganda,Tanzania,Won,7 runs,2022-12-22,"Gahanga International Cricket Stadium, Rwanda",Neutral,1,1,0,0,0,12,2022,2022-12
Malaysia,T20I,Malaysia v Singapore,Singapore,Won,143 runs,2022-12-22,"UKM-YSD Cricket Oval, Bangi",Neutral,1,1,0,0,0,12,2022,2022-12
Singapore,T20I,Malaysia v Singapore,Malaysia,Lost,143 runs,2022-12-22,"UKM-YSD Cricket Oval, Bangi",Neutral,1,0,1,0,0,12,2022,2022-12
Bahrain,T20I,Bahrain v Qatar,Qatar,No Result,No Result,2022-12-22,"UKM-YSD Cricket Oval, Bangi",Neutral,1,0,0,0,1,12,2022,2022-12
Qatar,T20I,Bahrain v Qatar,Bahrain,No Result,No Result,2022-12-22,"UKM-YSD Cricket Oval, Bangi",Neutral,1,0,0,0,1,12,2022,2022-12
Rwanda,T20I,Rwanda v Uganda,Uganda,Lost,3 runs,2022-12-23,"Gahanga International Cricket Stadium, Rwanda",Neutral,1,0,1,0,0,12,2022,2022-12
Uganda,T20I,Rwanda v Uganda,Rwanda,Won,3 runs,2022-12-23,"Gahanga International Cricket Stadium, Rwanda",Neutral,1,1,0,0,0,12,2022,2022-12
Qatar,T20I,Qatar v Singapore,Singapore,Won,9 wickets,2022-12-23,"UKM-YSD Cricket Oval, Bangi",Neutral,1,1,0,0,0,12,2022,2022-12
Singapore,T20I,Qatar v Singapore,Qatar,Lost,9 wickets,2022-12-23,"UKM-YSD Cricket Oval, Bangi",Neutral,1,0,1,0,0,12,2022,2022-12
Bahrain,T20I,Bahrain v Malaysia,Malaysia,Won,6 wickets,2022-12-23,"UKM-YSD Cricket Oval, Bangi",Neutral,1,1,0,0,0,12,2022,2022-12
Malaysia,T20I,Bahrain v Malaysia,Bahrain,Lost,6 wickets,2022-12-23,"UKM-YSD Cricket Oval, Bangi",Neutral,1,0,1,0,0,12,2022,2022-12
India,T20I,India v Sri Lanka,Sri Lanka,Won,2 runs,2023-01-03,"Wankhede Stadium, Mumbai",Neutral,1,1,0,0,0,1,2023,2023-01
Sri Lanka,T20I,India v Sri Lanka,India,Lost,2 runs,2023-01-03,"Wankhede Stadium, Mumbai",Neutral,1,0,1,0,0,1,2023,2023-01
India,T20I,India v Sri Lanka,Sri Lanka,Lost,16 runs,2023-01-05,"Maharashtra Cricket Association Stadium, Pune",Neutral,1,0,1,0,0,1,2023,2023-01
Sri Lanka,T20I,India v Sri Lanka,India,Won,16 runs,2023-01-05,"Maharashtra Cricket Association Stadium, Pune",Neutral,1,1,0,0,0,1,2023,2023-01
India,T20I,India v Sri Lanka,Sri Lanka,Won,91 runs,2023-01-07,"Saurashtra Cricket Association Stadium, Rajkot",Neutral,1,1,0,0,0,1,2023,2023-01
Sri Lanka,T20I,India v Sri Lanka,India,Lost,91 runs,2023-01-07,"Saurashtra Cricket Association Stadium, Rajkot",Neutral,1,0,1,0,0,1,2023,2023-01
Ireland,T20I,Ireland v Zimbabwe,Zimbabwe,Lost,5 wickets,2023-01-12,Harare Sports Club,Neutral,1,0,1,0,0,1,2023,2023-01
Zimbabwe,T20I,Ireland v Zimbabwe,Ireland,Won,5 wickets,2023-01-12,Harare Sports Club,Neutral,1,1,0,0,0,1,2023,2023-01
Ireland,T20I,Ireland v Zimbabwe,Zimbabwe,Won,6 wickets,2023-01-14,Harare Sports Club,Neutral,1,1,0,0,0,1,2023,2023-01
Zimbabwe,T20I,Ireland v Zimbabwe,Ireland,Lost,6 wickets,2023-01-14,Harare Sports Club,Neutral,1,0,1,0,0,1,2023,2023-01
Ireland,T20I,Ireland v Zimbabwe,Zimbabwe,Lost,4 wickets,2023-01-15,Harare Sports Club,Neutral,1,0,1,0,0,1,2023,2023-01
Zimbabwe,T20I,Ireland v Zimbabwe,Ireland,Won,4 wickets,2023-01-15,Harare Sports Club,Neutral,1,1,0,0,0,1,2023,2023-01
India,T20I,India v New Zealand,New Zealand,Lost,21 runs,2023-01-27,"JSCA International Stadium Complex, Ranchi",Neutral,1,0,1,0,0,1,2023,2023-01
New Zealand,T20I,India v New Zealand,India,Won,21 runs,2023-01-27,"JSCA International Stadium Complex, Ranchi",Neutral,1,1,0,0,0,1,2023,2023-01
India,T20I,India v New Zealand,New Zealand,Won,6 wickets,2023-01-29,"Bharat Ratna Shri Atal Bihari Vajpayee Ekana Cricket Stadium, Lucknow",Neutral,1,1,0,0,0,1,2023,2023-01
New Zealand,T20I,India v New Zealand,India,Lost,6 wickets,2023-01-29,"Bharat Ratna Shri Atal Bihari Vajpayee Ekana Cricket Stadium, Lucknow",Neutral,1,0,1,0,0,1,2023,2023-01
India,T20I,India v New Zealand,New Zealand,Won,168 runs,2023-02-01,"Narendra Modi Stadium, Ahmedabad",Neutral,1,1,0,0,0,2,2023,2023-02
New Zealand,T20I,India v New Zealand,India,Lost,168 runs,2023-02-01,"Narendra Modi Stadium, Ahmedabad",Neutral,1,0,1,0,0,2,2023,2023-02
Argentina,T20I,Argentina v Bermuda,Bermuda,Lost,6 wickets,2023-02-21,"St Albans Club, Buenos Aires",Neutral,1,0,1,0,0,2,2023,2023-02
Bermuda,T20I,Argentina v Bermuda,Argentina,Won,6 wickets,2023-02-21,"St Albans Club, Buenos Aires",Neutral,1,1,0,0,0,2,2023,2023-02
Argentina,T20I,Argentina v Bermuda,Bermuda,Lost,107 runs,2023-02-22,"Belgrano Athletic Club Ground, Buenos Aires",Neutral,1,0,1,0,0,2,2023,2023-02
Bermuda,T20I,Argentina v Bermuda,Argentina,Won,107 runs,2023-02-22,"Belgrano Athletic Club Ground, Buenos Aires",Neutral,1,1,0,0,0,2,2023,2023-02
Isle of Man,T20I,Isle of Man v Spain,Spain,No Result,No Result,2023-02-24,La Manga Club Bottom Ground,Neutral,1,0,0,0,1,2,2023,2023-02
Spain,T20I,Isle of Man v Spain,Isle of Man,No Result,No Result,2023-02-24,La Manga Club Bottom Ground,Neutral,1,0,0,0,1,2,2023,2023-02
Isle of Man,T20I,Isle of Man v Spain,Spain,Lost,8 wickets,2023-02-25,La Manga Club Bottom Ground,Neutral,1,0,1,0,0,2,2023,2023-02
Spain,T20I,Isle of Man v Spain,Isle of Man,Won,8 wickets,2023-02-25,La Manga Club Bottom Ground,Neutral,1,1,0,0,0,2,2023,2023-02
Isle of Man,T20I,Isle of Man v Spain,Spain,Lost,6 wickets,2023-02-25,La Manga Club Bottom Ground,Neutral,1,0,1,0,0,2,2023,2023-02
Spain,T20I,Isle of Man v Spain,Isle of Man,Won,6 wickets,2023-02-25,La Manga Club Bottom Ground,Neutral,1,1,0,0,0,2,2023,2023-02
Argentina,T20I,Argentina v Panama,Panama,Lost,53 runs,2023-02-25,"Hurlingham Club Ground, Buenos Aires",Neutral,1,0,1,0,0,2,2023,2023-02
Panama,T20I,Argentina v Panama,Argentina,Won,53 runs,2023-02-25,"Hurlingham Club Ground, Buenos Aires",Neutral,1,1,0,0,0,2,2023,2023-02
Bermuda,T20I,Bermuda v Cayman Islands,Cayman Islands,Won,96 runs,2023-02-25,"St Albans Club, Buenos Aires",Neutral,1,1,0,0,0,2,2023,2023-02
Cayman Islands,T20I,Bermuda v Cayman Islands,Bermuda,Lost,96 runs,2023-02-25,"St Albans Club, Buenos Aires",Neutral,1,0,1,0,0,2,2023,2023-02
Isle of Man,T20I,Isle of Man v Spain,Spain,Lost,7 wickets,2023-02-26,La Manga Club Bottom Ground,Neutral,1,0,1,0,0,2,2023,2023-02
Spain,T20I,Isle of Man v Spain,Isle of Man,Won,7 wickets,2023-02-26,La Manga Club Bottom Ground,Neutral,1,1,0,0,0,2,2023,2023-02
Isle of Man,T20I,Isle of Man v Spain,Spain,Lost,10 wickets,2023-02-26,La Manga Club Bottom Ground,Neutral,1,0,1,0,0,2,2023,2023-02
Spain,T20I,Isle of Man v Spain,Isle of Man,Won,10 wickets,2023-02-26,La Manga Club Bottom Ground,Neutral,1,1,0,0,0,2,2023,2023-02
Bahamas,T20I,Bahamas v Panama,Panama,Won,4 wickets,2023-02-26,"Hurlingham Club Ground, Buenos Aires",Neutral,1,1,0,0,0,2,2023,2023-02
Panama,T20I,Bahamas v Panama,Bahamas,Lost,4 wickets,2023-02-26,"Hurlingham Club Ground, Buenos Aires",Neutral,1,0,1,0,0,2,2023,2023-02
Argentina,T20I,Argentina v Bermuda,Bermuda,Lost,110 runs,2023-02-26,"Belgrano Athletic Club Ground, Buenos Aires",Neutral,1,0,1,0,0,2,2023,2023-02
Bermuda,T20I,Argentina v Bermuda,Argentina,Won,110 runs,2023-02-26,"Belgrano Athletic Club Ground, Buenos Aires",Neutral,1,1,0,0,0,2,2023,2023-02
Bahamas,T20I,Bahamas v Cayman Islands,Cayman Islands,Lost,31 runs,2023-02-28,"St Albans Club, Buenos Aires",Neutral,1,0,1,0,0,2,2023,2023-02
Cayman Islands,T20I,Bahamas v Cayman Islands,Bahamas,Won,31 runs,2023-02-28,"St Albans Club, Buenos Aires",Neutral,1,1,0,0,0,2,2023,2023-02
Bermuda,T20I,Bermuda v Panama,Panama,Won,60 runs,2023-02-28,"Belgrano Athletic Club Ground, Buenos Aires",Neutral,1,1,0,0,0,2,2023,2023-02
Panama,T20I,Bermuda v Panama,Bermuda,Lost,60 runs,2023-02-28,"Belgrano Athletic Club Ground, Buenos Aires",Neutral,1,0,1,0,0,2,2023,2023-02
Argentina,T20I,Argentina v Bahamas,Bahamas,Won,43 runs,2023-03-02,"St Albans Club, Buenos Aires",Neutral,1,1,0,0,0,3,2023,2023-03
Bahamas,T20I,Argentina v Bahamas,Argentina,Lost,43 runs,2023-03-02,"St Albans Club, Buenos Aires",Neutral,1,0,1,0,0,3,2023,2023-03
Cayman Islands,T20I,Cayman Islands v Panama,Panama,Won,12 runs,2023-03-02,"Hurlingham Club Ground, Buenos Aires",Neutral,1,1,0,0,0,3,2023,2023-03
Panama,T20I,Cayman Islands v Panama,Cayman Islands,Lost,12 runs,2023-03-02,"Hurlingham Club Ground, Buenos Aires",Neutral,1,0,1,0,0,3,2023,2023-03
Bahamas,T20I,Bahamas v Bermuda,Bermuda,Lost,9 wickets,2023-03-04,"Hurlingham Club Ground, Buenos Aires",Neutral,1,0,1,0,0,3,2023,2023-03
Bermuda,T20I,Bahamas v Bermuda,Bahamas,Won,9 wickets,2023-03-04,"Hurlingham Club Ground, Buenos Aires",Neutral,1,1,0,0,0,3,2023,2023-03
Argentina,T20I,Argentina v Cayman Islands,Cayman Islands,Lost,3 wickets,2023-03-04,"Belgrano Athletic Club Ground, Buenos Aires",Neutral,1,0,1,0,0,3,2023,2023-03
Cayman Islands,T20I,Argentina v Cayman Islands,Argentina,Won,3 wickets,2023-03-04,"Belgrano Athletic Club Ground, Buenos Aires",Neutral,1,1,0,0,0,3,2023,2023-03
Kuwait,T20I,Kuwait v Malaysia,Malaysia,Lost,3 wickets,2023-03-08,"Mission Road Ground, Mong Kok, Hong Kong",Neutral,1,0,1,0,0,3,2023,2023-03
Malaysia,T20I,Kuwait v Malaysia,Kuwait,Won,3 wickets,2023-03-08,"Mission Road Ground, Mong Kok, Hong Kong",Neutral,1,1,0,0,0,3,2023,2023-03
Bahrain,T20I,Bahrain v Hong Kong,Hong Kong,Lost,15 runs,2023-03-08,"Mission Road Ground, Mong Kok, Hong Kong",Neutral,1,0,1,0,0,3,2023,2023-03
Hong Kong,T20I,Bahrain v Hong Kong,Bahrain,Won,15 runs,2023-03-08,"Mission Road Ground, Mong Kok, Hong Kong",Neutral,1,1,0,0,0,3,2023,2023-03
Bangladesh,T20I,Bangladesh v England,England,Won,6 wickets,2023-03-09,"Zahur Ahmed Chowdhury Stadium, Chattogram",Neutral,1,1,0,0,0,3,2023,2023-03
England,T20I,Bangladesh v England,Bangladesh,Lost,6 wickets,2023-03-09,"Zahur Ahmed Chowdhury Stadium, Chattogram",Neutral,1,0,1,0,0,3,2023,2023-03
Bahrain,T20I,Bahrain v Malaysia,Malaysia,Lost,53 runs,2023-03-09,"Mission Road Ground, Mong Kok, Hong Kong",Neutral,1,0,1,0,0,3,2023,2023-03
Malaysia,T20I,Bahrain v Malaysia,Bahrain,Won,53 runs,2023-03-09,"Mission Road Ground, Mong Kok, Hong Kong",Neutral,1,1,0,0,0,3,2023,2023-03
Hong Kong,T20I,Hong Kong v Kuwait,Kuwait,Won,11 runs,2023-03-09,"Mission Road Ground, Mong Kok, Hong Kong",Neutral,1,1,0,0,0,3,2023,2023-03
Kuwait,T20I,Hong Kong v Kuwait,Hong Kong,Lost,11 runs,2023-03-09,"Mission Road Ground, Mong Kok, Hong Kong",Neutral,1,0,1,0,0,3,2023,2023-03
Bahrain,T20I,Bahrain v Kuwait,Kuwait,Won,4 wickets,2023-03-11,"Mission Road Ground, Mong Kok, Hong Kong",Neutral,1,1,0,0,0,3,2023,2023-03
Kuwait,T20I,Bahrain v Kuwait,Bahrain,Lost,4 wickets,2023-03-11,"Mission Road Ground, Mong Kok, Hong Kong",Neutral,1,0,1,0,0,3,2023,2023-03
Hong Kong,T20I,Hong Kong v Malaysia,Malaysia,Won,4 wickets,2023-03-11,"Mission Road Ground, Mong Kok, Hong Kong",Neutral,1,1,0,0,0,3,2023,2023-03
Malaysia,T20I,Hong Kong v Malaysia,Hong Kong,Lost,4 wickets,2023-03-11,"Mission Road Ground, Mong Kok, Hong Kong",Neutral,1,0,1,0,0,3,2023,2023-03
Bangladesh,T20I,Bangladesh v England,England,Won,4 wickets,2023-03-12,"Shere Bangla National Stadium, Mirpur",Neutral,1,1,0,0,0,3,2023,2023-03
England,T20I,Bangladesh v England,Bangladesh,Lost,4 wickets,2023-03-12,"Shere Bangla National Stadium, Mirpur",Neutral,1,0,1,0,0,3,2023,2023-03
Bahrain,T20I,Bahrain v Kuwait,Kuwait,Lost,6 wickets,2023-03-12,"Mission Road Ground, Mong Kok, Hong Kong",Neutral,1,0,1,0,0,3,2023,2023-03
Kuwait,T20I,Bahrain v Kuwait,Bahrain,Won,6 wickets,2023-03-12,"Mission Road Ground, Mong Kok, Hong Kong",Neutral,1,1,0,0,0,3,2023,2023-03
Hong Kong,T20I,Hong Kong v Malaysia,Malaysia,Won,39 runs,2023-03-12,"Mission Road Ground, Mong Kok, Hong Kong",Neutral,1,1,0,0,0,3,2023,2023-03
Malaysia,T20I,Hong Kong v Malaysia,Hong Kong,Lost,39 runs,2023-03-12,"Mission Road Ground, Mong Kok, Hong Kong",Neutral,1,0,1,0,0,3,2023,2023-03
Bangladesh,T20I,Bangladesh v England,England,Won,16 runs,2023-03-14,"Shere Bangla National Stadium, Mirpur",Neutral,1,1,0,0,0,3,2023,2023-03
England,T20I,Bangladesh v England,Bangladesh,Lost,16 runs,2023-03-14,"Shere Bangla National Stadium, Mirpur",Neutral,1,0,1,0,0,3,2023,2023-03
South Africa,T20I,South Africa v West Indies,West Indies,Lost,3 wickets,2023-03-25,"SuperSport Park, Centurion",Neutral,1,0,1,0,0,3,2023,2023-03
West Indies,T20I,South Africa v West Indies,South Africa,Won,3 wickets,2023-03-25,"SuperSport Park, Centurion",Neutral,1,1,0,0,0,3,2023,2023-03
South Africa,T20I,South Africa v West Indies,West Indies,Won,6 wickets,2023-03-26,"SuperSport Park, Centurion",Neutral,1,1,0,0,0,3,2023,2023-03
West Indies,T20I,South Africa v West Indies,South Africa,Lost,6 wickets,2023-03-26,"SuperSport Park, Centurion",Neutral,1,0,1,0,0,3,2023,2023-03
Bangladesh,T20I,Bangladesh v Ireland,Ireland,Won,22 runs,2023-03-27,"Zahur Ahmed Chowdhury Stadium, Chattogram",Neutral,1,1,0,0,0,3,2023,2023-03
Ireland,T20I,Bangladesh v Ireland,Bangladesh,Lost,22 runs,2023-03-27,"Zahur Ahmed Chowdhury Stadium, Chattogram",Neutral,1,0,1,0,0,3,2023,2023-03
South Africa,T20I,South Africa v West Indies,West Indies,Lost,7 runs,2023-03-28,"The Wanderers Stadium, Johannesburg",Neutral,1,0,1,0,0,3,2023,2023-03
West Indies,T20I,South Africa v West Indies,South Africa,Won,7 runs,2023-03-28,"The Wanderers Stadium, Johannesburg",Neutral,1,1,0,0,0,3,2023,2023-03
Bangladesh,T20I,Bangladesh v Ireland,Ireland,Won,77 runs,2023-03-29,"Zahur Ahmed Chowdhury Stadium, Chattogram",Neutral,1,1,0,0,0,3,2023,2023-03
Ireland,T20I,Bangladesh v Ireland,Bangladesh,Lost,77 runs,2023-03-29,"Zahur Ahmed Chowdhury Stadium, Chattogram",Neutral,1,0,1,0,0,3,2023,2023-03
Bangladesh,T20I,Bangladesh v Ireland,Ireland,Lost,7 wickets,2023-03-31,"Zahur Ahmed Chowdhury Stadium, Chattogram",Neutral,1,0,1,0,0,3,2023,2023-03
Ireland,T20I,Bangladesh v Ireland,Bangladesh,Won,7 wickets,2023-03-31,"Zahur Ahmed Chowdhury Stadium, Chattogram",Neutral,1,1,0,0,0,3,2023,2023-03
New Zealand,T20I,New Zealand v Sri Lanka,Sri Lanka,Tied,Tie,2023-04-02,"Eden Park, Auckland",Neutral,1,0,0,1,0,4,2023,2023-04
Sri Lanka,T20I,New Zealand v Sri Lanka,New Zealand,Tied,Tie,2023-04-02,"Eden Park, Auckland",Neutral,1,0,0,1,0,4,2023,2023-04
New Zealand,T20I,New Zealand v Sri Lanka,Sri Lanka,Won,9 wickets,2023-04-05,"University Oval, Dunedin",Neutral,1,1,0,0,0,4,2023,2023-04
Sri Lanka,T20I,New Zealand v Sri Lanka,New Zealand,Lost,9 wickets,2023-04-05,"University Oval, Dunedin",Neutral,1,0,1,0,0,4,2023,2023-04
New Zealand,T20I,New Zealand v Sri Lanka,Sri Lanka,Won,4 wickets,2023-04-08,"John Davies Oval, Queenstown",Neutral,1,1,0,0,0,4,2023,2023-04
Sri Lanka,T20I,New Zealand v Sri Lanka,New Zealand,Lost,4 wickets,2023-04-08,"John Davies Oval, Queenstown",Neutral,1,0,1,0,0,4,2023,2023-04
Gibraltar,T20I,Gibraltar v Portugal,Portugal,Lost,124 runs,2023-04-10,Santarem Cricket Ground,Neutral,1,0,1,0,0,4,2023,2023-04
Portugal,T20I,Gibraltar v Portugal,Gibraltar,Won,124 runs,2023-04-10,Santarem Cricket Ground,Neutral,1,1,0,0,0,4,2023,2023-04
Gibraltar,T20I,Gibraltar v Portugal,Portugal,Lost,5 wickets,2023-04-11,Santarem Cricket Ground,Neutral,1,0,1,0,0,4,2023,2023-04
Portugal,T20I,Gibraltar v Portugal,Gibraltar,Won,5 wickets,2023-04-11,Santarem Cricket Ground,Neutral,1,1,0,0,0,4,2023,2023-04
Gibraltar,T20I,Gibraltar v Portugal,Portugal,Lost,5 wickets,2023-04-11,Santarem Cricket Ground,Neutral,1,0,1,0,0,4,2023,2023-04
Portugal,T20I,Gibraltar v Portugal,Gibraltar,Won,5 wickets,2023-04-11,Santarem Cricket Ground,Neutral,1,1,0,0,0,4,2023,2023-04
New Zealand,T20I,New Zealand v Pakistan,Pakistan,Lost,88 runs,2023-04-14,"Gaddafi Stadium, Lahore",Neutral,1,0,1,0,0,4,2023,2023-04
Pakistan,T20I,New Zealand v Pakistan,New Zealand,Won,88 runs,2023-04-14,"Gaddafi Stadium, Lahore",Neutral,1,1,0,0,0,4,2023,2023-04
New Zealand,T20I,New Zealand v Pakistan,Pakistan,Lost,38 runs,2023-04-15,"Gaddafi Stadium, Lahore",Neutral,1,0,1,0,0,4,2023,2023-04
Pakistan,T20I,New Zealand v Pakistan,New Zealand,Won,38 runs,2023-04-15,"Gaddafi Stadium, Lahore",Neutral,1,1,0,0,0,4,2023,2023-04
New Zealand,T20I,New Zealand v Pakistan,Pakistan,Won,4 runs,2023-04-17,"Gaddafi Stadium, Lahore",Neutral,1,1,0,0,0,4,2023,2023-04
Pakistan,T20I,New Zealand v Pakistan,New Zealand,Lost,4 runs,2023-04-17,"Gaddafi Stadium, Lahore",Neutral,1,0,1,0,0,4,2023,2023-04
New Zealand,T20I,New Zealand v Pakistan,Pakistan,No Result,No Result,2023-04-20,Rawalpindi Cricket Stadium,Neutral,1,0,0,0,1,4,2023,2023-04
Pakistan,T20I,New Zealand v Pakistan,New Zealand,No Result,No Result,2023-04-20,Rawalpindi Cricket Stadium,Neutral,1,0,0,0,1,4,2023,2023-04
New Zealand,T20I,New Zealand v Pakistan,Pakistan,Won,6 wickets,2023-04-24,Rawalpindi Cricket Stadium,Neutral,1,1,0,0,0,4,2023,2023-04
Pakistan,T20I,New Zealand v Pakistan,New Zealand,Lost,6 wickets,2023-04-24,Rawalpindi Cricket Stadium,Neutral,1,0,1,0,0,4,2023,2023-04
Gibraltar,T20I,Gibraltar v Portugal,Portugal,Lost,7 wickets,2023-05-04,Europa Sports Complex,Neutral,1,0,1,0,0,5,2023,2023-05
Portugal,T20I,Gibraltar v Portugal,Gibraltar,Won,7 wickets,2023-05-04,Europa Sports Complex,Neutral,1,1,0,0,0,5,2023,2023-05
Malta,T20I,Malta v Portugal,Portugal,Lost,84 runs,2023-05-04,Europa Sports Complex,Neutral,1,0,1,0,0,5,2023,2023-05
Portugal,T20I,Malta v Portugal,Malta,Won,84 runs,2023-05-04,Europa Sports Complex,Neutral,1,1,0,0,0,5,2023,2023-05
Gibraltar,T20I,Gibraltar v Malta,Malta,Won,43 runs,2023-05-05,Europa Sports Complex,Neutral,1,1,0,0,0,5,2023,2023-05
Malta,T20I,Gibraltar v Malta,Gibraltar,Lost,43 runs,2023-05-05,Europa Sports Complex,Neutral,1,0,1,0,0,5,2023,2023-05
Malta,T20I,Malta v Portugal,Portugal,Lost,17 runs,2023-05-05,Europa Sports Complex,Neutral,1,0,1,0,0,5,2023,2023-05
Portugal,T20I,Malta v Portugal,Malta,Won,17 runs,2023-05-05,Europa Sports Complex,Neutral,1,1,0,0,0,5,2023,2023-05
Gibraltar,T20I,Gibraltar v Portugal,Portugal,Lost,9 wickets,2023-05-06,Europa Sports Complex,Neutral,1,0,1,0,0,5,2023,2023-05
Portugal,T20I,Gibraltar v Portugal,Gibraltar,Won,9 wickets,2023-05-06,Europa Sports Complex,Neutral,1,1,0,0,0,5,2023,2023-05
Gibraltar,T20I,Gibraltar v Malta,Malta,Won,80 runs,2023-05-06,Europa Sports Complex,Neutral,1,1,0,0,0,5,2023,2023-05
Malta,T20I,Gibraltar v Malta,Gibraltar,Lost,80 runs,2023-05-06,Europa Sports Complex,Neutral,1,0,1,0,0,5,2023,2023-05
Malta,T20I,Malta v Portugal,Portugal,Lost,7 wickets,2023-05-06,Europa Sports Complex,Neutral,1,0,1,0,0,5,2023,2023-05
Portugal,T20I,Malta v Portugal,Malta,Won,7 wickets,2023-05-06,Europa Sports Complex,Neutral,1,1,0,0,0,5,2023,2023-05
Gibraltar,T20I,Gibraltar v Malta,Malta,Lost,1 runs,2023-05-07,Europa Sports Complex,Neutral,1,0,1,0,0,5,2023,2023-05
Malta,T20I,Gibraltar v Malta,Gibraltar,Won,1 runs,2023-05-07,Europa Sports Complex,Neutral,1,1,0,0,0,5,2023,2023-05
Gibraltar,T20I,Gibraltar v Portugal,Portugal,Lost,1 wickets,2023-05-07,Europa Sports Complex,Neutral,1,0,1,0,0,5,2023,2023-05
Portugal,T20I,Gibraltar v Portugal,Gibraltar,Won,1 wickets,2023-05-07,Europa Sports Complex,Neutral,1,1,0,0,0,5,2023,2023-05
Denmark,T20I,Denmark v Norway,Norway,Won,9 wickets,2023-05-18,"Svanholm Park, Brondby",Neutral,1,1,0,0,0,5,2023,2023-05
Norway,T20I,Denmark v Norway,Denmark,Lost,9 wickets,2023-05-18,"Svanholm Park, Brondby",Neutral,1,0,1,0,0,5,2023,2023-05
Denmark,T20I,Denmark v Finland,Finland,Won,72 runs,2023-05-18,"Svanholm Park, Brondby",Neutral,1,1,0,0,0,5,2023,2023-05
Finland,T20I,Denmark v Finland,Denmark,Lost,72 runs,2023-05-18,"Svanholm Park, Brondby",Neutral,1,0,1,0,0,5,2023,2023-05
Denmark,T20I,Denmark v Sweden,Sweden,Lost,10 wickets,2023-05-19,"Svanholm Park, Brondby",Neutral,1,0,1,0,0,5,2023,2023-05
Sweden,T20I,Denmark v Sweden,Denmark,Won,10 wickets,2023-05-19,"Svanholm Park, Brondby",Neutral,1,1,0,0,0,5,2023,2023-05
Denmark,T20I,Denmark v Finland,Finland,Won,8 wickets,2023-05-19,"Svanholm Park, Brondby",Neutral,1,1,0,0,0,5,2023,2023-05
Finland,T20I,Denmark v Finland,Denmark,Lost,8 wickets,2023-05-19,"Svanholm Park, Brondby",Neutral,1,0,1,0,0,5,2023,2023-05
Finland,T20I,Finland v Norway,Norway,Lost,7 wickets,2023-05-20,"Solvangs Park, Glostrup",Neutral,1,0,1,0,0,5,2023,2023-05
Norway,T20I,Finland v Norway,Finland,Won,7 wickets,2023-05-20,"Solvangs Park, Glostrup",Neutral,1,1,0,0,0,5,2023,2023-05
Finland,T20I,Finland v Sweden,Sweden,Tied,Tie,2023-05-21,"Solvangs Park, Glostrup",Neutral,1,0,0,1,0,5,2023,2023-05
Sweden,T20I,Finland v Sweden,Finland,Tied,Tie,2023-05-21,"Solvangs Park, Glostrup",Neutral,1,0,0,1,0,5,2023,2023-05
Kenya,T20I,Kenya v Uganda,Uganda,Won,88 runs,2023-06-10,"Gymkhana Club Ground, Nairobi",Neutral,1,1,0,0,0,6,2023,2023-06
Uganda,T20I,Kenya v Uganda,Kenya,Lost,88 runs,2023-06-10,"Gymkhana Club Ground, Nairobi",Neutral,1,0,1,0,0,6,2023,2023-06
Belgium,T20I,Belgium v Germany,Germany,Lost,4 wickets,2023-06-10,Bayer Uerdingen Cricket Ground,Neutral,1,0,1,0,0,6,2023,2023-06
Germany,T20I,Belgium v Germany,Belgium,Won,4 wickets,2023-06-10,Bayer Uerdingen Cricket Ground,Neutral,1,1,0,0,0,6,2023,2023-06
Rwanda,T20I,Rwanda v Uganda,Uganda,Lost,8 wickets,2023-06-11,"Gymkhana Club Ground, Nairobi",Neutral,1,0,1,0,0,6,2023,2023-06
Uganda,T20I,Rwanda v Uganda,Rwanda,Won,8 wickets,2023-06-11,"Gymkhana Club Ground, Nairobi",Neutral,1,1,0,0,0,6,2023,2023-06
Botswana,T20I,Botswana v Kenya,Kenya,Lost,8 wickets,2023-06-11,"Gymkhana Club Ground, Nairobi",Neutral,1,0,1,0,0,6,2023,2023-06
Kenya,T20I,Botswana v Kenya,Botswana,Won,8 wickets,2023-06-11,"Gymkhana Club Ground, Nairobi",Neutral,1,1,0,0,0,6,2023,2023-06
Belgium,T20I,Belgium v Germany,Germany,Lost,8 wickets,2023-06-11,Bayer Uerdingen Cricket Ground,Neutral,1,0,1,0,0,6,2023,2023-06
Germany,T20I,Belgium v Germany,Belgium,Won,8 wickets,2023-06-11,Bayer Uerdingen Cricket Ground,Neutral,1,1,0,0,0,6,2023,2023-06
Czech Republic,T20I,Czech Republic v Hungary,Hungary,Tied,Tie,2023-06-11,"Scott Page Field, Vinor",Neutral,1,0,0,1,0,6,2023,2023-06
Hungary,T20I,Czech Republic v Hungary,Czech Republic,Tied,Tie,2023-06-11,"Scott Page Field, Vinor",Neutral,1,0,0,1,0,6,2023,2023-06
Czech Republic,T20I,Czech Republic v Hungary,Hungary,Won,3 wickets,2023-06-11,"Scott Page Field, Vinor",Neutral,1,1,0,0,0,6,2023,2023-06
Hungary,T20I,Czech Republic v Hungary,Czech Republic,Lost,3 wickets,2023-06-11,"Scott Page Field, Vinor",Neutral,1,0,1,0,0,6,2023,2023-06
Botswana,T20I,Botswana v Rwanda,Rwanda,Lost,27 runs,2023-06-13,"Gymkhana Club Ground, Nairobi",Neutral,1,0,1,0,0,6,2023,2023-06
Rwanda,T20I,Botswana v Rwanda,Botswana,Won,27 runs,2023-06-13,"Gymkhana Club Ground, Nairobi",Neutral,1,1,0,0,0,6,2023,2023-06
Kenya,T20I,Kenya v Uganda,Uganda,Lost,47 runs,2023-06-13,"Gymkhana Club Ground, Nairobi",Neutral,1,0,1,0,0,6,2023,2023-06
Uganda,T20I,Kenya v Uganda,Kenya,Won,47 runs,2023-06-13,"Gymkhana Club Ground, Nairobi",Neutral,1,1,0,0,0,6,2023,2023-06
Kenya,T20I,Kenya v Rwanda,Rwanda,Won,7 wickets,2023-06-14,"Gymkhana Club Ground, Nairobi",Neutral,1,1,0,0,0,6,2023,2023-06
Rwanda,T20I,Kenya v Rwanda,Kenya,Lost,7 wickets,2023-06-14,"Gymkhana Club Ground, Nairobi",Neutral,1,0,1,0,0,6,2023,2023-06
Botswana,T20I,Botswana v Uganda,Uganda,Lost,64 runs,2023-06-14,"Gymkhana Club Ground, Nairobi",Neutral,1,0,1,0,0,6,2023,2023-06
Uganda,T20I,Botswana v Uganda,Botswana,Won,64 runs,2023-06-14,"Gymkhana Club Ground, Nairobi",Neutral,1,1,0,0,0,6,2023,2023-06
Rwanda,T20I,Rwanda v Uganda,Uganda,Lost,7 wickets,2023-06-15,"Gymkhana Club Ground, Nairobi",Neutral,1,0,1,0,0,6,2023,2023-06
Uganda,T20I,Rwanda v Uganda,Rwanda,Won,7 wickets,2023-06-15,"Gymkhana Club Ground, Nairobi",Neutral,1,1,0,0,0,6,2023,2023-06
Botswana,T20I,Botswana v Kenya,Kenya,Won,30 runs,2023-06-15,"Gymkhana Club Ground, Nairobi",Neutral,1,1,0,0,0,6,2023,2023-06
Kenya,T20I,Botswana v Kenya,Botswana,Lost,30 runs,2023-06-15,"Gymkhana Club Ground, Nairobi",Neutral,1,0,1,0,0,6,2023,2023-06
Botswana,T20I,Botswana v Uganda,Uganda,Lost,7 wickets,2023-06-17,"Gymkhana Club Ground, Nairobi",Neutral,1,0,1,0,0,6,2023,2023-06
Uganda,T20I,Botswana v Uganda,Botswana,Won,7 wickets,2023-06-17,"Gymkhana Club Ground, Nairobi",Neutral,1,1,0,0,0,6,2023,2023-06
Kenya,T20I,Kenya v Rwanda,Rwanda,Won,7 wickets,2023-06-17,"Gymkhana Club Ground, Nairobi",Neutral,1,1,0,0,0,6,2023,2023-06
Rwanda,T20I,Kenya v Rwanda,Kenya,Lost,7 wickets,2023-06-17,"Gymkhana Club Ground, Nairobi",Neutral,1,0,1,0,0,6,2023,2023-06
Botswana,T20I,Botswana v Rwanda,Rwanda,Lost,7 wickets,2023-06-18,"Gymkhana Club Ground, Nairobi",Neutral,1,0,1,0,0,6,2023,2023-06
Rwanda,T20I,Botswana v Rwanda,Botswana,Won,7 wickets,2023-06-18,"Gymkhana Club Ground, Nairobi",Neutral,1,1,0,0,0,6,2023,2023-06
Kenya,T20I,Kenya v Uganda,Uganda,Lost,5 wickets,2023-06-18,"Gymkhana Club Ground, Nairobi",Neutral,1,0,1,0,0,6,2023,2023-06
Uganda,T20I,Kenya v Uganda,Kenya,Won,5 wickets,2023-06-18,"Gymkhana Club Ground, Nairobi",Neutral,1,1,0,0,0,6,2023,2023-06
Botswana,T20I,Botswana v Kenya,Kenya,Lost,6 wickets,2023-06-19,"Gymkhana Club Ground, Nairobi",Neutral,1,0,1,0,0,6,2023,2023-06
Kenya,T20I,Botswana v Kenya,Botswana,Won,6 wickets,2023-06-19,"Gymkhana Club Ground, Nairobi",Neutral,1,1,0,0,0,6,2023,2023-06
Rwanda,T20I,Rwanda v Uganda,Uganda,Lost,94 runs,2023-06-19,"Gymkhana Club Ground, Nairobi",Neutral,1,0,1,0,0,6,2023,2023-06
Uganda,T20I,Rwanda v Uganda,Rwanda,Won,94 runs,2023-06-19,"Gymkhana Club Ground, Nairobi",Neutral,1,1,0,0,0,6,2023,2023-06
Kenya,T20I,Kenya v Uganda,Uganda,Lost,1 runs,2023-06-21,"Gymkhana Club Ground, Nairobi",Neutral,1,0,1,0,0,6,2023,2023-06
Uganda,T20I,Kenya v Uganda,Kenya,Won,1 runs,2023-06-21,"Gymkhana Club Ground, Nairobi",Neutral,1,1,0,0,0,6,2023,2023-06
Serbia,T20I,Serbia v Turkey,Turkey,Won,70 runs,2023-06-23,"National Sports Academy, Sofia",Neutral,1,1,0,0,0,6,2023,2023-06
Turkey,T20I,Serbia v Turkey,Serbia,Lost,70 runs,2023-06-23,"National Sports Academy, Sofia",Neutral,1,0,1,0,0,6,2023,2023-06
Bulgaria,T20I,Bulgaria v Croatia,Croatia,Won,9 wickets,2023-06-23,"National Sports Academy, Sofia",Neutral,1,1,0,0,0,6,2023,2023-06
Croatia,T20I,Bulgaria v Croatia,Bulgaria,Lost,9 wickets,2023-06-23,"National Sports Academy, Sofia",Neutral,1,0,1,0,0,6,2023,2023-06
Bulgaria,T20I,Bulgaria v Serbia,Serbia,Lost,5 wickets,2023-06-23,"National Sports Academy, Sofia",Neutral,1,0,1,0,0,6,2023,2023-06
Serbia,T20I,Bulgaria v Serbia,Bulgaria,Won,5 wickets,2023-06-23,"National Sports Academy, Sofia",Neutral,1,1,0,0,0,6,2023,2023-06
Croatia,T20I,Croatia v Turkey,Turkey,Lost,8 wickets,2023-06-24,"National Sports Academy, Sofia",Neutral,1,0,1,0,0,6,2023,2023-06
Turkey,T20I,Croatia v Turkey,Croatia,Won,8 wickets,2023-06-24,"National Sports Academy, Sofia",Neutral,1,1,0,0,0,6,2023,2023-06
Croatia,T20I,Croatia v Serbia,Serbia,Lost,9 wickets,2023-06-24,"National Sports Academy, Sofia",Neutral,1,0,1,0,0,6,2023,2023-06
Serbia,T20I,Croatia v Serbia,Croatia,Won,9 wickets,2023-06-24,"National Sports Academy, Sofia",Neutral,1,1,0,0,0,6,2023,2023-06
Bulgaria,T20I,Bulgaria v Turkey,Turkey,Won,8 wickets,2023-06-24,"National Sports Academy, Sofia",Neutral,1,1,0,0,0,6,2023,2023-06
Turkey,T20I,Bulgaria v Turkey,Bulgaria,Lost,8 wickets,2023-06-24,"National Sports Academy, Sofia",Neutral,1,0,1,0,0,6,2023,2023-06
Austria,T20I,Austria v Germany,Germany,Lost,6 wickets,2023-06-29,"Sportpark Het Schootsveld, Deventer",Neutral,1,0,1,0,0,6,2023,2023-06
Germany,T20I,Austria v Germany,Austria,Won,6 wickets,2023-06-29,"Sportpark Het Schootsveld, Deventer",Neutral,1,1,0,0,0,6,2023,2023-06
Austria,T20I,Austria v Germany,Germany,Lost,8 wickets,2023-06-30,"Sportpark Het Schootsveld, Deventer",Neutral,1,0,1,0,0,6,2023,2023-06
Germany,T20I,Austria v Germany,Austria,Won,8 wickets,2023-06-30,"Sportpark Het Schootsveld, Deventer",Neutral,1,1,0,0,0,6,2023,2023-06
France,T20I,France v Malta,Malta,Won,9 runs,2023-07-10,Marsa Sports Club,Neutral,1,1,0,0,0,7,2023,2023-07
Malta,T20I,France v Malta,France,Lost,9 runs,2023-07-10,Marsa Sports Club,Neutral,1,0,1,0,0,7,2023,2023-07
France,T20I,France v Malta,Malta,Lost,4 runs,2023-07-10,Marsa Sports Club,Neutral,1,0,1,0,0,7,2023,2023-07
Malta,T20I,France v Malta,France,Won,4 runs,2023-07-10,Marsa Sports Club,Neutral,1,1,0,0,0,7,2023,2023-07
Luxembourg,T20I,Luxembourg v Malta,Malta,Lost,42 runs,2023-07-11,Marsa Sports Club,Neutral,1,0,1,0,0,7,2023,2023-07
Malta,T20I,Luxembourg v Malta,Luxembourg,Won,42 runs,2023-07-11,Marsa Sports Club,Neutral,1,1,0,0,0,7,2023,2023-07
France,T20I,France v Luxembourg,Luxembourg,Won,51 runs,2023-07-11,Marsa Sports Club,Neutral,1,1,0,0,0,7,2023,2023-07
Luxembourg,T20I,France v Luxembourg,France,Lost,51 runs,2023-07-11,Marsa Sports Club,Neutral,1,0,1,0,0,7,2023,2023-07
Luxembourg,T20I,Luxembourg v Malta,Malta,Won,4 wickets,2023-07-12,Marsa Sports Club,Neutral,1,1,0,0,0,7,2023,2023-07
Malta,T20I,Luxembourg v Malta,Luxembourg,Lost,4 wickets,2023-07-12,Marsa Sports Club,Neutral,1,0,1,0,0,7,2023,2023-07
France,T20I,France v Luxembourg,Luxembourg,Won,9 wickets,2023-07-12,Marsa Sports Club,Neutral,1,1,0,0,0,7,2023,2023-07
Luxembourg,T20I,France v Luxembourg,France,Lost,9 wickets,2023-07-12,Marsa Sports Club,Neutral,1,0,1,0,0,7,2023,2023-07
France,T20I,France v Malta,Malta,Won,30 runs,2023-07-12,Marsa Sports Club,Neutral,1,1,0,0,0,7,2023,2023-07
Malta,T20I,France v Malta,France,Lost,30 runs,2023-07-12,Marsa Sports Club,Neutral,1,0,1,0,0,7,2023,2023-07
Luxembourg,T20I,Luxembourg v Malta,Malta,Lost,6 wickets,2023-07-13,Marsa Sports Club,Neutral,1,0,1,0,0,7,2023,2023-07
Malta,T20I,Luxembourg v Malta,Luxembourg,Won,6 wickets,2023-07-13,Marsa Sports Club,Neutral,1,1,0,0,0,7,2023,2023-07
Romania,T20I,Romania v Switzerland,Switzerland,Lost,6 wickets,2023-07-13,Marsa Sports Club,Neutral,1,0,1,0,0,7,2023,2023-07
Switzerland,T20I,Romania v Switzerland,Romania,Won,6 wickets,2023-07-13,Marsa Sports Club,Neutral,1,1,0,0,0,7,2023,2023-07
France,T20I,France v Romania,Romania,Won,88 runs,2023-07-13,Marsa Sports Club,Neutral,1,1,0,0,0,7,2023,2023-07
Romania,T20I,France v Romania,France,Lost,88 runs,2023-07-13,Marsa Sports Club,Neutral,1,0,1,0,0,7,2023,2023-07
Luxembourg,T20I,Luxembourg v Switzerland,Switzerland,Lost,8 wickets,2023-07-14,Marsa Sports Club,Neutral,1,0,1,0,0,7,2023,2023-07
Switzerland,T20I,Luxembourg v Switzerland,Luxembourg,Won,8 wickets,2023-07-14,Marsa Sports Club,Neutral,1,1,0,0,0,7,2023,2023-07
Malta,T20I,Malta v Romania,Romania,Won,41 runs,2023-07-14,Marsa Sports Club,Neutral,1,1,0,0,0,7,2023,2023-07
Romania,T20I,Malta v Romania,Malta,Lost,41 runs,2023-07-14,Marsa Sports Club,Neutral,1,0,1,0,0,7,2023,2023-07
France,T20I,France v Switzerland,Switzerland,Lost,6 wickets,2023-07-14,Marsa Sports Club,Neutral,1,0,1,0,0,7,2023,2023-07
Switzerland,T20I,France v Switzerland,France,Won,6 wickets,2023-07-14,Marsa Sports Club,Neutral,1,1,0,0,0,7,2023,2023-07
Luxembourg,T20I,Luxembourg v Romania,Romania,Won,7 wickets,2023-07-15,Marsa Sports Club,Neutral,1,1,0,0,0,7,2023,2023-07
Romania,T20I,Luxembourg v Romania,Luxembourg,Lost,7 wickets,2023-07-15,Marsa Sports Club,Neutral,1,0,1,0,0,7,2023,2023-07
Malta,T20I,Malta v Switzerland,Switzerland,Lost,6 wickets,2023-07-15,Marsa Sports Club,Neutral,1,0,1,0,0,7,2023,2023-07
Switzerland,T20I,Malta v Switzerland,Malta,Won,6 wickets,2023-07-15,Marsa Sports Club,Neutral,1,1,0,0,0,7,2023,2023-07
France,T20I,France v Luxembourg,Luxembourg,Lost,4 wickets,2023-07-15,Marsa Sports Club,Neutral,1,0,1,0,0,7,2023,2023-07
Luxembourg,T20I,France v Luxembourg,France,Won,4 wickets,2023-07-15,Marsa Sports Club,Neutral,1,1,0,0,0,7,2023,2023-07
France,T20I,France v Malta,Malta,Lost,7 wickets,2023-07-16,Marsa Sports Club,Neutral,1,0,1,0,0,7,2023,2023-07
Malta,T20I,France v Malta,France,Won,7 wickets,2023-07-16,Marsa Sports Club,Neutral,1,1,0,0,0,7,2023,2023-07
Luxembourg,T20I,Luxembourg v Romania,Romania,Lost,7 wickets,2023-07-16,Marsa Sports Club,Neutral,1,0,1,0,0,7,2023,2023-07
Romania,T20I,Luxembourg v Romania,Luxembourg,Won,7 wickets,2023-07-16,Marsa Sports Club,Neutral,1,1,0,0,0,7,2023,2023-07
Malta,T20I,Malta v Switzerland,Switzerland,Lost,6 wickets,2023-07-16,Marsa Sports Club,Neutral,1,0,1,0,0,7,2023,2023-07
Switzerland,T20I,Malta v Switzerland,Malta,Won,6 wickets,2023-07-16,Marsa Sports Club,Neutral,1,1,0,0,0,7,2023,2023-07
Austria,T20I,Austria v Jersey,Jersey,Lost,8 wickets,2023-07-20,"Grange Cricket Club Ground, Raeburn Place, Edinburgh",Neutral,1,0,1,0,0,7,2023,2023-07
Jersey,T20I,Austria v Jersey,Austria,Won,8 wickets,2023-07-20,"Grange Cricket Club Ground, Raeburn Place, Edinburgh",Neutral,1,1,0,0,0,7,2023,2023-07
Ireland,T20I,Ireland v Italy,Italy,Won,7 runs,2023-07-20,"Goldenacre, Edinburgh",Neutral,1,1,0,0,0,7,2023,2023-07
Italy,T20I,Ireland v Italy,Ireland,Lost,7 runs,2023-07-20,"Goldenacre, Edinburgh",Neutral,1,0,1,0,0,7,2023,2023-07
Germany,T20I,Germany v Scotland,Scotland,Lost,72 runs,2023-07-20,"Goldenacre, Edinburgh",Neutral,1,0,1,0,0,7,2023,2023-07
Scotland,T20I,Germany v Scotland,Germany,Won,72 runs,2023-07-20,"Goldenacre, Edinburgh",Neutral,1,1,0,0,0,7,2023,2023-07
Denmark,T20I,Denmark v Ireland,Ireland,Lost,9 wickets,2023-07-21,"Grange Cricket Club Ground, Raeburn Place, Edinburgh",Neutral,1,0,1,0,0,7,2023,2023-07
Ireland,T20I,Denmark v Ireland,Denmark,Won,9 wickets,2023-07-21,"Grange Cricket Club Ground, Raeburn Place, Edinburgh",Neutral,1,1,0,0,0,7,2023,2023-07
Austria,T20I,Austria v Germany,Germany,Lost,9 wickets,2023-07-21,"Goldenacre, Edinburgh",Neutral,1,0,1,0,0,7,2023,2023-07
Germany,T20I,Austria v Germany,Austria,Won,9 wickets,2023-07-21,"Goldenacre, Edinburgh",Neutral,1,1,0,0,0,7,2023,2023-07
Jersey,T20I,Jersey v Scotland,Scotland,Lost,14 runs,2023-07-21,"Grange Cricket Club Ground, Raeburn Place, Edinburgh",Neutral,1,0,1,0,0,7,2023,2023-07
Scotland,T20I,Jersey v Scotland,Jersey,Won,14 runs,2023-07-21,"Grange Cricket Club Ground, Raeburn Place, Edinburgh",Neutral,1,1,0,0,0,7,2023,2023-07
Japan,T20I,Japan v Philippines,Philippines,Won,53 runs,2023-07-22,"Amini Park, Port Moresby",Neutral,1,1,0,0,0,7,2023,2023-07
Philippines,T20I,Japan v Philippines,Japan,Lost,53 runs,2023-07-22,"Amini Park, Port Moresby",Neutral,1,0,1,0,0,7,2023,2023-07
Papua New Guinea,T20I,Papua New Guinea v Vanuatu,Vanuatu,Won,9 wickets,2023-07-22,"Amini Park, Port Moresby",Neutral,1,1,0,0,0,7,2023,2023-07
Vanuatu,T20I,Papua New Guinea v Vanuatu,Papua New Guinea,Lost,9 wickets,2023-07-22,"Amini Park, Port Moresby",Neutral,1,0,1,0,0,7,2023,2023-07
Austria,T20I,Austria v Ireland,Ireland,Lost,128 runs,2023-07-23,"Grange Cricket Club Ground, Raeburn Place, Edinburgh",Neutral,1,0,1,0,0,7,2023,2023-07
Ireland,T20I,Austria v Ireland,Austria,Won,128 runs,2023-07-23,"Grange Cricket Club Ground, Raeburn Place, Edinburgh",Neutral,1,1,0,0,0,7,2023,2023-07
Italy,T20I,Italy v Jersey,Jersey,Won,25 runs,2023-07-23,"Goldenacre, Edinburgh",Neutral,1,1,0,0,0,7,2023,2023-07
Jersey,T20I,Italy v Jersey,Italy,Lost,25 runs,2023-07-23,"Goldenacre, Edinburgh",Neutral,1,0,1,0,0,7,2023,2023-07
Denmark,T20I,Denmark v Germany,Germany,Lost,6 wickets,2023-07-23,"Grange Cricket Club Ground, Raeburn Place, Edinburgh",Neutral,1,0,1,0,0,7,2023,2023-07
Germany,T20I,Denmark v Germany,Denmark,Won,6 wickets,2023-07-23,"Grange Cricket Club Ground, Raeburn Place, Edinburgh",Neutral,1,1,0,0,0,7,2023,2023-07
Japan,T20I,Japan v Vanuatu,Vanuatu,Won,21 runs,2023-07-23,"Amini Park, Port Moresby",Neutral,1,1,0,0,0,7,2023,2023-07
Vanuatu,T20I,Japan v Vanuatu,Japan,Lost,21 runs,2023-07-23,"Amini Park, Port Moresby",Neutral,1,0,1,0,0,7,2023,2023-07
Italy,T20I,Italy v Scotland,Scotland,Lost,155 runs,2023-07-24,"Grange Cricket Club Ground, Raeburn Place, Edinburgh",Neutral,1,0,1,0,0,7,2023,2023-07
Scotland,T20I,Italy v Scotland,Italy,Won,155 runs,2023-07-24,"Grange Cricket Club Ground, Raeburn Place, Edinburgh",Neutral,1,1,0,0,0,7,2023,2023-07
Austria,T20I,Austria v Denmark,Denmark,Lost,8 wickets,2023-07-24,"Goldenacre, Edinburgh",Neutral,1,0,1,0,0,7,2023,2023-07
Denmark,T20I,Austria v Denmark,Austria,Won,8 wickets,2023-07-24,"Goldenacre, Edinburgh",Neutral,1,1,0,0,0,7,2023,2023-07
Ireland,T20I,Ireland v Jersey,Jersey,Won,9 wickets,2023-07-24,"Goldenacre, Edinburgh",Neutral,1,1,0,0,0,7,2023,2023-07
Jersey,T20I,Ireland v Jersey,Ireland,Lost,9 wickets,2023-07-24,"Goldenacre, Edinburgh",Neutral,1,0,1,0,0,7,2023,2023-07
Denmark,T20I,Denmark v Italy,Italy,Lost,26 runs,2023-07-25,"Grange Cricket Club Ground, Raeburn Place, Edinburgh",Neutral,1,0,1,0,0,7,2023,2023-07
Italy,T20I,Denmark v Italy,Denmark,Won,26 runs,2023-07-25,"Grange Cricket Club Ground, Raeburn Place, Edinburgh",Neutral,1,1,0,0,0,7,2023,2023-07
Austria,T20I,Austria v Scotland,Scotland,Lost,166 runs,2023-07-25,"Goldenacre, Edinburgh",Neutral,1,0,1,0,0,7,2023,2023-07
Scotland,T20I,Austria v Scotland,Austria,Won,166 runs,2023-07-25,"Goldenacre, Edinburgh",Neutral,1,1,0,0,0,7,2023,2023-07
Germany,T20I,Germany v Jersey,Jersey,Lost,51 runs,2023-07-25,"Grange Cricket Club Ground, Raeburn Place, Edinburgh",Neutral,1,0,1,0,0,7,2023,2023-07
Jersey,T20I,Germany v Jersey,Germany,Won,51 runs,2023-07-25,"Grange Cricket Club Ground, Raeburn Place, Edinburgh",Neutral,1,1,0,0,0,7,2023,2023-07
Philippines,T20I,Philippines v Vanuatu,Vanuatu,Won,6 wickets,2023-07-25,"Amini Park, Port Moresby",Neutral,1,1,0,0,0,7,2023,2023-07
Vanuatu,T20I,Philippines v Vanuatu,Philippines,Lost,6 wickets,2023-07-25,"Amini Park, Port Moresby",Neutral,1,0,1,0,0,7,2023,2023-07
Japan,T20I,Japan v Papua New Guinea,Papua New Guinea,Lost,6 wickets,2023-07-25,"Amini Park, Port Moresby",Neutral,1,0,1,0,0,7,2023,2023-07
Papua New Guinea,T20I,Japan v Papua New Guinea,Japan,Won,6 wickets,2023-07-25,"Amini Park, Port Moresby",Neutral,1,1,0,0,0,7,2023,2023-07
Papua New Guinea,T20I,Papua New Guinea v Vanuatu,Vanuatu,Won,39 runs,2023-07-26,"Amini Park, Port Moresby",Neutral,1,1,0,0,0,7,2023,2023-07
Vanuatu,T20I,Papua New Guinea v Vanuatu,Papua New Guinea,Lost,39 runs,2023-07-26,"Amini Park, Port Moresby",Neutral,1,0,1,0,0,7,2023,2023-07
Japan,T20I,Japan v Philippines,Philippines,Won,33 runs,2023-07-26,"Amini Park, Port Moresby",Neutral,1,1,0,0,0,7,2023,2023-07
Philippines,T20I,Japan v Philippines,Japan,Lost,33 runs,2023-07-26,"Amini Park, Port Moresby",Neutral,1,0,1,0,0,7,2023,2023-07
China,T20I,China v Malaysia,Malaysia,Lost,8 wickets,2023-07-26,"Bayuemas Oval, Kuala Lumpur",Neutral,1,0,1,0,0,7,2023,2023-07
Malaysia,T20I,China v Malaysia,China,Won,8 wickets,2023-07-26,"Bayuemas Oval, Kuala Lumpur",Neutral,1,1,0,0,0,7,2023,2023-07
Bhutan,T20I,Bhutan v Myanmar,Myanmar,Won,31 runs,2023-07-26,"Bayuemas Oval, Kuala Lumpur",Neutral,1,1,0,0,0,7,2023,2023-07
Myanmar,T20I,Bhutan v Myanmar,Bhutan,Lost,31 runs,2023-07-26,"Bayuemas Oval, Kuala Lumpur",Neutral,1,0,1,0,0,7,2023,2023-07
Denmark,T20I,Denmark v Scotland,Scotland,Lost,33 runs,2023-07-27,"Grange Cricket Club Ground, Raeburn Place, Edinburgh",Neutral,1,0,1,0,0,7,2023,2023-07
Scotland,T20I,Denmark v Scotland,Denmark,Won,33 runs,2023-07-27,"Grange Cricket Club Ground, Raeburn Place, Edinburgh",Neutral,1,1,0,0,0,7,2023,2023-07
China,T20I,China v Thailand,Thailand,Lost,9 wickets,2023-07-27,"Bayuemas Oval, Kuala Lumpur",Neutral,1,0,1,0,0,7,2023,2023-07
Thailand,T20I,China v Thailand,China,Won,9 wickets,2023-07-27,"Bayuemas Oval, Kuala Lumpur",Neutral,1,1,0,0,0,7,2023,2023-07
Bhutan,T20I,Bhutan v Malaysia,Malaysia,Lost,75 runs,2023-07-27,"Bayuemas Oval, Kuala Lumpur",Neutral,1,0,1,0,0,7,2023,2023-07
Malaysia,T20I,Bhutan v Malaysia,Bhutan,Won,75 runs,2023-07-27,"Bayuemas Oval, Kuala Lumpur",Neutral,1,1,0,0,0,7,2023,2023-07
Germany,T20I,Germany v Italy,Italy,Lost,4 wickets,2023-07-28,"Grange Cricket Club Ground, Raeburn Place, Edinburgh",Neutral,1,0,1,0,0,7,2023,2023-07
Italy,T20I,Germany v Italy,Germany,Won,4 wickets,2023-07-28,"Grange Cricket Club Ground, Raeburn Place, Edinburgh",Neutral,1,1,0,0,0,7,2023,2023-07
Denmark,T20I,Denmark v Jersey,Jersey,Lost,28 runs,2023-07-28,"Goldenacre, Edinburgh",Neutral,1,0,1,0,0,7,2023,2023-07
Jersey,T20I,Denmark v Jersey,Denmark,Won,28 runs,2023-07-28,"Goldenacre, Edinburgh",Neutral,1,1,0,0,0,7,2023,2023-07
Ireland,T20I,Ireland v Scotland,Scotland,Lost,8 runs,2023-07-28,"Grange Cricket Club Ground, Raeburn Place, Edinburgh",Neutral,1,0,1,0,0,7,2023,2023-07
Scotland,T20I,Ireland v Scotland,Ireland,Won,8 runs,2023-07-28,"Grange Cricket Club Ground, Raeburn Place, Edinburgh",Neutral,1,1,0,0,0,7,2023,2023-07
Japan,T20I,Japan v Vanuatu,Vanuatu,Lost,5 wickets,2023-07-28,"Amini Park, Port Moresby",Neutral,1,0,1,0,0,7,2023,2023-07
Vanuatu,T20I,Japan v Vanuatu,Japan,Won,5 wickets,2023-07-28,"Amini Park, Port Moresby",Neutral,1,1,0,0,0,7,2023,2023-07
Papua New Guinea,T20I,Papua New Guinea v Philippines,Philippines,Won,100 runs,2023-07-28,"Amini Park, Port Moresby",Neutral,1,1,0,0,0,7,2023,2023-07
Philippines,T20I,Papua New Guinea v Philippines,Papua New Guinea,Lost,100 runs,2023-07-28,"Amini Park, Port Moresby",Neutral,1,0,1,0,0,7,2023,2023-07
Myanmar,T20I,Myanmar v Thailand,Thailand,Lost,101 runs,2023-07-28,"Bayuemas Oval, Kuala Lumpur",Neutral,1,0,1,0,0,7,2023,2023-07
Thailand,T20I,Myanmar v Thailand,Myanmar,Won,101 runs,2023-07-28,"Bayuemas Oval, Kuala Lumpur",Neutral,1,1,0,0,0,7,2023,2023-07
Philippines,T20I,Philippines v Vanuatu,Vanuatu,Lost,3 wickets,2023-07-29,"Amini Park, Port Moresby",Neutral,1,0,1,0,0,7,2023,2023-07
Vanuatu,T20I,Philippines v Vanuatu,Philippines,Won,3 wickets,2023-07-29,"Amini Park, Port Moresby",Neutral,1,1,0,0,0,7,2023,2023-07
Japan,T20I,Japan v Papua New Guinea,Papua New Guinea,Lost,6 wickets,2023-07-29,"Amini Park, Port Moresby",Neutral,1,0,1,0,0,7,2023,2023-07
Papua New Guinea,T20I,Japan v Papua New Guinea,Japan,Won,6 wickets,2023-07-29,"Amini Park, Port Moresby",Neutral,1,1,0,0,0,7,2023,2023-07
Bhutan,T20I,Bhutan v China,China,Won,95 runs,2023-07-30,"Bayuemas Oval, Kuala Lumpur",Neutral,1,1,0,0,0,7,2023,2023-07
China,T20I,Bhutan v China,Bhutan,Lost,95 runs,2023-07-30,"Bayuemas Oval, Kuala Lumpur",Neutral,1,0,1,0,0,7,2023,2023-07
Malaysia,T20I,Malaysia v Myanmar,Myanmar,Won,184 runs,2023-07-30,"Bayuemas Oval, Kuala Lumpur",Neutral,1,1,0,0,0,7,2023,2023-07
Myanmar,T20I,Malaysia v Myanmar,Malaysia,Lost,184 runs,2023-07-30,"Bayuemas Oval, Kuala Lumpur",Neutral,1,0,1,0,0,7,2023,2023-07
Bhutan,T20I,Bhutan v Thailand,Thailand,Lost,8 wickets,2023-07-31,"Bayuemas Oval, Kuala Lumpur",Neutral,1,0,1,0,0,7,2023,2023-07
Thailand,T20I,Bhutan v Thailand,Bhutan,Won,8 wickets,2023-07-31,"Bayuemas Oval, Kuala Lumpur",Neutral,1,1,0,0,0,7,2023,2023-07
China,T20I,China v Myanmar,Myanmar,Won,5 wickets,2023-07-31,"Bayuemas Oval, Kuala Lumpur",Neutral,1,1,0,0,0,7,2023,2023-07
Myanmar,T20I,China v Myanmar,China,Lost,5 wickets,2023-07-31,"Bayuemas Oval, Kuala Lumpur",Neutral,1,0,1,0,0,7,2023,2023-07
Malaysia,T20I,Malaysia v Thailand,Thailand,Won,7 wickets,2023-08-01,"Bayuemas Oval, Kuala Lumpur",Neutral,1,1,0,0,0,8,2023,2023-08
Thailand,T20I,Malaysia v Thailand,Malaysia,Lost,7 wickets,2023-08-01,"Bayuemas Oval, Kuala Lumpur",Neutral,1,0,1,0,0,8,2023,2023-08
India,T20I,India v West Indies,West Indies,Lost,4 runs,2023-08-03,"Brian Lara Stadium, Tarouba, Trinidad",Neutral,1,0,1,0,0,8,2023,2023-08
West Indies,T20I,India v West Indies,India,Won,4 runs,2023-08-03,"Brian Lara Stadium, Tarouba, Trinidad",Neutral,1,1,0,0,0,8,2023,2023-08
Croatia,T20I,Croatia v Hungary,Hungary,Lost,145 runs,2023-08-05,"GB Oval, Szodliget",Neutral,1,0,1,0,0,8,2023,2023-08
Hungary,T20I,Croatia v Hungary,Croatia,Won,145 runs,2023-08-05,"GB Oval, Szodliget",Neutral,1,1,0,0,0,8,2023,2023-08
India,T20I,India v West Indies,West Indies,Lost,2 wickets,2023-08-06,"Providence Stadium, Guyana",Neutral,1,0,1,0,0,8,2023,2023-08
West Indies,T20I,India v West Indies,India,Won,2 wickets,2023-08-06,"Providence Stadium, Guyana",Neutral,1,1,0,0,0,8,2023,2023-08
Croatia,T20I,Croatia v Hungary,Hungary,Lost,7 wickets,2023-08-06,"GB Oval, Szodliget",Neutral,1,0,1,0,0,8,2023,2023-08
Hungary,T20I,Croatia v Hungary,Croatia,Won,7 wickets,2023-08-06,"GB Oval, Szodliget",Neutral,1,1,0,0,0,8,2023,2023-08
India,T20I,India v West Indies,West Indies,Won,7 wickets,2023-08-08,"Providence Stadium, Guyana",Neutral,1,1,0,0,0,8,2023,2023-08
West Indies,T20I,India v West Indies,India,Lost,7 wickets,2023-08-08,"Providence Stadium, Guyana",Neutral,1,0,1,0,0,8,2023,2023-08
India,T20I,India v West Indies,West Indies,Won,9 wickets,2023-08-12,"Central Broward Regional Park Stadium Turf Ground, Lauderhill",Neutral,1,1,0,0,0,8,2023,2023-08
West Indies,T20I,India v West Indies,India,Lost,9 wickets,2023-08-12,"Central Broward Regional Park Stadium Turf Ground, Lauderhill",Neutral,1,0,1,0,0,8,2023,2023-08
India,T20I,India v West Indies,West Indies,Lost,8 wickets,2023-08-13,"Central Broward Regional Park Stadium Turf Ground, Lauderhill",Neutral,1,0,1,0,0,8,2023,2023-08
West Indies,T20I,India v West Indies,India,Won,8 wickets,2023-08-13,"Central Broward Regional Park Stadium Turf Ground, Lauderhill",Neutral,1,1,0,0,0,8,2023,2023-08
Germany,T20I,Germany v Guernsey,Guernsey,Won,9 wickets,2023-08-14,"Sportpark Het Schootsveld, Deventer",Neutral,1,1,0,0,0,8,2023,2023-08
Guernsey,T20I,Germany v Guernsey,Germany,Lost,9 wickets,2023-08-14,"Sportpark Het Schootsveld, Deventer",Neutral,1,0,1,0,0,8,2023,2023-08
Germany,T20I,Germany v Guernsey,Guernsey,Lost,5 wickets,2023-08-14,"Sportpark Het Schootsveld, Deventer",Neutral,1,0,1,0,0,8,2023,2023-08
Guernsey,T20I,Germany v Guernsey,Germany,Won,5 wickets,2023-08-14,"Sportpark Het Schootsveld, Deventer",Neutral,1,1,0,0,0,8,2023,2023-08
Germany,T20I,Germany v Guernsey,Guernsey,Lost,10 runs,2023-08-15,"Sportpark Het Schootsveld, Deventer",Neutral,1,0,1,0,0,8,2023,2023-08
Guernsey,T20I,Germany v Guernsey,Germany,Won,10 runs,2023-08-15,"Sportpark Het Schootsveld, Deventer",Neutral,1,1,0,0,0,8,2023,2023-08
New Zealand,T20I,New Zealand v United Arab Emirates,United Arab Emirates,Won,19 runs,2023-08-17,Dubai International Cricket Stadium,Neutral,1,1,0,0,0,8,2023,2023-08
United Arab Emirates,T20I,New Zealand v United Arab Emirates,New Zealand,Lost,19 runs,2023-08-17,Dubai International Cricket Stadium,Neutral,1,0,1,0,0,8,2023,2023-08
India,T20I,India v Ireland,Ireland,Won,2 runs,2023-08-18,"Malahide, Dublin",Neutral,1,1,0,0,0,8,2023,2023-08
Ireland,T20I,India v Ireland,India,Lost,2 runs,2023-08-18,"Malahide, Dublin",Neutral,1,0,1,0,0,8,2023,2023-08
Malta,T20I,Malta v Romania,Romania,Won,8 wickets,2023-08-18,"Moara Vlasiei Cricket Ground, Ilfov County",Neutral,1,1,0,0,0,8,2023,2023-08
Romania,T20I,Malta v Romania,Malta,Lost,8 wickets,2023-08-18,"Moara Vlasiei Cricket Ground, Ilfov County",Neutral,1,0,1,0,0,8,2023,2023-08
New Zealand,T20I,New Zealand v United Arab Emirates,United Arab Emirates,Lost,7 wickets,2023-08-19,Dubai International Cricket Stadium,Neutral,1,0,1,0,0,8,2023,2023-08
United Arab Emirates,T20I,New Zealand v United Arab Emirates,New Zealand,Won,7 wickets,2023-08-19,Dubai International Cricket Stadium,Neutral,1,1,0,0,0,8,2023,2023-08
Malta,T20I,Malta v Romania,Romania,Won,4 wickets,2023-08-19,"Moara Vlasiei Cricket Ground, Ilfov County",Neutral,1,1,0,0,0,8,2023,2023-08
Romania,T20I,Malta v Romania,Malta,Lost,4 wickets,2023-08-19,"Moara Vlasiei Cricket Ground, Ilfov County",Neutral,1,0,1,0,0,8,2023,2023-08
Malta,T20I,Malta v Romania,Romania,Lost,3 wickets,2023-08-19,"Moara Vlasiei Cricket Ground, Ilfov County",Neutral,1,0,1,0,0,8,2023,2023-08
Romania,T20I,Malta v Romania,Malta,Won,3 wickets,2023-08-19,"Moara Vlasiei Cricket Ground, Ilfov County",Neutral,1,1,0,0,0,8,2023,2023-08
New Zealand,T20I,New Zealand v United Arab Emirates,United Arab Emirates,Won,32 runs,2023-08-20,Dubai International Cricket Stadium,Neutral,1,1,0,0,0,8,2023,2023-08
United Arab Emirates,T20I,New Zealand v United Arab Emirates,New Zealand,Lost,32 runs,2023-08-20,Dubai International Cricket Stadium,Neutral,1,0,1,0,0,8,2023,2023-08
India,T20I,India v Ireland,Ireland,Won,33 runs,2023-08-20,"Malahide, Dublin",Neutral,1,1,0,0,0,8,2023,2023-08
Ireland,T20I,India v Ireland,India,Lost,33 runs,2023-08-20,"Malahide, Dublin",Neutral,1,0,1,0,0,8,2023,2023-08
Malta,T20I,Malta v Romania,Romania,Lost,9 wickets,2023-08-20,"Moara Vlasiei Cricket Ground, Ilfov County",Neutral,1,0,1,0,0,8,2023,2023-08
Romania,T20I,Malta v Romania,Malta,Won,9 wickets,2023-08-20,"Moara Vlasiei Cricket Ground, Ilfov County",Neutral,1,1,0,0,0,8,2023,2023-08
Malta,T20I,Malta v Romania,Romania,Lost,6 runs,2023-08-20,"Moara Vlasiei Cricket Ground, Ilfov County",Neutral,1,0,1,0,0,8,2023,2023-08
Romania,T20I,Malta v Romania,Malta,Won,6 runs,2023-08-20,"Moara Vlasiei Cricket Ground, Ilfov County",Neutral,1,1,0,0,0,8,2023,2023-08
Rwanda,T20I,Rwanda v Uganda,Uganda,Lost,40 runs,2023-08-20,"Gahanga International Cricket Stadium, Rwanda",Neutral,1,0,1,0,0,8,2023,2023-08
Uganda,T20I,Rwanda v Uganda,Rwanda,Won,40 runs,2023-08-20,"Gahanga International Cricket Stadium, Rwanda",Neutral,1,1,0,0,0,8,2023,2023-08
Tanzania,T20I,Tanzania v Uganda,Uganda,Lost,6 wickets,2023-08-20,"Gahanga International Cricket Stadium, Rwanda",Neutral,1,0,1,0,0,8,2023,2023-08
Uganda,T20I,Tanzania v Uganda,Tanzania,Won,6 wickets,2023-08-20,"Gahanga International Cricket Stadium, Rwanda",Neutral,1,1,0,0,0,8,2023,2023-08
Tanzania,T20I,Tanzania v Uganda,Uganda,Won,3 wickets,2023-08-21,"Gahanga International Cricket Stadium, Rwanda",Neutral,1,1,0,0,0,8,2023,2023-08
Uganda,T20I,Tanzania v Uganda,Tanzania,Lost,3 wickets,2023-08-21,"Gahanga International Cricket Stadium, Rwanda",Neutral,1,0,1,0,0,8,2023,2023-08
Rwanda,T20I,Rwanda v Uganda,Uganda,Lost,61 runs,2023-08-22,"Gahanga International Cricket Stadium, Rwanda",Neutral,1,0,1,0,0,8,2023,2023-08
Uganda,T20I,Rwanda v Uganda,Rwanda,Won,61 runs,2023-08-22,"Gahanga International Cricket Stadium, Rwanda",Neutral,1,1,0,0,0,8,2023,2023-08
Rwanda,T20I,Rwanda v Tanzania,Tanzania,Lost,7 wickets,2023-08-22,"Gahanga International Cricket Stadium, Rwanda",Neutral,1,0,1,0,0,8,2023,2023-08
Tanzania,T20I,Rwanda v Tanzania,Rwanda,Won,7 wickets,2023-08-22,"Gahanga International Cricket Stadium, Rwanda",Neutral,1,1,0,0,0,8,2023,2023-08
Rwanda,T20I,Rwanda v Uganda,Uganda,Lost,86 runs,2023-08-24,"Gahanga International Cricket Stadium, Rwanda",Neutral,1,0,1,0,0,8,2023,2023-08
Uganda,T20I,Rwanda v Uganda,Rwanda,Won,86 runs,2023-08-24,"Gahanga International Cricket Stadium, Rwanda",Neutral,1,1,0,0,0,8,2023,2023-08
Tanzania,T20I,Tanzania v Uganda,Uganda,Lost,60 runs,2023-08-24,"Gahanga International Cricket Stadium, Rwanda",Neutral,1,0,1,0,0,8,2023,2023-08
Uganda,T20I,Tanzania v Uganda,Tanzania,Won,60 runs,2023-08-24,"Gahanga International Cricket Stadium, Rwanda",Neutral,1,1,0,0,0,8,2023,2023-08
Rwanda,T20I,Rwanda v Tanzania,Tanzania,Lost,1 wickets,2023-08-25,"Gahanga International Cricket Stadium, Rwanda",Neutral,1,0,1,0,0,8,2023,2023-08
Tanzania,T20I,Rwanda v Tanzania,Rwanda,Won,1 wickets,2023-08-25,"Gahanga International Cricket Stadium, Rwanda",Neutral,1,1,0,0,0,8,2023,2023-08
Tanzania,T20I,Tanzania v Uganda,Uganda,Lost,19 runs,2023-08-25,"Gahanga International Cricket Stadium, Rwanda",Neutral,1,0,1,0,0,8,2023,2023-08
Uganda,T20I,Tanzania v Uganda,Tanzania,Won,19 runs,2023-08-25,"Gahanga International Cricket Stadium, Rwanda",Neutral,1,1,0,0,0,8,2023,2023-08
Rwanda,T20I,Rwanda v Uganda,Uganda,Lost,6 wickets,2023-08-27,"Gahanga International Cricket Stadium, Rwanda",Neutral,1,0,1,0,0,8,2023,2023-08
Uganda,T20I,Rwanda v Uganda,Rwanda,Won,6 wickets,2023-08-27,"Gahanga International Cricket Stadium, Rwanda",Neutral,1,1,0,0,0,8,2023,2023-08
Rwanda,T20I,Rwanda v Tanzania,Tanzania,Lost,9 runs,2023-08-27,"Gahanga International Cricket Stadium, Rwanda",Neutral,1,0,1,0,0,8,2023,2023-08
Tanzania,T20I,Rwanda v Tanzania,Rwanda,Won,9 runs,2023-08-27,"Gahanga International Cricket Stadium, Rwanda",Neutral,1,1,0,0,0,8,2023,2023-08
Tanzania,T20I,Tanzania v Uganda,Uganda,Lost,59 runs,2023-08-28,"Gahanga International Cricket Stadium, Rwanda",Neutral,1,0,1,0,0,8,2023,2023-08
Uganda,T20I,Tanzania v Uganda,Tanzania,Won,59 runs,2023-08-28,"Gahanga International Cricket Stadium, Rwanda",Neutral,1,1,0,0,0,8,2023,2023-08
Rwanda,T20I,Rwanda v Uganda,Uganda,Lost,8 wickets,2023-08-28,"Gahanga International Cricket Stadium, Rwanda",Neutral,1,0,1,0,0,8,2023,2023-08
Uganda,T20I,Rwanda v Uganda,Rwanda,Won,8 wickets,2023-08-28,"Gahanga International Cricket Stadium, Rwanda",Neutral,1,1,0,0,0,8,2023,2023-08
England,T20I,England v New Zealand,New Zealand,Won,7 wickets,2023-08-30,"Riverside Ground, Chester-le-Street",Neutral,1,1,0,0,0,8,2023,2023-08
New Zealand,T20I,England v New Zealand,England,Lost,7 wickets,2023-08-30,"Riverside Ground, Chester-le-Street",Neutral,1,0,1,0,0,8,2023,2023-08
Australia,T20I,Australia v South Africa,South Africa,Won,111 runs,2023-08-30,"Kingsmead, Durban",Neutral,1,1,0,0,0,8,2023,2023-08
South Africa,T20I,Australia v South Africa,Australia,Lost,111 runs,2023-08-30,"Kingsmead, Durban",Neutral,1,0,1,0,0,8,2023,2023-08
Tanzania,T20I,Tanzania v Uganda,Uganda,Lost,19 runs,2023-08-30,"Gahanga International Cricket Stadium, Rwanda",Neutral,1,0,1,0,0,8,2023,2023-08
Uganda,T20I,Tanzania v Uganda,Tanzania,Won,19 runs,2023-08-30,"Gahanga International Cricket Stadium, Rwanda",Neutral,1,1,0,0,0,8,2023,2023-08
Rwanda,T20I,Rwanda v Tanzania,Tanzania,Lost,61 runs,2023-08-30,"Gahanga International Cricket Stadium, Rwanda",Neutral,1,0,1,0,0,8,2023,2023-08
Tanzania,T20I,Rwanda v Tanzania,Rwanda,Won,61 runs,2023-08-30,"Gahanga International Cricket Stadium, Rwanda",Neutral,1,1,0,0,0,8,2023,2023-08
Rwanda,T20I,Rwanda v Uganda,Uganda,Lost,8 wickets,2023-08-31,"Gahanga International Cricket Stadium, Rwanda",Neutral,1,0,1,0,0,8,2023,2023-08
Uganda,T20I,Rwanda v Uganda,Rwanda,Won,8 wickets,2023-08-31,"Gahanga International Cricket Stadium, Rwanda",Neutral,1,1,0,0,0,8,2023,2023-08
Rwanda,T20I,Rwanda v Tanzania,Tanzania,Lost,49 runs,2023-08-31,"Gahanga International Cricket Stadium, Rwanda",Neutral,1,0,1,0,0,8,2023,2023-08
Tanzania,T20I,Rwanda v Tanzania,Rwanda,Won,49 runs,2023-08-31,"Gahanga International Cricket Stadium, Rwanda",Neutral,1,1,0,0,0,8,2023,2023-08
England,T20I,England v New Zealand,New Zealand,Won,95 runs,2023-09-01,"Old Trafford, Manchester",Neutral,1,1,0,0,0,9,2023,2023-09
New Zealand,T20I,England v New Zealand,England,Lost,95 runs,2023-09-01,"Old Trafford, Manchester",Neutral,1,0,1,0,0,9,2023,2023-09
Australia,T20I,Australia v South Africa,South Africa,Won,8 wickets,2023-09-01,"Kingsmead, Durban",Neutral,1,1,0,0,0,9,2023,2023-09
South Africa,T20I,Australia v South Africa,Australia,Lost,8 wickets,2023-09-01,"Kingsmead, Durban",Neutral,1,0,1,0,0,9,2023,2023-09
England,T20I,England v New Zealand,New Zealand,Lost,74 runs,2023-09-03,"Edgbaston, Birmingham",Neutral,1,0,1,0,0,9,2023,2023-09
New Zealand,T20I,England v New Zealand,England,Won,74 runs,2023-09-03,"Edgbaston, Birmingham",Neutral,1,1,0,0,0,9,2023,2023-09
Australia,T20I,Australia v South Africa,South Africa,Won,5 wickets,2023-09-03,"Kingsmead, Durban",Neutral,1,1,0,0,0,9,2023,2023-09
South Africa,T20I,Australia v South Africa,Australia,Lost,5 wickets,2023-09-03,"Kingsmead, Durban",Neutral,1,0,1,0,0,9,2023,2023-09
England,T20I,England v New Zealand,New Zealand,Lost,6 wickets,2023-09-05,"Trent Bridge, Nottingham",Neutral,1,0,1,0,0,9,2023,2023-09
New Zealand,T20I,England v New Zealand,England,Won,6 wickets,2023-09-05,"Trent Bridge, Nottingham",Neutral,1,1,0,0,0,9,2023,2023-09
Kuwait,T20I,Kuwait v Saudi Arabia,Saudi Arabia,Won,5 wickets,2023-09-15,"West End Park International Cricket Stadium, Doha",Neutral,1,1,0,0,0,9,2023,2023-09
Saudi Arabia,T20I,Kuwait v Saudi Arabia,Kuwait,Lost,5 wickets,2023-09-15,"West End Park International Cricket Stadium, Doha",Neutral,1,0,1,0,0,9,2023,2023-09
Bahrain,T20I,Bahrain v Qatar,Qatar,Lost,19 runs,2023-09-15,"West End Park International Cricket Stadium, Doha",Neutral,1,0,1,0,0,9,2023,2023-09
Qatar,T20I,Bahrain v Qatar,Bahrain,Won,19 runs,2023-09-15,"West End Park International Cricket Stadium, Doha",Neutral,1,1,0,0,0,9,2023,2023-09
Bahrain,T20I,Bahrain v Kuwait,Kuwait,Lost,8 wickets,2023-09-16,"West End Park International Cricket Stadium, Doha",Neutral,1,0,1,0,0,9,2023,2023-09
Kuwait,T20I,Bahrain v Kuwait,Bahrain,Won,8 wickets,2023-09-16,"West End Park International Cricket Stadium, Doha",Neutral,1,1,0,0,0,9,2023,2023-09
Kuwait,T20I,Kuwait v Qatar,Qatar,Lost,1 runs,2023-09-18,"West End Park International Cricket Stadium, Doha",Neutral,1,0,1,0,0,9,2023,2023-09
Qatar,T20I,Kuwait v Qatar,Kuwait,Won,1 runs,2023-09-18,"West End Park International Cricket Stadium, Doha",Neutral,1,1,0,0,0,9,2023,2023-09
Bahrain,T20I,Bahrain v Saudi Arabia,Saudi Arabia,Won,6 wickets,2023-09-18,"West End Park International Cricket Stadium, Doha",Neutral,1,1,0,0,0,9,2023,2023-09
Saudi Arabia,T20I,Bahrain v Saudi Arabia,Bahrain,Lost,6 wickets,2023-09-18,"West End Park International Cricket Stadium, Doha",Neutral,1,0,1,0,0,9,2023,2023-09
Bahrain,T20I,Bahrain v Oman,Oman,Won,1 runs,2023-09-19,"West End Park International Cricket Stadium, Doha",Neutral,1,1,0,0,0,9,2023,2023-09
Oman,T20I,Bahrain v Oman,Bahrain,Lost,1 runs,2023-09-19,"West End Park International Cricket Stadium, Doha",Neutral,1,0,1,0,0,9,2023,2023-09
Hong Kong,T20I,Hong Kong v Malaysia,Malaysia,Lost,102 runs,2023-09-19,"Bayuemas Oval, Kuala Lumpur",Neutral,1,0,1,0,0,9,2023,2023-09
Malaysia,T20I,Hong Kong v Malaysia,Hong Kong,Won,102 runs,2023-09-19,"Bayuemas Oval, Kuala Lumpur",Neutral,1,1,0,0,0,9,2023,2023-09
Qatar,T20I,Qatar v United Arab Emirates,United Arab Emirates,Lost,60 runs,2023-09-20,"West End Park International Cricket Stadium, Doha",Neutral,1,0,1,0,0,9,2023,2023-09
United Arab Emirates,T20I,Qatar v United Arab Emirates,Qatar,Won,60 runs,2023-09-20,"West End Park International Cricket Stadium, Doha",Neutral,1,1,0,0,0,9,2023,2023-09
Malaysia,T20I,Malaysia v Papua New Guinea,Papua New Guinea,Lost,45 runs,2023-09-20,"Bayuemas Oval, Kuala Lumpur",Neutral,1,0,1,0,0,9,2023,2023-09
Papua New Guinea,T20I,Malaysia v Papua New Guinea,Malaysia,Won,45 runs,2023-09-20,"Bayuemas Oval, Kuala Lumpur",Neutral,1,1,0,0,0,9,2023,2023-09
Bahrain,T20I,Bahrain v United Arab Emirates,United Arab Emirates,Won,3 runs,2023-09-22,"West End Park International Cricket Stadium, Doha",Neutral,1,1,0,0,0,9,2023,2023-09
United Arab Emirates,T20I,Bahrain v United Arab Emirates,Bahrain,Lost,3 runs,2023-09-22,"West End Park International Cricket Stadium, Doha",Neutral,1,0,1,0,0,9,2023,2023-09
Kuwait,T20I,Kuwait v Oman,Oman,Lost,68 runs,2023-09-22,"West End Park International Cricket Stadium, Doha",Neutral,1,0,1,0,0,9,2023,2023-09
Oman,T20I,Kuwait v Oman,Kuwait,Won,68 runs,2023-09-22,"West End Park International Cricket Stadium, Doha",Neutral,1,1,0,0,0,9,2023,2023-09
Hong Kong,T20I,Hong Kong v Malaysia,Malaysia,Lost,23 runs,2023-09-22,"Bayuemas Oval, Kuala Lumpur",Neutral,1,0,1,0,0,9,2023,2023-09
Malaysia,T20I,Hong Kong v Malaysia,Hong Kong,Won,23 runs,2023-09-22,"Bayuemas Oval, Kuala Lumpur",Neutral,1,1,0,0,0,9,2023,2023-09
Oman,T20I,Oman v United Arab Emirates,United Arab Emirates,Won,5 wickets,2023-09-23,"West End Park International Cricket Stadium, Doha",Neutral,1,1,0,0,0,9,2023,2023-09
United Arab Emirates,T20I,Oman v United Arab Emirates,Oman,Lost,5 wickets,2023-09-23,"West End Park International Cricket Stadium, Doha",Neutral,1,0,1,0,0,9,2023,2023-09
Malaysia,T20I,Malaysia v Papua New Guinea,Papua New Guinea,Lost,4 wickets,2023-09-23,"Bayuemas Oval, Kuala Lumpur",Neutral,1,0,1,0,0,9,2023,2023-09
Papua New Guinea,T20I,Malaysia v Papua New Guinea,Malaysia,Won,4 wickets,2023-09-23,"Bayuemas Oval, Kuala Lumpur",Neutral,1,1,0,0,0,9,2023,2023-09
Hong Kong,T20I,Hong Kong v Papua New Guinea,Papua New Guinea,Lost,1 wickets,2023-09-24,"Bayuemas Oval, Kuala Lumpur",Neutral,1,0,1,0,0,9,2023,2023-09
Papua New Guinea,T20I,Hong Kong v Papua New Guinea,Hong Kong,Won,1 wickets,2023-09-24,"Bayuemas Oval, Kuala Lumpur",Neutral,1,1,0,0,0,9,2023,2023-09
Mongolia,T20I,Mongolia v Nepal,Nepal,Lost,273 runs,2023-09-27,Zhejiang University of Technology Cricket Field,Neutral,1,0,1,0,0,9,2023,2023-09
Nepal,T20I,Mongolia v Nepal,Mongolia,Won,273 runs,2023-09-27,Zhejiang University of Technology Cricket Field,Neutral,1,1,0,0,0,9,2023,2023-09
Kuwait,T20I,Kuwait v Qatar,Qatar,Won,7 wickets,2023-09-28,"West End Park International Cricket Stadium, Doha",Neutral,1,1,0,0,0,9,2023,2023-09
Qatar,T20I,Kuwait v Qatar,Kuwait,Lost,7 wickets,2023-09-28,"West End Park International Cricket Stadium, Doha",Neutral,1,0,1,0,0,9,2023,2023-09
Kuwait,T20I,Kuwait v Maldives,Maldives,Won,7 wickets,2023-09-29,"West End Park International Cricket Stadium, Doha",Neutral,1,1,0,0,0,9,2023,2023-09
Maldives,T20I,Kuwait v Maldives,Kuwait,Lost,7 wickets,2023-09-29,"West End Park International Cricket Stadium, Doha",Neutral,1,0,1,0,0,9,2023,2023-09
Estonia,T20I,Estonia v Gibraltar,Gibraltar,Lost,2 wickets,2023-09-30,Europa Sports Complex,Neutral,1,0,1,0,0,9,2023,2023-09
Gibraltar,T20I,Estonia v Gibraltar,Estonia,Won,2 wickets,2023-09-30,Europa Sports Complex,Neutral,1,1,0,0,0,9,2023,2023-09
Estonia,T20I,Estonia v Gibraltar,Gibraltar,Won,8 wickets,2023-09-30,Europa Sports Complex,Neutral,1,1,0,0,0,9,2023,2023-09
Gibraltar,T20I,Estonia v Gibraltar,Estonia,Lost,8 wickets,2023-09-30,Europa Sports Complex,Neutral,1,0,1,0,0,9,2023,2023-09
Bermuda,T20I,Bermuda v Canada,Canada,Won,86 runs,2023-09-30,"White Hill Field, Sandys Parish",Neutral,1,1,0,0,0,9,2023,2023-09
Canada,T20I,Bermuda v Canada,Bermuda,Lost,86 runs,2023-09-30,"White Hill Field, Sandys Parish",Neutral,1,0,1,0,0,9,2023,2023-09
Cayman Islands,T20I,Cayman Islands v Panama,Panama,Won,7 wickets,2023-09-30,"White Hill Field, Sandys Parish",Neutral,1,1,0,0,0,9,2023,2023-09
Panama,T20I,Cayman Islands v Panama,Cayman Islands,Lost,7 wickets,2023-09-30,"White Hill Field, Sandys Parish",Neutral,1,0,1,0,0,9,2023,2023-09
Maldives,T20I,Maldives v Qatar,Qatar,Lost,9 wickets,2023-10-01,"West End Park International Cricket Stadium, Doha",Neutral,1,0,1,0,0,10,2023,2023-10
Qatar,T20I,Maldives v Qatar,Maldives,Won,9 wickets,2023-10-01,"West End Park International Cricket Stadium, Doha",Neutral,1,1,0,0,0,10,2023,2023-10
Kuwait,T20I,Kuwait v Saudi Arabia,Saudi Arabia,Lost,3 wickets,2023-10-01,"West End Park International Cricket Stadium, Doha",Neutral,1,0,1,0,0,10,2023,2023-10
Saudi Arabia,T20I,Kuwait v Saudi Arabia,Kuwait,Won,3 wickets,2023-10-01,"West End Park International Cricket Stadium, Doha",Neutral,1,1,0,0,0,10,2023,2023-10
Bermuda,T20I,Bermuda v Panama,Panama,Won,7 wickets,2023-10-01,"White Hill Field, Sandys Parish",Neutral,1,1,0,0,0,10,2023,2023-10
Panama,T20I,Bermuda v Panama,Bermuda,Lost,7 wickets,2023-10-01,"White Hill Field, Sandys Parish",Neutral,1,0,1,0,0,10,2023,2023-10
Canada,T20I,Canada v Cayman Islands,Cayman Islands,Won,108 runs,2023-10-01,"White Hill Field, Sandys Parish",Neutral,1,1,0,0,0,10,2023,2023-10
Cayman Islands,T20I,Canada v Cayman Islands,Canada,Lost,108 runs,2023-10-01,"White Hill Field, Sandys Parish",Neutral,1,0,1,0,0,10,2023,2023-10
Kuwait,T20I,Kuwait v Qatar,Qatar,Won,5 wickets,2023-10-02,"West End Park International Cricket Stadium, Doha",Neutral,1,1,0,0,0,10,2023,2023-10
Qatar,T20I,Kuwait v Qatar,Kuwait,Lost,5 wickets,2023-10-02,"West End Park International Cricket Stadium, Doha",Neutral,1,0,1,0,0,10,2023,2023-10
Maldives,T20I,Maldives v Saudi Arabia,Saudi Arabia,Lost,9 wickets,2023-10-02,"West End Park International Cricket Stadium, Doha",Neutral,1,0,1,0,0,10,2023,2023-10
Saudi Arabia,T20I,Maldives v Saudi Arabia,Maldives,Won,9 wickets,2023-10-02,"West End Park International Cricket Stadium, Doha",Neutral,1,1,0,0,0,10,2023,2023-10
India,T20I,India v Nepal,Nepal,Won,23 runs,2023-10-03,Zhejiang University of Technology Cricket Field,Neutral,1,1,0,0,0,10,2023,2023-10
Nepal,T20I,India v Nepal,India,Lost,23 runs,2023-10-03,Zhejiang University of Technology Cricket Field,Neutral,1,0,1,0,0,10,2023,2023-10
Hong Kong,T20I,Hong Kong v Pakistan,Pakistan,Lost,68 runs,2023-10-03,Zhejiang University of Technology Cricket Field,Neutral,1,0,1,0,0,10,2023,2023-10
Pakistan,T20I,Hong Kong v Pakistan,Hong Kong,Won,68 runs,2023-10-03,Zhejiang University of Technology Cricket Field,Neutral,1,1,0,0,0,10,2023,2023-10
Canada,T20I,Canada v Panama,Panama,Won,163 runs,2023-10-03,"National Stadium, Hamilton",Neutral,1,1,0,0,0,10,2023,2023-10
Panama,T20I,Canada v Panama,Canada,Lost,163 runs,2023-10-03,"National Stadium, Hamilton",Neutral,1,0,1,0,0,10,2023,2023-10
Bermuda,T20I,Bermuda v Cayman Islands,Cayman Islands,Won,53 runs,2023-10-03,"National Stadium, Hamilton",Neutral,1,1,0,0,0,10,2023,2023-10
Cayman Islands,T20I,Bermuda v Cayman Islands,Bermuda,Lost,53 runs,2023-10-03,"National Stadium, Hamilton",Neutral,1,0,1,0,0,10,2023,2023-10
Bangladesh,T20I,Bangladesh v Malaysia,Malaysia,Won,2 runs,2023-10-04,Zhejiang University of Technology Cricket Field,Neutral,1,1,0,0,0,10,2023,2023-10
Malaysia,T20I,Bangladesh v Malaysia,Bangladesh,Lost,2 runs,2023-10-04,Zhejiang University of Technology Cricket Field,Neutral,1,0,1,0,0,10,2023,2023-10
Kuwait,T20I,Kuwait v Maldives,Maldives,Won,8 wickets,2023-10-04,"West End Park International Cricket Stadium, Doha",Neutral,1,1,0,0,0,10,2023,2023-10
Maldives,T20I,Kuwait v Maldives,Kuwait,Lost,8 wickets,2023-10-04,"West End Park International Cricket Stadium, Doha",Neutral,1,0,1,0,0,10,2023,2023-10
Canada,T20I,Canada v Cayman Islands,Cayman Islands,Won,166 runs,2023-10-04,"National Stadium, Hamilton",Neutral,1,1,0,0,0,10,2023,2023-10
Cayman Islands,T20I,Canada v Cayman Islands,Canada,Lost,166 runs,2023-10-04,"National Stadium, Hamilton",Neutral,1,0,1,0,0,10,2023,2023-10
Bermuda,T20I,Bermuda v Panama,Panama,Won,5 wickets,2023-10-04,"National Stadium, Hamilton",Neutral,1,1,0,0,0,10,2023,2023-10
Panama,T20I,Bermuda v Panama,Bermuda,Lost,5 wickets,2023-10-04,"National Stadium, Hamilton",Neutral,1,0,1,0,0,10,2023,2023-10
Nigeria,T20I,Nigeria v Rwanda,Rwanda,Won,54 runs,2023-10-04,"Tafawa Balewa Square Cricket Oval, Lagos",Neutral,1,1,0,0,0,10,2023,2023-10
Rwanda,T20I,Nigeria v Rwanda,Nigeria,Lost,54 runs,2023-10-04,"Tafawa Balewa Square Cricket Oval, Lagos",Neutral,1,0,1,0,0,10,2023,2023-10
Ghana,T20I,Ghana v Sierra Leone,Sierra Leone,Won,3 wickets,2023-10-04,"Tafawa Balewa Square Cricket Oval, Lagos",Neutral,1,1,0,0,0,10,2023,2023-10
Sierra Leone,T20I,Ghana v Sierra Leone,Ghana,Lost,3 wickets,2023-10-04,"Tafawa Balewa Square Cricket Oval, Lagos",Neutral,1,0,1,0,0,10,2023,2023-10
Maldives,T20I,Maldives v Qatar,Qatar,Lost,42 runs,2023-10-05,"West End Park International Cricket Stadium, Doha",Neutral,1,0,1,0,0,10,2023,2023-10
Qatar,T20I,Maldives v Qatar,Maldives,Won,42 runs,2023-10-05,"West End Park International Cricket Stadium, Doha",Neutral,1,1,0,0,0,10,2023,2023-10
Kuwait,T20I,Kuwait v Saudi Arabia,Saudi Arabia,Won,4 wickets,2023-10-05,"West End Park International Cricket Stadium, Doha",Neutral,1,1,0,0,0,10,2023,2023-10
Saudi Arabia,T20I,Kuwait v Saudi Arabia,Kuwait,Lost,4 wickets,2023-10-05,"West End Park International Cricket Stadium, Doha",Neutral,1,0,1,0,0,10,2023,2023-10
Gibraltar,T20I,Gibraltar v Serbia,Serbia,Won,7 wickets,2023-10-05,Europa Sports Complex,Neutral,1,1,0,0,0,10,2023,2023-10
Serbia,T20I,Gibraltar v Serbia,Gibraltar,Lost,7 wickets,2023-10-05,Europa Sports Complex,Neutral,1,0,1,0,0,10,2023,2023-10
Gibraltar,T20I,Gibraltar v Serbia,Serbia,Won,7 wickets,2023-10-05,Europa Sports Complex,Neutral,1,1,0,0,0,10,2023,2023-10
Serbia,T20I,Gibraltar v Serbia,Gibraltar,Lost,7 wickets,2023-10-05,Europa Sports Complex,Neutral,1,0,1,0,0,10,2023,2023-10
Nigeria,T20I,Nigeria v Sierra Leone,Sierra Leone,Won,63 runs,2023-10-05,"Tafawa Balewa Square Cricket Oval, Lagos",Neutral,1,1,0,0,0,10,2023,2023-10
Sierra Leone,T20I,Nigeria v Sierra Leone,Nigeria,Lost,63 runs,2023-10-05,"Tafawa Balewa Square Cricket Oval, Lagos",Neutral,1,0,1,0,0,10,2023,2023-10
Ghana,T20I,Ghana v Rwanda,Rwanda,Tied,Tie,2023-10-05,"Tafawa Balewa Square Cricket Oval, Lagos",Neutral,1,0,0,1,0,10,2023,2023-10
Rwanda,T20I,Ghana v Rwanda,Ghana,Tied,Tie,2023-10-05,"Tafawa Balewa Square Cricket Oval, Lagos",Neutral,1,0,0,1,0,10,2023,2023-10
Bangladesh,T20I,Bangladesh v India,India,Lost,9 wickets,2023-10-06,Zhejiang University of Technology Cricket Field,Neutral,1,0,1,0,0,10,2023,2023-10
India,T20I,Bangladesh v India,Bangladesh,Won,9 wickets,2023-10-06,Zhejiang University of Technology Cricket Field,Neutral,1,1,0,0,0,10,2023,2023-10
Ghana,T20I,Ghana v Nigeria,Nigeria,Lost,35 runs,2023-10-06,"Tafawa Balewa Square Cricket Oval, Lagos",Neutral,1,0,1,0,0,10,2023,2023-10
Nigeria,T20I,Ghana v Nigeria,Ghana,Won,35 runs,2023-10-06,"Tafawa Balewa Square Cricket Oval, Lagos",Neutral,1,1,0,0,0,10,2023,2023-10
Rwanda,T20I,Rwanda v Sierra Leone,Sierra Leone,Won,33 runs,2023-10-06,"Tafawa Balewa Square Cricket Oval, Lagos",Neutral,1,1,0,0,0,10,2023,2023-10
Sierra Leone,T20I,Rwanda v Sierra Leone,Rwanda,Lost,33 runs,2023-10-06,"Tafawa Balewa Square Cricket Oval, Lagos",Neutral,1,0,1,0,0,10,2023,2023-10
Bangladesh,T20I,Bangladesh v Pakistan,Pakistan,Won,6 wickets,2023-10-07,Zhejiang University of Technology Cricket Field,Neutral,1,1,0,0,0,10,2023,2023-10
Pakistan,T20I,Bangladesh v Pakistan,Bangladesh,Lost,6 wickets,2023-10-07,Zhejiang University of Technology Cricket Field,Neutral,1,0,1,0,0,10,2023,2023-10
Bermuda,T20I,Bermuda v Canada,Canada,Lost,39 runs,2023-10-07,"National Stadium, Hamilton",Neutral,1,0,1,0,0,10,2023,2023-10
Canada,T20I,Bermuda v Canada,Bermuda,Won,39 runs,2023-10-07,"National Stadium, Hamilton",Neutral,1,1,0,0,0,10,2023,2023-10
Nigeria,T20I,Nigeria v Rwanda,Rwanda,Won,6 wickets,2023-10-07,"Tafawa Balewa Square Cricket Oval, Lagos",Neutral,1,1,0,0,0,10,2023,2023-10
Rwanda,T20I,Nigeria v Rwanda,Nigeria,Lost,6 wickets,2023-10-07,"Tafawa Balewa Square Cricket Oval, Lagos",Neutral,1,0,1,0,0,10,2023,2023-10
Nigeria,T20I,Nigeria v Sierra Leone,Sierra Leone,Won,9 wickets,2023-10-08,"Tafawa Balewa Square Cricket Oval, Lagos",Neutral,1,1,0,0,0,10,2023,2023-10
Sierra Leone,T20I,Nigeria v Sierra Leone,Nigeria,Lost,9 wickets,2023-10-08,"Tafawa Balewa Square Cricket Oval, Lagos",Neutral,1,0,1,0,0,10,2023,2023-10
Ghana,T20I,Ghana v Rwanda,Rwanda,Lost,47 runs,2023-10-08,"Tafawa Balewa Square Cricket Oval, Lagos",Neutral,1,0,1,0,0,10,2023,2023-10
Rwanda,T20I,Ghana v Rwanda,Ghana,Won,47 runs,2023-10-08,"Tafawa Balewa Square Cricket Oval, Lagos",Neutral,1,1,0,0,0,10,2023,2023-10
Ghana,T20I,Ghana v Nigeria,Nigeria,Lost,82 runs,2023-10-10,"Tafawa Balewa Square Cricket Oval, Lagos",Neutral,1,0,1,0,0,10,2023,2023-10
Nigeria,T20I,Ghana v Nigeria,Ghana,Won,82 runs,2023-10-10,"Tafawa Balewa Square Cricket Oval, Lagos",Neutral,1,1,0,0,0,10,2023,2023-10
Rwanda,T20I,Rwanda v Sierra Leone,Sierra Leone,Lost,2 runs,2023-10-10,"Tafawa Balewa Square Cricket Oval, Lagos",Neutral,1,0,1,0,0,10,2023,2023-10
Sierra Leone,T20I,Rwanda v Sierra Leone,Rwanda,Won,2 runs,2023-10-10,"Tafawa Balewa Square Cricket Oval, Lagos",Neutral,1,1,0,0,0,10,2023,2023-10
Ghana,T20I,Ghana v Nigeria,Nigeria,Lost,5 wickets,2023-10-11,"Tafawa Balewa Square Cricket Oval, Lagos",Neutral,1,0,1,0,0,10,2023,2023-10
Nigeria,T20I,Ghana v Nigeria,Ghana,Won,5 wickets,2023-10-11,"Tafawa Balewa Square Cricket Oval, Lagos",Neutral,1,1,0,0,0,10,2023,2023-10
Rwanda,T20I,Rwanda v Sierra Leone,Sierra Leone,Won,5 wickets,2023-10-11,"Tafawa Balewa Square Cricket Oval, Lagos",Neutral,1,1,0,0,0,10,2023,2023-10
Sierra Leone,T20I,Rwanda v Sierra Leone,Rwanda,Lost,5 wickets,2023-10-11,"Tafawa Balewa Square Cricket Oval, Lagos",Neutral,1,0,1,0,0,10,2023,2023-10
Ghana,T20I,Ghana v Rwanda,Rwanda,Lost,9 wickets,2023-10-12,"Tafawa Balewa Square Cricket Oval, Lagos",Neutral,1,0,1,0,0,10,2023,2023-10
Rwanda,T20I,Ghana v Rwanda,Ghana,Won,9 wickets,2023-10-12,"Tafawa Balewa Square Cricket Oval, Lagos",Neutral,1,1,0,0,0,10,2023,2023-10
Nigeria,T20I,Nigeria v Sierra Leone,Sierra Leone,Won,53 runs,2023-10-12,"Tafawa Balewa Square Cricket Oval, Lagos",Neutral,1,1,0,0,0,10,2023,2023-10
Sierra Leone,T20I,Nigeria v Sierra Leone,Nigeria,Lost,53 runs,2023-10-12,"Tafawa Balewa Square Cricket Oval, Lagos",Neutral,1,0,1,0,0,10,2023,2023-10
Nigeria,T20I,Nigeria v Rwanda,Rwanda,Won,8 wickets,2023-10-14,"Tafawa Balewa Square Cricket Oval, Lagos",Neutral,1,1,0,0,0,10,2023,2023-10
Rwanda,T20I,Nigeria v Rwanda,Nigeria,Lost,8 wickets,2023-10-14,"Tafawa Balewa Square Cricket Oval, Lagos",Neutral,1,0,1,0,0,10,2023,2023-10
Ghana,T20I,Ghana v Sierra Leone,Sierra Leone,Won,5 runs,2023-10-14,"Tafawa Balewa Square Cricket Oval, Lagos",Neutral,1,1,0,0,0,10,2023,2023-10
Sierra Leone,T20I,Ghana v Sierra Leone,Ghana,Lost,5 runs,2023-10-14,"Tafawa Balewa Square Cricket Oval, Lagos",Neutral,1,0,1,0,0,10,2023,2023-10
Gibraltar,T20I,Gibraltar v Luxembourg,Luxembourg,Won,24 runs,2023-10-15,Europa Sports Complex,Neutral,1,1,0,0,0,10,2023,2023-10
Luxembourg,T20I,Gibraltar v Luxembourg,Gibraltar,Lost,24 runs,2023-10-15,Europa Sports Complex,Neutral,1,0,1,0,0,10,2023,2023-10
Gibraltar,T20I,Gibraltar v Luxembourg,Luxembourg,Lost,11 runs,2023-10-15,Europa Sports Complex,Neutral,1,0,1,0,0,10,2023,2023-10
Luxembourg,T20I,Gibraltar v Luxembourg,Gibraltar,Won,11 runs,2023-10-15,Europa Sports Complex,Neutral,1,1,0,0,0,10,2023,2023-10
Ghana,T20I,Ghana v Sierra Leone,Sierra Leone,Lost,6 wickets,2023-10-15,"Tafawa Balewa Square Cricket Oval, Lagos",Neutral,1,0,1,0,0,10,2023,2023-10
Sierra Leone,T20I,Ghana v Sierra Leone,Ghana,Won,6 wickets,2023-10-15,"Tafawa Balewa Square Cricket Oval, Lagos",Neutral,1,1,0,0,0,10,2023,2023-10
Nigeria,T20I,Nigeria v Rwanda,Rwanda,Won,17 runs,2023-10-15,"Tafawa Balewa Square Cricket Oval, Lagos",Neutral,1,1,0,0,0,10,2023,2023-10
Rwanda,T20I,Nigeria v Rwanda,Nigeria,Lost,17 runs,2023-10-15,"Tafawa Balewa Square Cricket Oval, Lagos",Neutral,1,0,1,0,0,10,2023,2023-10
Nepal,T20I,Nepal v United Arab Emirates,United Arab Emirates,Won,7 wickets,2023-10-18,Mulpani Cricket Ground,Neutral,1,1,0,0,0,10,2023,2023-10
United Arab Emirates,T20I,Nepal v United Arab Emirates,Nepal,Lost,7 wickets,2023-10-18,Mulpani Cricket Ground,Neutral,1,0,1,0,0,10,2023,2023-10
Chile,T20I,Chile v Mexico,Mexico,Lost,5 wickets,2023-10-18,St Georges Quilmes,Neutral,1,0,1,0,0,10,2023,2023-10
Mexico,T20I,Chile v Mexico,Chile,Won,5 wickets,2023-10-18,St Georges Quilmes,Neutral,1,1,0,0,0,10,2023,2023-10
Hong Kong,T20I,Hong Kong v Nepal,Nepal,Lost,6 wickets,2023-10-19,Mulpani Cricket Ground,Neutral,1,0,1,0,0,10,2023,2023-10
Nepal,T20I,Hong Kong v Nepal,Hong Kong,Won,6 wickets,2023-10-19,Mulpani Cricket Ground,Neutral,1,1,0,0,0,10,2023,2023-10
Argentina,T20I,Argentina v Mexico,Mexico,Won,4 wickets,2023-10-19,St Georges Quilmes,Neutral,1,1,0,0,0,10,2023,2023-10
Mexico,T20I,Argentina v Mexico,Argentina,Lost,4 wickets,2023-10-19,St Georges Quilmes,Neutral,1,0,1,0,0,10,2023,2023-10
Argentina,T20I,Argentina v Chile,Chile,Won,10 wickets,2023-10-20,St Georges Quilmes,Neutral,1,1,0,0,0,10,2023,2023-10
Chile,T20I,Argentina v Chile,Argentina,Lost,10 wickets,2023-10-20,St Georges Quilmes,Neutral,1,0,1,0,0,10,2023,2023-10
Hong Kong,T20I,Hong Kong v Nepal,Nepal,Lost,79 runs,2023-10-21,Mulpani Cricket Ground,Neutral,1,0,1,0,0,10,2023,2023-10
Nepal,T20I,Hong Kong v Nepal,Hong Kong,Won,79 runs,2023-10-21,Mulpani Cricket Ground,Neutral,1,1,0,0,0,10,2023,2023-10
Hong Kong,T20I,Hong Kong v United Arab Emirates,United Arab Emirates,Lost,6 wickets,2023-10-22,Mulpani Cricket Ground,Neutral,1,0,1,0,0,10,2023,2023-10
United Arab Emirates,T20I,Hong Kong v United Arab Emirates,Hong Kong,Won,6 wickets,2023-10-22,Mulpani Cricket Ground,Neutral,1,1,0,0,0,10,2023,2023-10
Nepal,T20I,Nepal v United Arab Emirates,United Arab Emirates,Won,5 wickets,2023-10-23,Mulpani Cricket Ground,Neutral,1,1,0,0,0,10,2023,2023-10
United Arab Emirates,T20I,Nepal v United Arab Emirates,Nepal,Lost,5 wickets,2023-10-23,Mulpani Cricket Ground,Neutral,1,0,1,0,0,10,2023,2023-10
Namibia,T20I,Namibia v Zimbabwe,Zimbabwe,Won,7 wickets,2023-10-24,"Wanderers Cricket Ground, Windhoek",Neutral,1,1,0,0,0,10,2023,2023-10
Zimbabwe,T20I,Namibia v Zimbabwe,Namibia,Lost,7 wickets,2023-10-24,"Wanderers Cricket Ground, Windhoek",Neutral,1,0,1,0,0,10,2023,2023-10
Hong Kong,T20I,Hong Kong v United Arab Emirates,United Arab Emirates,Won,69 runs,2023-10-25,Mulpani Cricket Ground,Neutral,1,1,0,0,0,10,2023,2023-10
United Arab Emirates,T20I,Hong Kong v United Arab Emirates,Hong Kong,Lost,69 runs,2023-10-25,Mulpani Cricket Ground,Neutral,1,0,1,0,0,10,2023,2023-10
Namibia,T20I,Namibia v Zimbabwe,Zimbabwe,Lost,5 wickets,2023-10-25,"Wanderers Cricket Ground, Windhoek",Neutral,1,0,1,0,0,10,2023,2023-10
Zimbabwe,T20I,Namibia v Zimbabwe,Namibia,Won,5 wickets,2023-10-25,"Wanderers Cricket Ground, Windhoek",Neutral,1,1,0,0,0,10,2023,2023-10
Nepal,T20I,Nepal v United Arab Emirates,United Arab Emirates,Lost,4 wickets,2023-10-27,"Tribhuvan University International Cricket Ground, Kirtipur",Neutral,1,0,1,0,0,10,2023,2023-10
United Arab Emirates,T20I,Nepal v United Arab Emirates,Nepal,Won,4 wickets,2023-10-27,"Tribhuvan University International Cricket Ground, Kirtipur",Neutral,1,1,0,0,0,10,2023,2023-10
Namibia,T20I,Namibia v Zimbabwe,Zimbabwe,Lost,6 wickets,2023-10-27,"United Cricket Club Ground, Windhoek",Neutral,1,0,1,0,0,10,2023,2023-10
Zimbabwe,T20I,Namibia v Zimbabwe,Namibia,Won,6 wickets,2023-10-27,"United Cricket Club Ground, Windhoek",Neutral,1,1,0,0,0,10,2023,2023-10
Namibia,T20I,Namibia v Zimbabwe,Zimbabwe,Won,7 wickets,2023-10-29,"United Cricket Club Ground, Windhoek",Neutral,1,1,0,0,0,10,2023,2023-10
Zimbabwe,T20I,Namibia v Zimbabwe,Namibia,Lost,7 wickets,2023-10-29,"United Cricket Club Ground, Windhoek",Neutral,1,0,1,0,0,10,2023,2023-10
Namibia,T20I,Namibia v Zimbabwe,Zimbabwe,Won,8 runs,2023-10-30,"United Cricket Club Ground, Windhoek",Neutral,1,1,0,0,0,10,2023,2023-10
Zimbabwe,T20I,Namibia v Zimbabwe,Namibia,Lost,8 runs,2023-10-30,"United Cricket Club Ground, Windhoek",Neutral,1,0,1,0,0,10,2023,2023-10
Bahrain,T20I,Bahrain v United Arab Emirates,United Arab Emirates,Lost,5 wickets,2023-10-30,Mulpani Cricket Ground,Neutral,1,0,1,0,0,10,2023,2023-10
United Arab Emirates,T20I,Bahrain v United Arab Emirates,Bahrain,Won,5 wickets,2023-10-30,Mulpani Cricket Ground,Neutral,1,1,0,0,0,10,2023,2023-10
Nepal,T20I,Nepal v Singapore,Singapore,Won,8 wickets,2023-10-30,"Tribhuvan University International Cricket Ground, Kirtipur",Neutral,1,1,0,0,0,10,2023,2023-10
Singapore,T20I,Nepal v Singapore,Nepal,Lost,8 wickets,2023-10-30,"Tribhuvan University International Cricket Ground, Kirtipur",Neutral,1,0,1,0,0,10,2023,2023-10
Malaysia,T20I,Malaysia v Oman,Oman,Lost,32 runs,2023-10-30,"Tribhuvan University International Cricket Ground, Kirtipur",Neutral,1,0,1,0,0,10,2023,2023-10
Oman,T20I,Malaysia v Oman,Malaysia,Won,32 runs,2023-10-30,"Tribhuvan University International Cricket Ground, Kirtipur",Neutral,1,1,0,0,0,10,2023,2023-10
Hong Kong,T20I,Hong Kong v Kuwait,Kuwait,Won,16 runs,2023-10-30,Mulpani Cricket Ground,Neutral,1,1,0,0,0,10,2023,2023-10
Kuwait,T20I,Hong Kong v Kuwait,Hong Kong,Lost,16 runs,2023-10-30,Mulpani Cricket Ground,Neutral,1,0,1,0,0,10,2023,2023-10
Oman,T20I,Oman v Singapore,Singapore,Won,22 runs,2023-10-31,"Tribhuvan University International Cricket Ground, Kirtipur",Neutral,1,1,0,0,0,10,2023,2023-10
Singapore,T20I,Oman v Singapore,Oman,Lost,22 runs,2023-10-31,"Tribhuvan University International Cricket Ground, Kirtipur",Neutral,1,0,1,0,0,10,2023,2023-10
Bahrain,T20I,Bahrain v Hong Kong,Hong Kong,Won,20 runs,2023-10-31,Mulpani Cricket Ground,Neutral,1,1,0,0,0,10,2023,2023-10
Hong Kong,T20I,Bahrain v Hong Kong,Bahrain,Lost,20 runs,2023-10-31,Mulpani Cricket Ground,Neutral,1,0,1,0,0,10,2023,2023-10
Malaysia,T20I,Malaysia v Nepal,Nepal,Lost,6 wickets,2023-10-31,"Tribhuvan University International Cricket Ground, Kirtipur",Neutral,1,0,1,0,0,10,2023,2023-10
Nepal,T20I,Malaysia v Nepal,Malaysia,Won,6 wickets,2023-10-31,"Tribhuvan University International Cricket Ground, Kirtipur",Neutral,1,1,0,0,0,10,2023,2023-10
Kuwait,T20I,Kuwait v United Arab Emirates,United Arab Emirates,Lost,5 wickets,2023-10-31,Mulpani Cricket Ground,Neutral,1,0,1,0,0,10,2023,2023-10
United Arab Emirates,T20I,Kuwait v United Arab Emirates,Kuwait,Won,5 wickets,2023-10-31,Mulpani Cricket Ground,Neutral,1,1,0,0,0,10,2023,2023-10
Nepal,T20I,Nepal v Oman,Oman,Lost,5 runs,2023-11-02,"Tribhuvan University International Cricket Ground, Kirtipur",Neutral,1,0,1,0,0,11,2023,2023-11
Oman,T20I,Nepal v Oman,Nepal,Won,5 runs,2023-11-02,"Tribhuvan University International Cricket Ground, Kirtipur",Neutral,1,1,0,0,0,11,2023,2023-11
Hong Kong,T20I,Hong Kong v United Arab Emirates,United Arab Emirates,Lost,22 runs,2023-11-02,Mulpani Cricket Ground,Neutral,1,0,1,0,0,11,2023,2023-11
United Arab Emirates,T20I,Hong Kong v United Arab Emirates,Hong Kong,Won,22 runs,2023-11-02,Mulpani Cricket Ground,Neutral,1,1,0,0,0,11,2023,2023-11
Malaysia,T20I,Malaysia v Singapore,Singapore,Won,60 runs,2023-11-02,"Tribhuvan University International Cricket Ground, Kirtipur",Neutral,1,1,0,0,0,11,2023,2023-11
Singapore,T20I,Malaysia v Singapore,Malaysia,Lost,60 runs,2023-11-02,"Tribhuvan University International Cricket Ground, Kirtipur",Neutral,1,0,1,0,0,11,2023,2023-11
Bahrain,T20I,Bahrain v Kuwait,Kuwait,Lost,4 wickets,2023-11-02,Mulpani Cricket Ground,Neutral,1,0,1,0,0,11,2023,2023-11
Kuwait,T20I,Bahrain v Kuwait,Bahrain,Won,4 wickets,2023-11-02,Mulpani Cricket Ground,Neutral,1,1,0,0,0,11,2023,2023-11
Bahrain,T20I,Bahrain v Oman,Oman,Lost,10 wickets,2023-11-03,"Tribhuvan University International Cricket Ground, Kirtipur",Neutral,1,0,1,0,0,11,2023,2023-11
Oman,T20I,Bahrain v Oman,Bahrain,Won,10 wickets,2023-11-03,"Tribhuvan University International Cricket Ground, Kirtipur",Neutral,1,1,0,0,0,11,2023,2023-11
Nepal,T20I,Nepal v United Arab Emirates,United Arab Emirates,Won,8 wickets,2023-11-03,Mulpani Cricket Ground,Neutral,1,1,0,0,0,11,2023,2023-11
United Arab Emirates,T20I,Nepal v United Arab Emirates,Nepal,Lost,8 wickets,2023-11-03,Mulpani Cricket Ground,Neutral,1,0,1,0,0,11,2023,2023-11
Nepal,T20I,Nepal v Oman,Oman,Tied,Tie,2023-11-05,"Tribhuvan University International Cricket Ground, Kirtipur",Neutral,1,0,0,1,0,11,2023,2023-11
Oman,T20I,Nepal v Oman,Nepal,Tied,Tie,2023-11-05,"Tribhuvan University International Cricket Ground, Kirtipur",Neutral,1,0,0,1,0,11,2023,2023-11
Cambodia,T20I,Cambodia v Indonesia,Indonesia,Lost,7 wickets,2023-11-20,Udayana Cricket Ground,Neutral,1,0,1,0,0,11,2023,2023-11
Indonesia,T20I,Cambodia v Indonesia,Cambodia,Won,7 wickets,2023-11-20,Udayana Cricket Ground,Neutral,1,1,0,0,0,11,2023,2023-11
Cambodia,T20I,Cambodia v Indonesia,Indonesia,Lost,8 wickets,2023-11-20,Udayana Cricket Ground,Neutral,1,0,1,0,0,11,2023,2023-11
Indonesia,T20I,Cambodia v Indonesia,Cambodia,Won,8 wickets,2023-11-20,Udayana Cricket Ground,Neutral,1,1,0,0,0,11,2023,2023-11
Cambodia,T20I,Cambodia v Indonesia,Indonesia,Won,8 wickets,2023-11-21,Udayana Cricket Ground,Neutral,1,1,0,0,0,11,2023,2023-11
Indonesia,T20I,Cambodia v Indonesia,Cambodia,Lost,8 wickets,2023-11-21,Udayana Cricket Ground,Neutral,1,0,1,0,0,11,2023,2023-11
Cambodia,T20I,Cambodia v Indonesia,Indonesia,Lost,104 runs,2023-11-21,Udayana Cricket Ground,Neutral,1,0,1,0,0,11,2023,2023-11
Indonesia,T20I,Cambodia v Indonesia,Cambodia,Won,104 runs,2023-11-21,Udayana Cricket Ground,Neutral,1,1,0,0,0,11,2023,2023-11
Kenya,T20I,Kenya v Rwanda,Rwanda,Won,17 runs,2023-11-22,"United Cricket Club Ground, Windhoek",Neutral,1,1,0,0,0,11,2023,2023-11
Rwanda,T20I,Kenya v Rwanda,Kenya,Lost,17 runs,2023-11-22,"United Cricket Club Ground, Windhoek",Neutral,1,0,1,0,0,11,2023,2023-11
Tanzania,T20I,Tanzania v Uganda,Uganda,Lost,8 wickets,2023-11-22,"Wanderers Cricket Ground, Windhoek",Neutral,1,0,1,0,0,11,2023,2023-11
Uganda,T20I,Tanzania v Uganda,Tanzania,Won,8 wickets,2023-11-22,"Wanderers Cricket Ground, Windhoek",Neutral,1,1,0,0,0,11,2023,2023-11
Namibia,T20I,Namibia v Zimbabwe,Zimbabwe,Won,7 wickets,2023-11-22,"Wanderers Cricket Ground, Windhoek",Neutral,1,1,0,0,0,11,2023,2023-11
Zimbabwe,T20I,Namibia v Zimbabwe,Namibia,Lost,7 wickets,2023-11-22,"Wanderers Cricket Ground, Windhoek",Neutral,1,0,1,0,0,11,2023,2023-11
Cambodia,T20I,Cambodia v Indonesia,Indonesia,Won,7 wickets,2023-11-22,Udayana Cricket Ground,Neutral,1,1,0,0,0,11,2023,2023-11
Indonesia,T20I,Cambodia v Indonesia,Cambodia,Lost,7 wickets,2023-11-22,Udayana Cricket Ground,Neutral,1,0,1,0,0,11,2023,2023-11
Australia,T20I,Australia v India,India,Lost,2 wickets,2023-11-23,"Dr. Y.S. Rajasekhara Reddy ACA-VDCA Cricket Stadium, Visakhapatnam",Neutral,1,0,1,0,0,11,2023,2023-11
India,T20I,Australia v India,Australia,Won,2 wickets,2023-11-23,"Dr. Y.S. Rajasekhara Reddy ACA-VDCA Cricket Stadium, Visakhapatnam",Neutral,1,1,0,0,0,11,2023,2023-11
Kenya,T20I,Kenya v Nigeria,Nigeria,Won,4 wickets,2023-11-23,"United Cricket Club Ground, Windhoek",Neutral,1,1,0,0,0,11,2023,2023-11
Nigeria,T20I,Kenya v Nigeria,Kenya,Lost,4 wickets,2023-11-23,"United Cricket Club Ground, Windhoek",Neutral,1,0,1,0,0,11,2023,2023-11
Tanzania,T20I,Tanzania v Zimbabwe,Zimbabwe,Lost,9 wickets,2023-11-23,"United Cricket Club Ground, Windhoek",Neutral,1,0,1,0,0,11,2023,2023-11
Zimbabwe,T20I,Tanzania v Zimbabwe,Tanzania,Won,9 wickets,2023-11-23,"United Cricket Club Ground, Windhoek",Neutral,1,1,0,0,0,11,2023,2023-11
Cambodia,T20I,Cambodia v Indonesia,Indonesia,Lost,,2023-11-23,Udayana Cricket Ground,Neutral,1,0,1,0,0,11,2023,2023-11
Indonesia,T20I,Cambodia v Indonesia,Cambodia,Won,,2023-11-23,Udayana Cricket Ground,Neutral,1,1,0,0,0,11,2023,2023-11
Nigeria,T20I,Nigeria v Rwanda,Rwanda,No Result,No Result,2023-11-24,"Wanderers Cricket Ground, Windhoek",Neutral,1,0,0,0,1,11,2023,2023-11
Rwanda,T20I,Nigeria v Rwanda,Nigeria,No Result,No Result,2023-11-24,"Wanderers Cricket Ground, Windhoek",Neutral,1,0,0,0,1,11,2023,2023-11
Namibia,T20I,Namibia v Uganda,Uganda,Won,6 wickets,2023-11-24,"Wanderers Cricket Ground, Windhoek",Neutral,1,1,0,0,0,11,2023,2023-11
Uganda,T20I,Namibia v Uganda,Namibia,Lost,6 wickets,2023-11-24,"Wanderers Cricket Ground, Windhoek",Neutral,1,0,1,0,0,11,2023,2023-11
Kenya,T20I,Kenya v Tanzania,Tanzania,Won,50 runs,2023-11-25,"Wanderers Cricket Ground, Windhoek",Neutral,1,1,0,0,0,11,2023,2023-11
Tanzania,T20I,Kenya v Tanzania,Kenya,Lost,50 runs,2023-11-25,"Wanderers Cricket Ground, Windhoek",Neutral,1,0,1,0,0,11,2023,2023-11
Namibia,T20I,Namibia v Rwanda,Rwanda,Won,68 runs,2023-11-25,"Wanderers Cricket Ground, Windhoek",Neutral,1,1,0,0,0,11,2023,2023-11
Rwanda,T20I,Namibia v Rwanda,Namibia,Lost,68 runs,2023-11-25,"Wanderers Cricket Ground, Windhoek",Neutral,1,0,1,0,0,11,2023,2023-11
Australia,T20I,Australia v India,India,Lost,44 runs,2023-11-26,"Greenfield International Stadium, Thiruvananthapuram",Neutral,1,0,1,0,0,11,2023,2023-11
India,T20I,Australia v India,Australia,Won,44 runs,2023-11-26,"Greenfield International Stadium, Thiruvananthapuram",Neutral,1,1,0,0,0,11,2023,2023-11
Nigeria,T20I,Nigeria v Tanzania,Tanzania,Won,3 wickets,2023-11-26,"United Cricket Club Ground, Windhoek",Neutral,1,1,0,0,0,11,2023,2023-11
Tanzania,T20I,Nigeria v Tanzania,Nigeria,Lost,3 wickets,2023-11-26,"United Cricket Club Ground, Windhoek",Neutral,1,0,1,0,0,11,2023,2023-11
Uganda,T20I,Uganda v Zimbabwe,Zimbabwe,Won,5 wickets,2023-11-26,"United Cricket Club Ground, Windhoek",Neutral,1,1,0,0,0,11,2023,2023-11
Zimbabwe,T20I,Uganda v Zimbabwe,Uganda,Lost,5 wickets,2023-11-26,"United Cricket Club Ground, Windhoek",Neutral,1,0,1,0,0,11,2023,2023-11
Nigeria,T20I,Nigeria v Uganda,Uganda,Lost,9 wickets,2023-11-27,"United Cricket Club Ground, Windhoek",Neutral,1,0,1,0,0,11,2023,2023-11
Uganda,T20I,Nigeria v Uganda,Nigeria,Won,9 wickets,2023-11-27,"United Cricket Club Ground, Windhoek",Neutral,1,1,0,0,0,11,2023,2023-11
Rwanda,T20I,Rwanda v Zimbabwe,Zimbabwe,Lost,144 runs,2023-11-27,"Wanderers Cricket Ground, Windhoek",Neutral,1,0,1,0,0,11,2023,2023-11
Zimbabwe,T20I,Rwanda v Zimbabwe,Rwanda,Won,144 runs,2023-11-27,"Wanderers Cricket Ground, Windhoek",Neutral,1,1,0,0,0,11,2023,2023-11
Kenya,T20I,Kenya v Namibia,Namibia,Lost,6 wickets,2023-11-27,"United Cricket Club Ground, Windhoek",Neutral,1,0,1,0,0,11,2023,2023-11
Namibia,T20I,Kenya v Namibia,Kenya,Won,6 wickets,2023-11-27,"United Cricket Club Ground, Windhoek",Neutral,1,1,0,0,0,11,2023,2023-11
Australia,T20I,Australia v India,India,Won,5 wickets,2023-11-28,"Barsapara Cricket Stadium, Guwahati",Neutral,1,1,0,0,0,11,2023,2023-11
India,T20I,Australia v India,Australia,Lost,5 wickets,2023-11-28,"Barsapara Cricket Stadium, Guwahati",Neutral,1,0,1,0,0,11,2023,2023-11
Namibia,T20I,Namibia v Tanzania,Tanzania,Won,58 runs,2023-11-28,"Wanderers Cricket Ground, Windhoek",Neutral,1,1,0,0,0,11,2023,2023-11
Tanzania,T20I,Namibia v Tanzania,Namibia,Lost,58 runs,2023-11-28,"Wanderers Cricket Ground, Windhoek",Neutral,1,0,1,0,0,11,2023,2023-11
Nigeria,T20I,Nigeria v Zimbabwe,Zimbabwe,Lost,6 wickets,2023-11-29,"United Cricket Club Ground, Windhoek",Neutral,1,0,1,0,0,11,2023,2023-11
Zimbabwe,T20I,Nigeria v Zimbabwe,Nigeria,Won,6 wickets,2023-11-29,"United Cricket Club Ground, Windhoek",Neutral,1,1,0,0,0,11,2023,2023-11
Rwanda,T20I,Rwanda v Tanzania,Tanzania,Lost,51 runs,2023-11-29,"Wanderers Cricket Ground, Windhoek",Neutral,1,0,1,0,0,11,2023,2023-11
Tanzania,T20I,Rwanda v Tanzania,Rwanda,Won,51 runs,2023-11-29,"Wanderers Cricket Ground, Windhoek",Neutral,1,1,0,0,0,11,2023,2023-11
Kenya,T20I,Kenya v Uganda,Uganda,Lost,33 runs,2023-11-29,"Wanderers Cricket Ground, Windhoek",Neutral,1,0,1,0,0,11,2023,2023-11
Uganda,T20I,Kenya v Uganda,Kenya,Won,33 runs,2023-11-29,"Wanderers Cricket Ground, Windhoek",Neutral,1,1,0,0,0,11,2023,2023-11
Kenya,T20I,Kenya v Zimbabwe,Zimbabwe,Lost,110 runs,2023-11-30,"United Cricket Club Ground, Windhoek",Neutral,1,0,1,0,0,11,2023,2023-11
Zimbabwe,T20I,Kenya v Zimbabwe,Kenya,Won,110 runs,2023-11-30,"United Cricket Club Ground, Windhoek",Neutral,1,1,0,0,0,11,2023,2023-11
Rwanda,T20I,Rwanda v Uganda,Uganda,Lost,9 wickets,2023-11-30,"Wanderers Cricket Ground, Windhoek",Neutral,1,0,1,0,0,11,2023,2023-11
Uganda,T20I,Rwanda v Uganda,Rwanda,Won,9 wickets,2023-11-30,"Wanderers Cricket Ground, Windhoek",Neutral,1,1,0,0,0,11,2023,2023-11
Namibia,T20I,Namibia v Nigeria,Nigeria,Won,8 wickets,2023-11-30,"Wanderers Cricket Ground, Windhoek",Neutral,1,1,0,0,0,11,2023,2023-11
Nigeria,T20I,Namibia v Nigeria,Namibia,Lost,8 wickets,2023-11-30,"Wanderers Cricket Ground, Windhoek",Neutral,1,0,1,0,0,11,2023,2023-11
Australia,T20I,Australia v India,India,Lost,20 runs,2023-12-01,"Shaheed Veer Narayan Singh International Stadium, Raipur",Neutral,1,0,1,0,0,12,2023,2023-12
India,T20I,Australia v India,Australia,Won,20 runs,2023-12-01,"Shaheed Veer Narayan Singh International Stadium, Raipur",Neutral,1,1,0,0,0,12,2023,2023-12
Australia,T20I,Australia v India,India,Lost,6 runs,2023-12-03,"M Chinnaswamy Stadium, Bengaluru",Neutral,1,0,1,0,0,12,2023,2023-12
India,T20I,Australia v India,Australia,Won,6 runs,2023-12-03,"M Chinnaswamy Stadium, Bengaluru",Neutral,1,1,0,0,0,12,2023,2023-12
Ireland,T20I,Ireland v Zimbabwe,Zimbabwe,Lost,1 wickets,2023-12-07,Harare Sports Club,Neutral,1,0,1,0,0,12,2023,2023-12
Zimbabwe,T20I,Ireland v Zimbabwe,Ireland,Won,1 wickets,2023-12-07,Harare Sports Club,Neutral,1,1,0,0,0,12,2023,2023-12
Ireland,T20I,Ireland v Zimbabwe,Zimbabwe,Won,4 wickets,2023-12-09,Harare Sports Club,Neutral,1,1,0,0,0,12,2023,2023-12
Zimbabwe,T20I,Ireland v Zimbabwe,Ireland,Lost,4 wickets,2023-12-09,Harare Sports Club,Neutral,1,0,1,0,0,12,2023,2023-12
Ireland,T20I,Ireland v Zimbabwe,Zimbabwe,Won,6 wickets,2023-12-10,Harare Sports Club,Neutral,1,1,0,0,0,12,2023,2023-12
Zimbabwe,T20I,Ireland v Zimbabwe,Ireland,Lost,6 wickets,2023-12-10,Harare Sports Club,Neutral,1,0,1,0,0,12,2023,2023-12
England,T20I,England v West Indies,West Indies,Lost,4 wickets,2023-12-12,"Kensington Oval, Bridgetown, Barbados",Neutral,1,0,1,0,0,12,2023,2023-12
West Indies,T20I,England v West Indies,England,Won,4 wickets,2023-12-12,"Kensington Oval, Bridgetown, Barbados",Neutral,1,1,0,0,0,12,2023,2023-12
India,T20I,India v South Africa,South Africa,Lost,5 wickets,2023-12-12,"St George's Park, Gqeberha",Neutral,1,0,1,0,0,12,2023,2023-12
South Africa,T20I,India v South Africa,India,Won,5 wickets,2023-12-12,"St George's Park, Gqeberha",Neutral,1,1,0,0,0,12,2023,2023-12
England,T20I,England v West Indies,West Indies,Lost,10 runs,2023-12-14,"National Cricket Stadium, St George's, Grenada",Neutral,1,0,1,0,0,12,2023,2023-12
West Indies,T20I,England v West Indies,England,Won,10 runs,2023-12-14,"National Cricket Stadium, St George's, Grenada",Neutral,1,1,0,0,0,12,2023,2023-12
India,T20I,India v South Africa,South Africa,Won,106 runs,2023-12-14,"The Wanderers Stadium, Johannesburg",Neutral,1,1,0,0,0,12,2023,2023-12
South Africa,T20I,India v South Africa,India,Lost,106 runs,2023-12-14,"The Wanderers Stadium, Johannesburg",Neutral,1,0,1,0,0,12,2023,2023-12
England,T20I,England v West Indies,West Indies,Won,7 wickets,2023-12-16,"National Cricket Stadium, St George's, Grenada",Neutral,1,1,0,0,0,12,2023,2023-12
West Indies,T20I,England v West Indies,England,Lost,7 wickets,2023-12-16,"National Cricket Stadium, St George's, Grenada",Neutral,1,0,1,0,0,12,2023,2023-12
England,T20I,England v West Indies,West Indies,Won,75 runs,2023-12-19,"Brian Lara Stadium, Tarouba, Trinidad",Neutral,1,1,0,0,0,12,2023,2023-12
West Indies,T20I,England v West Indies,England,Lost,75 runs,2023-12-19,"Brian Lara Stadium, Tarouba, Trinidad",Neutral,1,0,1,0,0,12,2023,2023-12
England,T20I,England v West Indies,West Indies,Lost,4 wickets,2023-12-21,"Brian Lara Stadium, Tarouba, Trinidad",Neutral,1,0,1,0,0,12,2023,2023-12
West Indies,T20I,England v West Indies,England,Won,4 wickets,2023-12-21,"Brian Lara Stadium, Tarouba, Trinidad",Neutral,1,1,0,0,0,12,2023,2023-12
Indonesia,T20I,Indonesia v Philippines,Philippines,Lost,2 runs,2023-12-22,Udayana Cricket Ground,Neutral,1,0,1,0,0,12,2023,2023-12
Philippines,T20I,Indonesia v Philippines,Indonesia,Won,2 runs,2023-12-22,Udayana Cricket Ground,Neutral,1,1,0,0,0,12,2023,2023-12
Indonesia,T20I,Indonesia v Philippines,Philippines,Won,10 wickets,2023-12-23,Udayana Cricket Ground,Neutral,1,1,0,0,0,12,2023,2023-12
Philippines,T20I,Indonesia v Philippines,Indonesia,Lost,10 wickets,2023-12-23,Udayana Cricket Ground,Neutral,1,0,1,0,0,12,2023,2023-12
Indonesia,T20I,Indonesia v Philippines,Philippines,Won,20 runs,2023-12-23,Udayana Cricket Ground,Neutral,1,1,0,0,0,12,2023,2023-12
Philippines,T20I,Indonesia v Philippines,Indonesia,Lost,20 runs,2023-12-23,Udayana Cricket Ground,Neutral,1,0,1,0,0,12,2023,2023-12
Indonesia,T20I,Indonesia v Philippines,Philippines,Lost,8 wickets,2023-12-24,Udayana Cricket Ground,Neutral,1,0,1,0,0,12,2023,2023-12
Philippines,T20I,Indonesia v Philippines,Indonesia,Won,8 wickets,2023-12-24,Udayana Cricket Ground,Neutral,1,1,0,0,0,12,2023,2023-12
Indonesia,T20I,Indonesia v Philippines,Philippines,Tied,Tie,2023-12-24,Udayana Cricket Ground,Neutral,1,0,0,1,0,12,2023,2023-12
Philippines,T20I,Indonesia v Philippines,Indonesia,Tied,Tie,2023-12-24,Udayana Cricket Ground,Neutral,1,0,0,1,0,12,2023,2023-12
Indonesia,T20I,Indonesia v Philippines,Philippines,Lost,7 wickets,2023-12-26,Udayana Cricket Ground,Neutral,1,0,1,0,0,12,2023,2023-12
Philippines,T20I,Indonesia v Philippines,Indonesia,Won,7 wickets,2023-12-26,Udayana Cricket Ground,Neutral,1,1,0,0,0,12,2023,2023-12
Bangladesh,T20I,Bangladesh v New Zealand,New Zealand,Won,5 wickets,2023-12-27,"McLean Park, Napier",Neutral,1,1,0,0,0,12,2023,2023-12
New Zealand,T20I,Bangladesh v New Zealand,Bangladesh,Lost,5 wickets,2023-12-27,"McLean Park, Napier",Neutral,1,0,1,0,0,12,2023,2023-12
Bangladesh,T20I,Bangladesh v New Zealand,New Zealand,No Result,No Result,2023-12-29,"Bay Oval, Mount Maunganui",Neutral,1,0,0,0,1,12,2023,2023-12
New Zealand,T20I,Bangladesh v New Zealand,Bangladesh,No Result,No Result,2023-12-29,"Bay Oval, Mount Maunganui",Neutral,1,0,0,0,1,12,2023,2023-12
Bangladesh,T20I,Bangladesh v New Zealand,New Zealand,Lost,17 runs,2023-12-31,"Bay Oval, Mount Maunganui",Neutral,1,0,1,0,0,12,2023,2023-12
New Zealand,T20I,Bangladesh v New Zealand,Bangladesh,Won,17 runs,2023-12-31,"Bay Oval, Mount Maunganui",Neutral,1,1,0,0,0,12,2023,2023-12
New Zealand,T20I,New Zealand v Pakistan,Pakistan,Won,46 runs,2024-01-12,"Eden Park, Auckland",Neutral,1,1,0,0,0,1,2024,2024-01
Pakistan,T20I,New Zealand v Pakistan,New Zealand,Lost,46 runs,2024-01-12,"Eden Park, Auckland",Neutral,1,0,1,0,0,1,2024,2024-01
New Zealand,T20I,New Zealand v Pakistan,Pakistan,Won,21 runs,2024-01-14,"Seddon Park, Hamilton",Neutral,1,1,0,0,0,1,2024,2024-01
Pakistan,T20I,New Zealand v Pakistan,New Zealand,Lost,21 runs,2024-01-14,"Seddon Park, Hamilton",Neutral,1,0,1,0,0,1,2024,2024-01
Sri Lanka,T20I,Sri Lanka v Zimbabwe,Zimbabwe,Won,3 wickets,2024-01-14,"R Premadasa Stadium, Colombo",Neutral,1,1,0,0,0,1,2024,2024-01
Zimbabwe,T20I,Sri Lanka v Zimbabwe,Sri Lanka,Lost,3 wickets,2024-01-14,"R Premadasa Stadium, Colombo",Neutral,1,0,1,0,0,1,2024,2024-01
Sri Lanka,T20I,Sri Lanka v Zimbabwe,Zimbabwe,Lost,4 wickets,2024-01-16,"R Premadasa Stadium, Colombo",Neutral,1,0,1,0,0,1,2024,2024-01
Zimbabwe,T20I,Sri Lanka v Zimbabwe,Sri Lanka,Won,4 wickets,2024-01-16,"R Premadasa Stadium, Colombo",Neutral,1,1,0,0,0,1,2024,2024-01
New Zealand,T20I,New Zealand v Pakistan,Pakistan,Won,45 runs,2024-01-17,"University Oval, Dunedin",Neutral,1,1,0,0,0,1,2024,2024-01
Pakistan,T20I,New Zealand v Pakistan,New Zealand,Lost,45 runs,2024-01-17,"University Oval, Dunedin",Neutral,1,0,1,0,0,1,2024,2024-01
Sri Lanka,T20I,Sri Lanka v Zimbabwe,Zimbabwe,Won,9 wickets,2024-01-18,"R Premadasa Stadium, Colombo",Neutral,1,1,0,0,0,1,2024,2024-01
Zimbabwe,T20I,Sri Lanka v Zimbabwe,Sri Lanka,Lost,9 wickets,2024-01-18,"R Premadasa Stadium, Colombo",Neutral,1,0,1,0,0,1,2024,2024-01
New Zealand,T20I,New Zealand v Pakistan,Pakistan,Won,7 wickets,2024-01-19,"Hagley Oval, Christchurch",Neutral,1,1,0,0,0,1,2024,2024-01
Pakistan,T20I,New Zealand v Pakistan,New Zealand,Lost,7 wickets,2024-01-19,"Hagley Oval, Christchurch",Neutral,1,0,1,0,0,1,2024,2024-01
New Zealand,T20I,New Zealand v Pakistan,Pakistan,Lost,42 runs,2024-01-21,"Hagley Oval, Christchurch",Neutral,1,0,1,0,0,1,2024,2024-01
Pakistan,T20I,New Zealand v Pakistan,New Zealand,Won,42 runs,2024-01-21,"Hagley Oval, Christchurch",Neutral,1,1,0,0,0,1,2024,2024-01
Cambodia,T20I,Cambodia v Myanmar,Myanmar,Won,7 wickets,2024-01-27,"Terdthai Cricket Ground, Bangkok",Neutral,1,1,0,0,0,1,2024,2024-01
Myanmar,T20I,Cambodia v Myanmar,Cambodia,Lost,7 wickets,2024-01-27,"Terdthai Cricket Ground, Bangkok",Neutral,1,0,1,0,0,1,2024,2024-01
Cambodia,T20I,Cambodia v China,China,Won,93 runs,2024-01-28,"Terdthai Cricket Ground, Bangkok",Neutral,1,1,0,0,0,1,2024,2024-01
China,T20I,Cambodia v China,Cambodia,Lost,93 runs,2024-01-28,"Terdthai Cricket Ground, Bangkok",Neutral,1,0,1,0,0,1,2024,2024-01
Bhutan,T20I,Bhutan v Indonesia,Indonesia,Lost,16 runs,2024-02-01,"Terdthai Cricket Ground, Bangkok",Neutral,1,0,1,0,0,2,2024,2024-02
Indonesia,T20I,Bhutan v Indonesia,Bhutan,Won,16 runs,2024-02-01,"Terdthai Cricket Ground, Bangkok",Neutral,1,1,0,0,0,2,2024,2024-02
Maldives,T20I,Maldives v Singapore,Singapore,Lost,41 runs,2024-02-02,"Terdthai Cricket Ground, Bangkok",Neutral,1,0,1,0,0,2,2024,2024-02
Singapore,T20I,Maldives v Singapore,Maldives,Won,41 runs,2024-02-02,"Terdthai Cricket Ground, Bangkok",Neutral,1,1,0,0,0,2,2024,2024-02
Japan,T20I,Japan v Thailand,Thailand,Won,46 runs,2024-02-02,"Terdthai Cricket Ground, Bangkok",Neutral,1,1,0,0,0,2,2024,2024-02
Thailand,T20I,Japan v Thailand,Japan,Lost,46 runs,2024-02-02,"Terdthai Cricket Ground, Bangkok",Neutral,1,0,1,0,0,2,2024,2024-02
Bhutan,T20I,Bhutan v Saudi Arabia,Saudi Arabia,Lost,8 wickets,2024-02-03,"Terdthai Cricket Ground, Bangkok",Neutral,1,0,1,0,0,2,2024,2024-02
Saudi Arabia,T20I,Bhutan v Saudi Arabia,Bhutan,Won,8 wickets,2024-02-03,"Terdthai Cricket Ground, Bangkok",Neutral,1,1,0,0,0,2,2024,2024-02
Cambodia,T20I,Cambodia v Indonesia,Indonesia,Won,6 wickets,2024-02-03,"Terdthai Cricket Ground, Bangkok",Neutral,1,1,0,0,0,2,2024,2024-02
Indonesia,T20I,Cambodia v Indonesia,Cambodia,Lost,6 wickets,2024-02-03,"Terdthai Cricket Ground, Bangkok",Neutral,1,0,1,0,0,2,2024,2024-02
Singapore,T20I,Singapore v Thailand,Thailand,Lost,7 wickets,2024-02-04,"Terdthai Cricket Ground, Bangkok",Neutral,1,0,1,0,0,2,2024,2024-02
Thailand,T20I,Singapore v Thailand,Singapore,Won,7 wickets,2024-02-04,"Terdthai Cricket Ground, Bangkok",Neutral,1,1,0,0,0,2,2024,2024-02
Japan,T20I,Japan v Maldives,Maldives,Won,42 runs,2024-02-04,"Terdthai Cricket Ground, Bangkok",Neutral,1,1,0,0,0,2,2024,2024-02
Maldives,T20I,Japan v Maldives,Japan,Lost,42 runs,2024-02-04,"Terdthai Cricket Ground, Bangkok",Neutral,1,0,1,0,0,2,2024,2024-02
Indonesia,T20I,Indonesia v Saudi Arabia,Saudi Arabia,Lost,82 runs,2024-02-05,"Terdthai Cricket Ground, Bangkok",Neutral,1,0,1,0,0,2,2024,2024-02
Saudi Arabia,T20I,Indonesia v Saudi Arabia,Indonesia,Won,82 runs,2024-02-05,"Terdthai Cricket Ground, Bangkok",Neutral,1,1,0,0,0,2,2024,2024-02
Japan,T20I,Japan v Singapore,Singapore,Lost,34 runs,2024-02-06,"Terdthai Cricket Ground, Bangkok",Neutral,1,0,1,0,0,2,2024,2024-02
Singapore,T20I,Japan v Singapore,Japan,Won,34 runs,2024-02-06,"Terdthai Cricket Ground, Bangkok",Neutral,1,1,0,0,0,2,2024,2024-02
Maldives,T20I,Maldives v Thailand,Thailand,Lost,8 wickets,2024-02-06,"Terdthai Cricket Ground, Bangkok",Neutral,1,0,1,0,0,2,2024,2024-02
Thailand,T20I,Maldives v Thailand,Maldives,Won,8 wickets,2024-02-06,"Terdthai Cricket Ground, Bangkok",Neutral,1,1,0,0,0,2,2024,2024-02
Indonesia,T20I,Indonesia v Thailand,Thailand,Lost,7 wickets,2024-02-07,"Terdthai Cricket Ground, Bangkok",Neutral,1,0,1,0,0,2,2024,2024-02
Thailand,T20I,Indonesia v Thailand,Indonesia,Won,7 wickets,2024-02-07,"Terdthai Cricket Ground, Bangkok",Neutral,1,1,0,0,0,2,2024,2024-02
Bhutan,T20I,Bhutan v Maldives,Maldives,Lost,32 runs,2024-02-07,"Terdthai Cricket Ground, Bangkok",Neutral,1,0,1,0,0,2,2024,2024-02
Maldives,T20I,Bhutan v Maldives,Bhutan,Won,32 runs,2024-02-07,"Terdthai Cricket Ground, Bangkok",Neutral,1,1,0,0,0,2,2024,2024-02
Australia,T20I,Australia v West Indies,West Indies,Won,11 runs,2024-02-09,"Bellerive Oval, Hobart",Neutral,1,1,0,0,0,2,2024,2024-02
West Indies,T20I,Australia v West Indies,Australia,Lost,11 runs,2024-02-09,"Bellerive Oval, Hobart",Neutral,1,0,1,0,0,2,2024,2024-02
Japan,T20I,Japan v Saudi Arabia,Saudi Arabia,Lost,10 wickets,2024-02-09,"Terdthai Cricket Ground, Bangkok",Neutral,1,0,1,0,0,2,2024,2024-02
Saudi Arabia,T20I,Japan v Saudi Arabia,Japan,Won,10 wickets,2024-02-09,"Terdthai Cricket Ground, Bangkok",Neutral,1,1,0,0,0,2,2024,2024-02
Cambodia,T20I,Cambodia v Singapore,Singapore,Won,6 wickets,2024-02-09,"Terdthai Cricket Ground, Bangkok",Neutral,1,1,0,0,0,2,2024,2024-02
Singapore,T20I,Cambodia v Singapore,Cambodia,Lost,6 wickets,2024-02-09,"Terdthai Cricket Ground, Bangkok",Neutral,1,0,1,0,0,2,2024,2024-02
Australia,T20I,Australia v West Indies,West Indies,Won,34 runs,2024-02-11,Adelaide Oval,Neutral,1,1,0,0,0,2,2024,2024-02
West Indies,T20I,Australia v West Indies,Australia,Lost,34 runs,2024-02-11,Adelaide Oval,Neutral,1,0,1,0,0,2,2024,2024-02
Japan,T20I,Japan v Singapore,Singapore,Lost,8 wickets,2024-02-11,"Terdthai Cricket Ground, Bangkok",Neutral,1,0,1,0,0,2,2024,2024-02
Singapore,T20I,Japan v Singapore,Japan,Won,8 wickets,2024-02-11,"Terdthai Cricket Ground, Bangkok",Neutral,1,1,0,0,0,2,2024,2024-02
Cambodia,T20I,Cambodia v Saudi Arabia,Saudi Arabia,Lost,5 wickets,2024-02-11,"Terdthai Cricket Ground, Bangkok",Neutral,1,0,1,0,0,2,2024,2024-02
Saudi Arabia,T20I,Cambodia v Saudi Arabia,Cambodia,Won,5 wickets,2024-02-11,"Terdthai Cricket Ground, Bangkok",Neutral,1,1,0,0,0,2,2024,2024-02
Bhutan,T20I,Bhutan v Thailand,Thailand,Lost,10 wickets,2024-02-12,"Terdthai Cricket Ground, Bangkok",Neutral,1,0,1,0,0,2,2024,2024-02
Thailand,T20I,Bhutan v Thailand,Bhutan,Won,10 wickets,2024-02-12,"Terdthai Cricket Ground, Bangkok",Neutral,1,1,0,0,0,2,2024,2024-02
Maldives,T20I,Maldives v Saudi Arabia,Saudi Arabia,Lost,98 runs,2024-02-12,"Terdthai Cricket Ground, Bangkok",Neutral,1,0,1,0,0,2,2024,2024-02
Saudi Arabia,T20I,Maldives v Saudi Arabia,Maldives,Won,98 runs,2024-02-12,"Terdthai Cricket Ground, Bangkok",Neutral,1,1,0,0,0,2,2024,2024-02
Australia,T20I,Australia v West Indies,West Indies,Lost,37 runs,2024-02-13,Perth Stadium,Neutral,1,0,1,0,0,2,2024,2024-02
West Indies,T20I,Australia v West Indies,Australia,Won,37 runs,2024-02-13,Perth Stadium,Neutral,1,1,0,0,0,2,2024,2024-02
Saudi Arabia,T20I,Saudi Arabia v Thailand,Thailand,Won,5 wickets,2024-02-13,"Terdthai Cricket Ground, Bangkok",Neutral,1,1,0,0,0,2,2024,2024-02
Thailand,T20I,Saudi Arabia v Thailand,Saudi Arabia,Lost,5 wickets,2024-02-13,"Terdthai Cricket Ground, Bangkok",Neutral,1,0,1,0,0,2,2024,2024-02
Bhutan,T20I,Bhutan v Maldives,Maldives,Lost,9 wickets,2024-02-13,"Terdthai Cricket Ground, Bangkok",Neutral,1,0,1,0,0,2,2024,2024-02
Maldives,T20I,Bhutan v Maldives,Bhutan,Won,9 wickets,2024-02-13,"Terdthai Cricket Ground, Bangkok",Neutral,1,1,0,0,0,2,2024,2024-02
China,T20I,China v Hong Kong,Hong Kong,Lost,123 runs,2024-02-14,"Mission Road Ground, Mong Kok, Hong Kong",Neutral,1,0,1,0,0,2,2024,2024-02
Hong Kong,T20I,China v Hong Kong,China,Won,123 runs,2024-02-14,"Mission Road Ground, Mong Kok, Hong Kong",Neutral,1,1,0,0,0,2,2024,2024-02
Hong Kong,T20I,Hong Kong v Japan,Japan,Won,7 wickets,2024-02-14,"Mission Road Ground, Mong Kok, Hong Kong",Neutral,1,1,0,0,0,2,2024,2024-02
Japan,T20I,Hong Kong v Japan,Hong Kong,Lost,7 wickets,2024-02-14,"Mission Road Ground, Mong Kok, Hong Kong",Neutral,1,0,1,0,0,2,2024,2024-02
China,T20I,China v Japan,Japan,Lost,180 runs,2024-02-15,"Mission Road Ground, Mong Kok, Hong Kong",Neutral,1,0,1,0,0,2,2024,2024-02
Japan,T20I,China v Japan,China,Won,180 runs,2024-02-15,"Mission Road Ground, Mong Kok, Hong Kong",Neutral,1,1,0,0,0,2,2024,2024-02
Hong Kong,T20I,Hong Kong v Japan,Japan,Won,27 runs,2024-02-15,"Mission Road Ground, Mong Kok, Hong Kong",Neutral,1,1,0,0,0,2,2024,2024-02
Japan,T20I,Hong Kong v Japan,Hong Kong,Lost,27 runs,2024-02-15,"Mission Road Ground, Mong Kok, Hong Kong",Neutral,1,0,1,0,0,2,2024,2024-02
Maldives,T20I,Maldives v Thailand,Thailand,Lost,8 wickets,2024-02-15,"Terdthai Cricket Ground, Bangkok",Neutral,1,0,1,0,0,2,2024,2024-02
Thailand,T20I,Maldives v Thailand,Maldives,Won,8 wickets,2024-02-15,"Terdthai Cricket Ground, Bangkok",Neutral,1,1,0,0,0,2,2024,2024-02
Bhutan,T20I,Bhutan v Saudi Arabia,Saudi Arabia,Lost,166 runs,2024-02-15,"Terdthai Cricket Ground, Bangkok",Neutral,1,0,1,0,0,2,2024,2024-02
Saudi Arabia,T20I,Bhutan v Saudi Arabia,Bhutan,Won,166 runs,2024-02-15,"Terdthai Cricket Ground, Bangkok",Neutral,1,1,0,0,0,2,2024,2024-02
China,T20I,China v Hong Kong,Hong Kong,Lost,10 wickets,2024-02-16,"Mission Road Ground, Mong Kok, Hong Kong",Neutral,1,0,1,0,0,2,2024,2024-02
Hong Kong,T20I,China v Hong Kong,China,Won,10 wickets,2024-02-16,"Mission Road Ground, Mong Kok, Hong Kong",Neutral,1,1,0,0,0,2,2024,2024-02
China,T20I,China v Japan,Japan,Lost,44 runs,2024-02-16,"Mission Road Ground, Mong Kok, Hong Kong",Neutral,1,0,1,0,0,2,2024,2024-02
Japan,T20I,China v Japan,China,Won,44 runs,2024-02-16,"Mission Road Ground, Mong Kok, Hong Kong",Neutral,1,1,0,0,0,2,2024,2024-02
Saudi Arabia,T20I,Saudi Arabia v Thailand,Thailand,Won,8 wickets,2024-02-16,"Terdthai Cricket Ground, Bangkok",Neutral,1,1,0,0,0,2,2024,2024-02
Thailand,T20I,Saudi Arabia v Thailand,Saudi Arabia,Lost,8 wickets,2024-02-16,"Terdthai Cricket Ground, Bangkok",Neutral,1,0,1,0,0,2,2024,2024-02
Bhutan,T20I,Bhutan v Maldives,Maldives,Won,4 wickets,2024-02-16,"Terdthai Cricket Ground, Bangkok",Neutral,1,1,0,0,0,2,2024,2024-02
Maldives,T20I,Bhutan v Maldives,Bhutan,Lost,4 wickets,2024-02-16,"Terdthai Cricket Ground, Bangkok",Neutral,1,0,1,0,0,2,2024,2024-02
Hong Kong,T20I,Hong Kong v Japan,Japan,Won,34 runs,2024-02-17,"Mission Road Ground, Mong Kok, Hong Kong",Neutral,1,1,0,0,0,2,2024,2024-02
Japan,T20I,Hong Kong v Japan,Hong Kong,Lost,34 runs,2024-02-17,"Mission Road Ground, Mong Kok, Hong Kong",Neutral,1,0,1,0,0,2,2024,2024-02
Australia,T20I,Australia v New Zealand,New Zealand,Won,6 wickets,2024-02-21,"Sky Stadium, Wellington",Neutral,1,1,0,0,0,2,2024,2024-02
New Zealand,T20I,Australia v New Zealand,Australia,Lost,6 wickets,2024-02-21,"Sky Stadium, Wellington",Neutral,1,0,1,0,0,2,2024,2024-02
Australia,T20I,Australia v New Zealand,New Zealand,Won,72 runs,2024-02-23,"Eden Park, Auckland",Neutral,1,1,0,0,0,2,2024,2024-02
New Zealand,T20I,Australia v New Zealand,Australia,Lost,72 runs,2024-02-23,"Eden Park, Auckland",Neutral,1,0,1,0,0,2,2024,2024-02
Australia,T20I,Australia v New Zealand,New Zealand,Won,27 runs,2024-02-25,"Eden Park, Auckland",Neutral,1,1,0,0,0,2,2024,2024-02
New Zealand,T20I,Australia v New Zealand,Australia,Lost,27 runs,2024-02-25,"Eden Park, Auckland",Neutral,1,0,1,0,0,2,2024,2024-02
Namibia,T20I,Namibia v Nepal,Nepal,Won,20 runs,2024-02-27,"Tribhuvan University International Cricket Ground, Kirtipur",Neutral,1,1,0,0,0,2,2024,2024-02
Nepal,T20I,Namibia v Nepal,Namibia,Lost,20 runs,2024-02-27,"Tribhuvan University International Cricket Ground, Kirtipur",Neutral,1,0,1,0,0,2,2024,2024-02
Hong Kong,T20I,Hong Kong v Qatar,Qatar,Won,10 runs,2024-02-27,University of Doha for Science and Technology,Neutral,1,1,0,0,0,2,2024,2024-02
Qatar,T20I,Hong Kong v Qatar,Hong Kong,Lost,10 runs,2024-02-27,University of Doha for Science and Technology,Neutral,1,0,1,0,0,2,2024,2024-02
Nepal,T20I,Nepal v Netherlands,Netherlands,Lost,2 runs,2024-02-28,"Tribhuvan University International Cricket Ground, Kirtipur",Neutral,1,0,1,0,0,2,2024,2024-02
Netherlands,T20I,Nepal v Netherlands,Nepal,Won,2 runs,2024-02-28,"Tribhuvan University International Cricket Ground, Kirtipur",Neutral,1,1,0,0,0,2,2024,2024-02
Namibia,T20I,Namibia v Netherlands,Netherlands,Lost,59 runs,2024-02-29,"Tribhuvan University International Cricket Ground, Kirtipur",Neutral,1,0,1,0,0,2,2024,2024-02
Netherlands,T20I,Namibia v Netherlands,Namibia,Won,59 runs,2024-02-29,"Tribhuvan University International Cricket Ground, Kirtipur",Neutral,1,1,0,0,0,2,2024,2024-02
Hong Kong,T20I,Hong Kong v Qatar,Qatar,Lost,4 wickets,2024-02-29,University of Doha for Science and Technology,Neutral,1,0,1,0,0,2,2024,2024-02
Qatar,T20I,Hong Kong v Qatar,Hong Kong,Won,4 wickets,2024-02-29,University of Doha for Science and Technology,Neutral,1,1,0,0,0,2,2024,2024-02
Namibia,T20I,Namibia v Nepal,Nepal,Lost,3 runs,2024-03-01,"Tribhuvan University International Cricket Ground, Kirtipur",Neutral,1,0,1,0,0,3,2024,2024-03
Nepal,T20I,Namibia v Nepal,Namibia,Won,3 runs,2024-03-01,"Tribhuvan University International Cricket Ground, Kirtipur",Neutral,1,1,0,0,0,3,2024,2024-03
Hong Kong,T20I,Hong Kong v Qatar,Qatar,Tied,Tie,2024-03-01,"West End Park International Cricket Stadium, Doha",Neutral,1,0,0,1,0,3,2024,2024-03
Qatar,T20I,Hong Kong v Qatar,Hong Kong,Tied,Tie,2024-03-01,"West End Park International Cricket Stadium, Doha",Neutral,1,0,0,1,0,3,2024,2024-03
Nepal,T20I,Nepal v Netherlands,Netherlands,Won,6 wickets,2024-03-02,"Tribhuvan University International Cricket Ground, Kirtipur",Neutral,1,1,0,0,0,3,2024,2024-03
Netherlands,T20I,Nepal v Netherlands,Nepal,Lost,6 wickets,2024-03-02,"Tribhuvan University International Cricket Ground, Kirtipur",Neutral,1,0,1,0,0,3,2024,2024-03
Namibia,T20I,Namibia v Netherlands,Netherlands,No Result,No Result,2024-03-03,"Tribhuvan University International Cricket Ground, Kirtipur",Neutral,1,0,0,0,1,3,2024,2024-03
Netherlands,T20I,Namibia v Netherlands,Namibia,No Result,No Result,2024-03-03,"Tribhuvan University International Cricket Ground, Kirtipur",Neutral,1,0,0,0,1,3,2024,2024-03
Bangladesh,T20I,Bangladesh v Sri Lanka,Sri Lanka,Lost,3 runs,2024-03-04,Sylhet International Cricket Stadium,Neutral,1,0,1,0,0,3,2024,2024-03
Sri Lanka,T20I,Bangladesh v Sri Lanka,Bangladesh,Won,3 runs,2024-03-04,Sylhet International Cricket Stadium,Neutral,1,1,0,0,0,3,2024,2024-03
Nepal,T20I,Nepal v Netherlands,Netherlands,Lost,4 wickets,2024-03-05,"Tribhuvan University International Cricket Ground, Kirtipur",Neutral,1,0,1,0,0,3,2024,2024-03
Netherlands,T20I,Nepal v Netherlands,Nepal,Won,4 wickets,2024-03-05,"Tribhuvan University International Cricket Ground, Kirtipur",Neutral,1,1,0,0,0,3,2024,2024-03
Tanzania,T20I,Tanzania v Vanuatu,Vanuatu,Lost,9 runs,2024-03-05,"Bayuemas Oval, Kuala Lumpur",Neutral,1,0,1,0,0,3,2024,2024-03
Vanuatu,T20I,Tanzania v Vanuatu,Tanzania,Won,9 runs,2024-03-05,"Bayuemas Oval, Kuala Lumpur",Neutral,1,1,0,0,0,3,2024,2024-03
Bahrain,T20I,Bahrain v Kuwait,Kuwait,Won,28 runs,2024-03-05,"Bayuemas Oval, Kuala Lumpur",Neutral,1,1,0,0,0,3,2024,2024-03
Kuwait,T20I,Bahrain v Kuwait,Bahrain,Lost,28 runs,2024-03-05,"Bayuemas Oval, Kuala Lumpur",Neutral,1,0,1,0,0,3,2024,2024-03
Bangladesh,T20I,Bangladesh v Sri Lanka,Sri Lanka,Won,8 wickets,2024-03-06,Sylhet International Cricket Stadium,Neutral,1,1,0,0,0,3,2024,2024-03
Sri Lanka,T20I,Bangladesh v Sri Lanka,Bangladesh,Lost,8 wickets,2024-03-06,Sylhet International Cricket Stadium,Neutral,1,0,1,0,0,3,2024,2024-03
Kuwait,T20I,Kuwait v Tanzania,Tanzania,Won,5 wickets,2024-03-06,"Bayuemas Oval, Kuala Lumpur",Neutral,1,1,0,0,0,3,2024,2024-03
Tanzania,T20I,Kuwait v Tanzania,Kuwait,Lost,5 wickets,2024-03-06,"Bayuemas Oval, Kuala Lumpur",Neutral,1,0,1,0,0,3,2024,2024-03
Malaysia,T20I,Malaysia v Vanuatu,Vanuatu,Won,52 runs,2024-03-06,"Bayuemas Oval, Kuala Lumpur",Neutral,1,1,0,0,0,3,2024,2024-03
Vanuatu,T20I,Malaysia v Vanuatu,Malaysia,Lost,52 runs,2024-03-06,"Bayuemas Oval, Kuala Lumpur",Neutral,1,0,1,0,0,3,2024,2024-03
Oman,T20I,Oman v Papua New Guinea,Papua New Guinea,Won,3 wickets,2024-03-06,Al Amerat Cricket Ground Oman Cricket (Ministry Turf 1),Neutral,1,1,0,0,0,3,2024,2024-03
Papua New Guinea,T20I,Oman v Papua New Guinea,Oman,Lost,3 wickets,2024-03-06,Al Amerat Cricket Ground Oman Cricket (Ministry Turf 1),Neutral,1,0,1,0,0,3,2024,2024-03
Bahrain,T20I,Bahrain v Malaysia,Malaysia,Won,9 wickets,2024-03-07,"Bayuemas Oval, Kuala Lumpur",Neutral,1,1,0,0,0,3,2024,2024-03
Malaysia,T20I,Bahrain v Malaysia,Bahrain,Lost,9 wickets,2024-03-07,"Bayuemas Oval, Kuala Lumpur",Neutral,1,0,1,0,0,3,2024,2024-03
Kuwait,T20I,Kuwait v Vanuatu,Vanuatu,Won,8 wickets,2024-03-07,"Bayuemas Oval, Kuala Lumpur",Neutral,1,1,0,0,0,3,2024,2024-03
Vanuatu,T20I,Kuwait v Vanuatu,Kuwait,Lost,8 wickets,2024-03-07,"Bayuemas Oval, Kuala Lumpur",Neutral,1,0,1,0,0,3,2024,2024-03
Oman,T20I,Oman v Papua New Guinea,Papua New Guinea,Lost,8 wickets,2024-03-07,Al Amerat Cricket Ground Oman Cricket (Ministry Turf 1),Neutral,1,0,1,0,0,3,2024,2024-03
Papua New Guinea,T20I,Oman v Papua New Guinea,Oman,Won,8 wickets,2024-03-07,Al Amerat Cricket Ground Oman Cricket (Ministry Turf 1),Neutral,1,1,0,0,0,3,2024,2024-03
Oman,T20I,Oman v Papua New Guinea,Papua New Guinea,Won,4 wickets,2024-03-08,Al Amerat Cricket Ground Oman Cricket (Ministry Turf 1),Neutral,1,1,0,0,0,3,2024,2024-03
Papua New Guinea,T20I,Oman v Papua New Guinea,Oman,Lost,4 wickets,2024-03-08,Al Amerat Cricket Ground Oman Cricket (Ministry Turf 1),Neutral,1,0,1,0,0,3,2024,2024-03
Bangladesh,T20I,Bangladesh v Sri Lanka,Sri Lanka,Lost,28 runs,2024-03-09,Sylhet International Cricket Stadium,Neutral,1,0,1,0,0,3,2024,2024-03
Sri Lanka,T20I,Bangladesh v Sri Lanka,Bangladesh,Won,28 runs,2024-03-09,Sylhet International Cricket Stadium,Neutral,1,1,0,0,0,3,2024,2024-03
Kuwait,T20I,Kuwait v Malaysia,Malaysia,Lost,7 wickets,2024-03-09,"Bayuemas Oval, Kuala Lumpur",Neutral,1,0,1,0,0,3,2024,2024-03
Malaysia,T20I,Kuwait v Malaysia,Kuwait,Won,7 wickets,2024-03-09,"Bayuemas Oval, Kuala Lumpur",Neutral,1,1,0,0,0,3,2024,2024-03
Bahrain,T20I,Bahrain v Tanzania,Tanzania,Won,52 runs,2024-03-09,"Bayuemas Oval, Kuala Lumpur",Neutral,1,1,0,0,0,3,2024,2024-03
Tanzania,T20I,Bahrain v Tanzania,Bahrain,Lost,52 runs,2024-03-09,"Bayuemas Oval, Kuala Lumpur",Neutral,1,0,1,0,0,3,2024,2024-03
Hong Kong,T20I,Hong Kong v Nepal,Nepal,Won,73 runs,2024-03-09,"Mission Road Ground, Mong Kok, Hong Kong",Neutral,1,1,0,0,0,3,2024,2024-03
Nepal,T20I,Hong Kong v Nepal,Hong Kong,Lost,73 runs,2024-03-09,"Mission Road Ground, Mong Kok, Hong Kong",Neutral,1,0,1,0,0,3,2024,2024-03
Bahrain,T20I,Bahrain v Vanuatu,Vanuatu,Won,56 runs,2024-03-10,"Bayuemas Oval, Kuala Lumpur",Neutral,1,1,0,0,0,3,2024,2024-03
Vanuatu,T20I,Bahrain v Vanuatu,Bahrain,Lost,56 runs,2024-03-10,"Bayuemas Oval, Kuala Lumpur",Neutral,1,0,1,0,0,3,2024,2024-03
Malaysia,T20I,Malaysia v Tanzania,Tanzania,Won,6 wickets,2024-03-10,"Bayuemas Oval, Kuala Lumpur",Neutral,1,1,0,0,0,3,2024,2024-03
Tanzania,T20I,Malaysia v Tanzania,Malaysia,Lost,6 wickets,2024-03-10,"Bayuemas Oval, Kuala Lumpur",Neutral,1,0,1,0,0,3,2024,2024-03
Hong Kong,T20I,Hong Kong v Nepal,Nepal,No Result,No Result,2024-03-10,"Mission Road Ground, Mong Kok, Hong Kong",Neutral,1,0,0,0,1,3,2024,2024-03
Nepal,T20I,Hong Kong v Nepal,Hong Kong,No Result,No Result,2024-03-10,"Mission Road Ground, Mong Kok, Hong Kong",Neutral,1,0,0,0,1,3,2024,2024-03
Scotland,T20I,Scotland v United Arab Emirates,United Arab Emirates,Lost,8 wickets,2024-03-11,Dubai International Cricket Stadium,Neutral,1,0,1,0,0,3,2024,2024-03
United Arab Emirates,T20I,Scotland v United Arab Emirates,Scotland,Won,8 wickets,2024-03-11,Dubai International Cricket Stadium,Neutral,1,1,0,0,0,3,2024,2024-03
Kuwait,T20I,Kuwait v Vanuatu,Vanuatu,Won,7 wickets,2024-03-11,"Bayuemas Oval, Kuala Lumpur",Neutral,1,1,0,0,0,3,2024,2024-03
Vanuatu,T20I,Kuwait v Vanuatu,Kuwait,Lost,7 wickets,2024-03-11,"Bayuemas Oval, Kuala Lumpur",Neutral,1,0,1,0,0,3,2024,2024-03
Bahrain,T20I,Bahrain v Malaysia,Malaysia,Won,8 wickets,2024-03-11,"Bayuemas Oval, Kuala Lumpur",Neutral,1,1,0,0,0,3,2024,2024-03
Malaysia,T20I,Bahrain v Malaysia,Bahrain,Lost,8 wickets,2024-03-11,"Bayuemas Oval, Kuala Lumpur",Neutral,1,0,1,0,0,3,2024,2024-03
Nepal,T20I,Nepal v Papua New Guinea,Papua New Guinea,Won,85 runs,2024-03-12,"Mission Road Ground, Mong Kok, Hong Kong",Neutral,1,1,0,0,0,3,2024,2024-03
Papua New Guinea,T20I,Nepal v Papua New Guinea,Nepal,Lost,85 runs,2024-03-12,"Mission Road Ground, Mong Kok, Hong Kong",Neutral,1,0,1,0,0,3,2024,2024-03
Hong Kong,T20I,Hong Kong v Papua New Guinea,Papua New Guinea,Lost,10 wickets,2024-03-12,"Mission Road Ground, Mong Kok, Hong Kong",Neutral,1,0,1,0,0,3,2024,2024-03
Papua New Guinea,T20I,Hong Kong v Papua New Guinea,Hong Kong,Won,10 wickets,2024-03-12,"Mission Road Ground, Mong Kok, Hong Kong",Neutral,1,1,0,0,0,3,2024,2024-03
Scotland,T20I,Scotland v United Arab Emirates,United Arab Emirates,Won,9 runs,2024-03-13,Dubai International Cricket Stadium,Neutral,1,1,0,0,0,3,2024,2024-03
United Arab Emirates,T20I,Scotland v United Arab Emirates,Scotland,Lost,9 runs,2024-03-13,Dubai International Cricket Stadium,Neutral,1,0,1,0,0,3,2024,2024-03
Nepal,T20I,Nepal v Papua New Guinea,Papua New Guinea,Lost,86 runs,2024-03-13,"Mission Road Ground, Mong Kok, Hong Kong",Neutral,1,0,1,0,0,3,2024,2024-03
Papua New Guinea,T20I,Nepal v Papua New Guinea,Nepal,Won,86 runs,2024-03-13,"Mission Road Ground, Mong Kok, Hong Kong",Neutral,1,1,0,0,0,3,2024,2024-03
Scotland,T20I,Scotland v United Arab Emirates,United Arab Emirates,Won,32 runs,2024-03-14,Dubai International Cricket Stadium,Neutral,1,1,0,0,0,3,2024,2024-03
United Arab Emirates,T20I,Scotland v United Arab Emirates,Scotland,Lost,32 runs,2024-03-14,Dubai International Cricket Stadium,Neutral,1,0,1,0,0,3,2024,2024-03
Malaysia,T20I,Malaysia v Papua New Guinea,Papua New Guinea,Lost,77 runs,2024-03-16,"Bayuemas Oval, Kuala Lumpur",Neutral,1,0,1,0,0,3,2024,2024-03
Papua New Guinea,T20I,Malaysia v Papua New Guinea,Malaysia,Won,77 runs,2024-03-16,"Bayuemas Oval, Kuala Lumpur",Neutral,1,1,0,0,0,3,2024,2024-03
Namibia,T20I,Namibia v Zimbabwe,Zimbabwe,Lost,35 runs,2024-03-17,"Achimota Senior Secondary School A Field, Accra",Neutral,1,0,1,0,0,3,2024,2024-03
Zimbabwe,T20I,Namibia v Zimbabwe,Namibia,Won,35 runs,2024-03-17,"Achimota Senior Secondary School A Field, Accra",Neutral,1,1,0,0,0,3,2024,2024-03
Nigeria,T20I,Nigeria v Tanzania,Tanzania,Lost,47 runs,2024-03-17,"Achimota Senior Secondary School B Field, Accra",Neutral,1,0,1,0,0,3,2024,2024-03
Tanzania,T20I,Nigeria v Tanzania,Nigeria,Won,47 runs,2024-03-17,"Achimota Senior Secondary School B Field, Accra",Neutral,1,1,0,0,0,3,2024,2024-03
Ghana,T20I,Ghana v South Africa,South Africa,Lost,134 runs,2024-03-17,"Achimota Senior Secondary School A Field, Accra",Neutral,1,0,1,0,0,3,2024,2024-03
South Africa,T20I,Ghana v South Africa,Ghana,Won,134 runs,2024-03-17,"Achimota Senior Secondary School A Field, Accra",Neutral,1,1,0,0,0,3,2024,2024-03
Kenya,T20I,Kenya v Uganda,Uganda,Lost,72 runs,2024-03-17,"Achimota Senior Secondary School B Field, Accra",Neutral,1,0,1,0,0,3,2024,2024-03
Uganda,T20I,Kenya v Uganda,Kenya,Won,72 runs,2024-03-17,"Achimota Senior Secondary School B Field, Accra",Neutral,1,1,0,0,0,3,2024,2024-03
Malaysia,T20I,Malaysia v Papua New Guinea,Papua New Guinea,Won,63 runs,2024-03-17,"Bayuemas Oval, Kuala Lumpur",Neutral,1,1,0,0,0,3,2024,2024-03
Papua New Guinea,T20I,Malaysia v Papua New Guinea,Malaysia,Lost,63 runs,2024-03-17,"Bayuemas Oval, Kuala Lumpur",Neutral,1,0,1,0,0,3,2024,2024-03
Tanzania,T20I,Tanzania v Zimbabwe,Zimbabwe,Lost,4 wickets,2024-03-18,"Achimota Senior Secondary School A Field, Accra",Neutral,1,0,1,0,0,3,2024,2024-03
Zimbabwe,T20I,Tanzania v Zimbabwe,Tanzania,Won,4 wickets,2024-03-18,"Achimota Senior Secondary School A Field, Accra",Neutral,1,1,0,0,0,3,2024,2024-03
Namibia,T20I,Namibia v Nigeria,Nigeria,Lost,3 wickets,2024-03-18,"Achimota Senior Secondary School B Field, Accra",Neutral,1,0,1,0,0,3,2024,2024-03
Nigeria,T20I,Namibia v Nigeria,Namibia,Won,3 wickets,2024-03-18,"Achimota Senior Secondary School B Field, Accra",Neutral,1,1,0,0,0,3,2024,2024-03
Ghana,T20I,Ghana v Uganda,Uganda,Lost,121 runs,2024-03-18,"Achimota Senior Secondary School B Field, Accra",Neutral,1,0,1,0,0,3,2024,2024-03
Uganda,T20I,Ghana v Uganda,Ghana,Won,121 runs,2024-03-18,"Achimota Senior Secondary School B Field, Accra",Neutral,1,1,0,0,0,3,2024,2024-03
Ghana,T20I,Ghana v Kenya,Kenya,Lost,7 wickets,2024-03-20,"Achimota Senior Secondary School B Field, Accra",Neutral,1,0,1,0,0,3,2024,2024-03
Kenya,T20I,Ghana v Kenya,Ghana,Won,7 wickets,2024-03-20,"Achimota Senior Secondary School B Field, Accra",Neutral,1,1,0,0,0,3,2024,2024-03
Nigeria,T20I,Nigeria v Zimbabwe,Zimbabwe,Lost,10 wickets,2024-03-20,"Achimota Senior Secondary School A Field, Accra",Neutral,1,0,1,0,0,3,2024,2024-03
Zimbabwe,T20I,Nigeria v Zimbabwe,Nigeria,Won,10 wickets,2024-03-20,"Achimota Senior Secondary School A Field, Accra",Neutral,1,1,0,0,0,3,2024,2024-03
Namibia,T20I,Namibia v Tanzania,Tanzania,Won,7 wickets,2024-03-20,"Achimota Senior Secondary School B Field, Accra",Neutral,1,1,0,0,0,3,2024,2024-03
Tanzania,T20I,Namibia v Tanzania,Namibia,Lost,7 wickets,2024-03-20,"Achimota Senior Secondary School B Field, Accra",Neutral,1,0,1,0,0,3,2024,2024-03
Namibia,T20I,Namibia v Uganda,Uganda,Won,24 runs,2024-03-21,"Achimota Senior Secondary School A Field, Accra",Neutral,1,1,0,0,0,3,2024,2024-03
Uganda,T20I,Namibia v Uganda,Namibia,Lost,24 runs,2024-03-21,"Achimota Senior Secondary School A Field, Accra",Neutral,1,0,1,0,0,3,2024,2024-03
Kenya,T20I,Kenya v Zimbabwe,Zimbabwe,Lost,70 runs,2024-03-21,"Achimota Senior Secondary School A Field, Accra",Neutral,1,0,1,0,0,3,2024,2024-03
Zimbabwe,T20I,Kenya v Zimbabwe,Kenya,Won,70 runs,2024-03-21,"Achimota Senior Secondary School A Field, Accra",Neutral,1,1,0,0,0,3,2024,2024-03
Kenya,T20I,Kenya v Uganda,Uganda,Lost,106 runs,2024-03-23,"Achimota Senior Secondary School A Field, Accra",Neutral,1,0,1,0,0,3,2024,2024-03
Uganda,T20I,Kenya v Uganda,Kenya,Won,106 runs,2024-03-23,"Achimota Senior Secondary School A Field, Accra",Neutral,1,1,0,0,0,3,2024,2024-03
Namibia,T20I,Namibia v Zimbabwe,Zimbabwe,Lost,8 wickets,2024-03-23,"Achimota Senior Secondary School A Field, Accra",Neutral,1,0,1,0,0,3,2024,2024-03
Zimbabwe,T20I,Namibia v Zimbabwe,Namibia,Won,8 wickets,2024-03-23,"Achimota Senior Secondary School A Field, Accra",Neutral,1,1,0,0,0,3,2024,2024-03
Namibia,T20I,Namibia v Oman,Oman,Won,4 wickets,2024-04-01,Al Amerat Cricket Ground Oman Cricket (Ministry Turf 1),Neutral,1,1,0,0,0,4,2024,2024-04
Oman,T20I,Namibia v Oman,Namibia,Lost,4 wickets,2024-04-01,Al Amerat Cricket Ground Oman Cricket (Ministry Turf 1),Neutral,1,0,1,0,0,4,2024,2024-04
Namibia,T20I,Namibia v Oman,Oman,Lost,6 runs,2024-04-02,Al Amerat Cricket Ground Oman Cricket (Ministry Turf 1),Neutral,1,0,1,0,0,4,2024,2024-04
Oman,T20I,Namibia v Oman,Namibia,Won,6 runs,2024-04-02,Al Amerat Cricket Ground Oman Cricket (Ministry Turf 1),Neutral,1,1,0,0,0,4,2024,2024-04
Namibia,T20I,Namibia v Oman,Oman,Lost,8 wickets,2024-04-04,Al Amerat Cricket Ground Oman Cricket (Ministry Turf 1),Neutral,1,0,1,0,0,4,2024,2024-04
Oman,T20I,Namibia v Oman,Namibia,Won,8 wickets,2024-04-04,Al Amerat Cricket Ground Oman Cricket (Ministry Turf 1),Neutral,1,1,0,0,0,4,2024,2024-04
Namibia,T20I,Namibia v Oman,Oman,Won,24 runs,2024-04-05,Al Amerat Cricket Ground Oman Cricket (Ministry Turf 1),Neutral,1,1,0,0,0,4,2024,2024-04
Oman,T20I,Namibia v Oman,Namibia,Lost,24 runs,2024-04-05,Al Amerat Cricket Ground Oman Cricket (Ministry Turf 1),Neutral,1,0,1,0,0,4,2024,2024-04
Canada,T20I,Canada v United States of America,United States of America,Lost,6 wickets,2024-04-07,Prairie View Cricket Complex,Neutral,1,0,1,0,0,4,2024,2024-04
United States of America,T20I,Canada v United States of America,Canada,Won,6 wickets,2024-04-07,Prairie View Cricket Complex,Neutral,1,1,0,0,0,4,2024,2024-04
Namibia,T20I,Namibia v Oman,Oman,Won,62 runs,2024-04-07,Al Amerat Cricket Ground Oman Cricket (Ministry Turf 1),Neutral,1,1,0,0,0,4,2024,2024-04
Oman,T20I,Namibia v Oman,Namibia,Lost,62 runs,2024-04-07,Al Amerat Cricket Ground Oman Cricket (Ministry Turf 1),Neutral,1,0,1,0,0,4,2024,2024-04
Canada,T20I,Canada v United States of America,United States of America,Lost,31 runs,2024-04-09,Prairie View Cricket Complex,Neutral,1,0,1,0,0,4,2024,2024-04
United States of America,T20I,Canada v United States of America,Canada,Won,31 runs,2024-04-09,Prairie View Cricket Complex,Neutral,1,1,0,0,0,4,2024,2024-04
Canada,T20I,Canada v United States of America,United States of America,Lost,14 runs,2024-04-12,Prairie View Cricket Complex,Neutral,1,0,1,0,0,4,2024,2024-04
United States of America,T20I,Canada v United States of America,Canada,Won,14 runs,2024-04-12,Prairie View Cricket Complex,Neutral,1,1,0,0,0,4,2024,2024-04
Bahrain,T20I,Bahrain v Oman,Oman,Lost,3 runs,2024-04-12,Al Amerat Cricket Ground Oman Cricket (Ministry Turf 1),Neutral,1,0,1,0,0,4,2024,2024-04
Oman,T20I,Bahrain v Oman,Bahrain,Won,3 runs,2024-04-12,Al Amerat Cricket Ground Oman Cricket (Ministry Turf 1),Neutral,1,1,0,0,0,4,2024,2024-04
Kuwait,T20I,Kuwait v United Arab Emirates,United Arab Emirates,Lost,7 wickets,2024-04-12,Al Amerat Cricket Ground Oman Cricket (Ministry Turf 2),Neutral,1,0,1,0,0,4,2024,2024-04
United Arab Emirates,T20I,Kuwait v United Arab Emirates,Kuwait,Won,7 wickets,2024-04-12,Al Amerat Cricket Ground Oman Cricket (Ministry Turf 2),Neutral,1,1,0,0,0,4,2024,2024-04
Malaysia,T20I,Malaysia v Nepal,Nepal,Lost,5 wickets,2024-04-12,Al Amerat Cricket Ground Oman Cricket (Ministry Turf 1),Neutral,1,0,1,0,0,4,2024,2024-04
Nepal,T20I,Malaysia v Nepal,Malaysia,Won,5 wickets,2024-04-12,Al Amerat Cricket Ground Oman Cricket (Ministry Turf 1),Neutral,1,1,0,0,0,4,2024,2024-04
Hong Kong,T20I,Hong Kong v Qatar,Qatar,Won,26 runs,2024-04-12,Al Amerat Cricket Ground Oman Cricket (Ministry Turf 2),Neutral,1,1,0,0,0,4,2024,2024-04
Qatar,T20I,Hong Kong v Qatar,Hong Kong,Lost,26 runs,2024-04-12,Al Amerat Cricket Ground Oman Cricket (Ministry Turf 2),Neutral,1,0,1,0,0,4,2024,2024-04
Costa Rica,T20I,Costa Rica v Mexico,Mexico,Lost,22 runs,2024-04-12,Los Reyes Polo Club,Neutral,1,0,1,0,0,4,2024,2024-04
Mexico,T20I,Costa Rica v Mexico,Costa Rica,Won,22 runs,2024-04-12,Los Reyes Polo Club,Neutral,1,1,0,0,0,4,2024,2024-04
Costa Rica,T20I,Costa Rica v Mexico,Mexico,Lost,42 runs,2024-04-12,Los Reyes Polo Club,Neutral,1,0,1,0,0,4,2024,2024-04
Mexico,T20I,Costa Rica v Mexico,Costa Rica,Won,42 runs,2024-04-12,Los Reyes Polo Club,Neutral,1,1,0,0,0,4,2024,2024-04
Canada,T20I,Canada v United States of America,United States of America,Lost,4 wickets,2024-04-13,Prairie View Cricket Complex,Neutral,1,0,1,0,0,4,2024,2024-04
United States of America,T20I,Canada v United States of America,Canada,Won,4 wickets,2024-04-13,Prairie View Cricket Complex,Neutral,1,1,0,0,0,4,2024,2024-04
Cambodia,T20I,Cambodia v Kuwait,Kuwait,Lost,8 wickets,2024-04-13,Al Amerat Cricket Ground Oman Cricket (Ministry Turf 1),Neutral,1,0,1,0,0,4,2024,2024-04
Kuwait,T20I,Cambodia v Kuwait,Cambodia,Won,8 wickets,2024-04-13,Al Amerat Cricket Ground Oman Cricket (Ministry Turf 1),Neutral,1,1,0,0,0,4,2024,2024-04
Bahrain,T20I,Bahrain v United Arab Emirates,United Arab Emirates,Lost,37 runs,2024-04-13,Al Amerat Cricket Ground Oman Cricket (Ministry Turf 2),Neutral,1,0,1,0,0,4,2024,2024-04
United Arab Emirates,T20I,Bahrain v United Arab Emirates,Bahrain,Won,37 runs,2024-04-13,Al Amerat Cricket Ground Oman Cricket (Ministry Turf 2),Neutral,1,1,0,0,0,4,2024,2024-04
Nepal,T20I,Nepal v Qatar,Qatar,Won,32 runs,2024-04-13,Al Amerat Cricket Ground Oman Cricket (Ministry Turf 1),Neutral,1,1,0,0,0,4,2024,2024-04
Qatar,T20I,Nepal v Qatar,Nepal,Lost,32 runs,2024-04-13,Al Amerat Cricket Ground Oman Cricket (Ministry Turf 1),Neutral,1,0,1,0,0,4,2024,2024-04
Malaysia,T20I,Malaysia v Saudi Arabia,Saudi Arabia,Won,12 runs,2024-04-13,Al Amerat Cricket Ground Oman Cricket (Ministry Turf 2),Neutral,1,1,0,0,0,4,2024,2024-04
Saudi Arabia,T20I,Malaysia v Saudi Arabia,Malaysia,Lost,12 runs,2024-04-13,Al Amerat Cricket Ground Oman Cricket (Ministry Turf 2),Neutral,1,0,1,0,0,4,2024,2024-04
Costa Rica,T20I,Costa Rica v Mexico,Mexico,Won,42 runs,2024-04-13,Los Reyes Polo Club,Neutral,1,1,0,0,0,4,2024,2024-04
Mexico,T20I,Costa Rica v Mexico,Costa Rica,Lost,42 runs,2024-04-13,Los Reyes Polo Club,Neutral,1,0,1,0,0,4,2024,2024-04
Cambodia,T20I,Cambodia v Oman,Oman,Lost,63 runs,2024-04-14,Al Amerat Cricket Ground Oman Cricket (Ministry Turf 2),Neutral,1,0,1,0,0,4,2024,2024-04
Oman,T20I,Cambodia v Oman,Cambodia,Won,63 runs,2024-04-14,Al Amerat Cricket Ground Oman Cricket (Ministry Turf 2),Neutral,1,1,0,0,0,4,2024,2024-04
Hong Kong,T20I,Hong Kong v Saudi Arabia,Saudi Arabia,Lost,55 runs,2024-04-14,Al Amerat Cricket Ground Oman Cricket (Ministry Turf 2),Neutral,1,0,1,0,0,4,2024,2024-04
Saudi Arabia,T20I,Hong Kong v Saudi Arabia,Hong Kong,Won,55 runs,2024-04-14,Al Amerat Cricket Ground Oman Cricket (Ministry Turf 2),Neutral,1,1,0,0,0,4,2024,2024-04
Jersey,T20I,Jersey v Spain,Spain,Lost,5 wickets,2024-04-14,La Manga Club Top Ground,Neutral,1,0,1,0,0,4,2024,2024-04
Spain,T20I,Jersey v Spain,Jersey,Won,5 wickets,2024-04-14,La Manga Club Top Ground,Neutral,1,1,0,0,0,4,2024,2024-04
Jersey,T20I,Jersey v Spain,Spain,Lost,1 wickets,2024-04-14,La Manga Club Top Ground,Neutral,1,0,1,0,0,4,2024,2024-04
Spain,T20I,Jersey v Spain,Jersey,Won,1 wickets,2024-04-14,La Manga Club Top Ground,Neutral,1,1,0,0,0,4,2024,2024-04
Costa Rica,T20I,Costa Rica v Mexico,Mexico,Lost,58 runs,2024-04-14,Los Reyes Polo Club,Neutral,1,0,1,0,0,4,2024,2024-04
Mexico,T20I,Costa Rica v Mexico,Costa Rica,Won,58 runs,2024-04-14,Los Reyes Polo Club,Neutral,1,1,0,0,0,4,2024,2024-04
Hong Kong,T20I,Hong Kong v Nepal,Nepal,Lost,8 wickets,2024-04-15,Al Amerat Cricket Ground Oman Cricket (Ministry Turf 1),Neutral,1,0,1,0,0,4,2024,2024-04
Nepal,T20I,Hong Kong v Nepal,Hong Kong,Won,8 wickets,2024-04-15,Al Amerat Cricket Ground Oman Cricket (Ministry Turf 1),Neutral,1,1,0,0,0,4,2024,2024-04
Malaysia,T20I,Malaysia v Qatar,Qatar,Lost,4 wickets,2024-04-15,Al Amerat Cricket Ground Oman Cricket (Ministry Turf 2),Neutral,1,0,1,0,0,4,2024,2024-04
Qatar,T20I,Malaysia v Qatar,Malaysia,Won,4 wickets,2024-04-15,Al Amerat Cricket Ground Oman Cricket (Ministry Turf 2),Neutral,1,1,0,0,0,4,2024,2024-04
Oman,T20I,Oman v United Arab Emirates,United Arab Emirates,Won,9 wickets,2024-04-15,Al Amerat Cricket Ground Oman Cricket (Ministry Turf 1),Neutral,1,1,0,0,0,4,2024,2024-04
United Arab Emirates,T20I,Oman v United Arab Emirates,Oman,Lost,9 wickets,2024-04-15,Al Amerat Cricket Ground Oman Cricket (Ministry Turf 1),Neutral,1,0,1,0,0,4,2024,2024-04
Bahrain,T20I,Bahrain v Kuwait,Kuwait,Lost,26 runs,2024-04-15,Al Amerat Cricket Ground Oman Cricket (Ministry Turf 2),Neutral,1,0,1,0,0,4,2024,2024-04
Kuwait,T20I,Bahrain v Kuwait,Bahrain,Won,26 runs,2024-04-15,Al Amerat Cricket Ground Oman Cricket (Ministry Turf 2),Neutral,1,1,0,0,0,4,2024,2024-04
Qatar,T20I,Qatar v Saudi Arabia,Saudi Arabia,Won,15 runs,2024-04-16,Al Amerat Cricket Ground Oman Cricket (Ministry Turf 1),Neutral,1,1,0,0,0,4,2024,2024-04
Saudi Arabia,T20I,Qatar v Saudi Arabia,Qatar,Lost,15 runs,2024-04-16,Al Amerat Cricket Ground Oman Cricket (Ministry Turf 1),Neutral,1,0,1,0,0,4,2024,2024-04
Bahrain,T20I,Bahrain v Cambodia,Cambodia,Won,7 wickets,2024-04-16,Al Amerat Cricket Ground Oman Cricket (Ministry Turf 1),Neutral,1,1,0,0,0,4,2024,2024-04
Cambodia,T20I,Bahrain v Cambodia,Bahrain,Lost,7 wickets,2024-04-16,Al Amerat Cricket Ground Oman Cricket (Ministry Turf 1),Neutral,1,0,1,0,0,4,2024,2024-04
Hong Kong,T20I,Hong Kong v Malaysia,Malaysia,Won,7 wickets,2024-04-17,Al Amerat Cricket Ground Oman Cricket (Ministry Turf 1),Neutral,1,1,0,0,0,4,2024,2024-04
Malaysia,T20I,Hong Kong v Malaysia,Hong Kong,Lost,7 wickets,2024-04-17,Al Amerat Cricket Ground Oman Cricket (Ministry Turf 1),Neutral,1,0,1,0,0,4,2024,2024-04
Nepal,T20I,Nepal v Saudi Arabia,Saudi Arabia,Won,6 wickets,2024-04-17,Al Amerat Cricket Ground Oman Cricket (Ministry Turf 2),Neutral,1,1,0,0,0,4,2024,2024-04
Saudi Arabia,T20I,Nepal v Saudi Arabia,Nepal,Lost,6 wickets,2024-04-17,Al Amerat Cricket Ground Oman Cricket (Ministry Turf 2),Neutral,1,0,1,0,0,4,2024,2024-04
Cambodia,T20I,Cambodia v United Arab Emirates,United Arab Emirates,Lost,9 wickets,2024-04-17,Al Amerat Cricket Ground Oman Cricket (Ministry Turf 1),Neutral,1,0,1,0,0,4,2024,2024-04
United Arab Emirates,T20I,Cambodia v United Arab Emirates,Cambodia,Won,9 wickets,2024-04-17,Al Amerat Cricket Ground Oman Cricket (Ministry Turf 1),Neutral,1,1,0,0,0,4,2024,2024-04
Kuwait,T20I,Kuwait v Oman,Oman,Lost,46 runs,2024-04-17,Al Amerat Cricket Ground Oman Cricket (Ministry Turf 2),Neutral,1,0,1,0,0,4,2024,2024-04
Oman,T20I,Kuwait v Oman,Kuwait,Won,46 runs,2024-04-17,Al Amerat Cricket Ground Oman Cricket (Ministry Turf 2),Neutral,1,1,0,0,0,4,2024,2024-04
New Zealand,T20I,New Zealand v Pakistan,Pakistan,No Result,No Result,2024-04-18,Rawalpindi Cricket Stadium,Neutral,1,0,0,0,1,4,2024,2024-04
Pakistan,T20I,New Zealand v Pakistan,New Zealand,No Result,No Result,2024-04-18,Rawalpindi Cricket Stadium,Neutral,1,0,0,0,1,4,2024,2024-04
Nepal,T20I,Nepal v United Arab Emirates,United Arab Emirates,Lost,6 wickets,2024-04-19,Al Amerat Cricket Ground Oman Cricket (Ministry Turf 1),Neutral,1,0,1,0,0,4,2024,2024-04
United Arab Emirates,T20I,Nepal v United Arab Emirates,Nepal,Won,6 wickets,2024-04-19,Al Amerat Cricket Ground Oman Cricket (Ministry Turf 1),Neutral,1,1,0,0,0,4,2024,2024-04
Hong Kong,T20I,Hong Kong v Oman,Oman,Lost,5 wickets,2024-04-19,Al Amerat Cricket Ground Oman Cricket (Ministry Turf 1),Neutral,1,0,1,0,0,4,2024,2024-04
Oman,T20I,Hong Kong v Oman,Hong Kong,Won,5 wickets,2024-04-19,Al Amerat Cricket Ground Oman Cricket (Ministry Turf 1),Neutral,1,1,0,0,0,4,2024,2024-04
New Zealand,T20I,New Zealand v Pakistan,Pakistan,Lost,7 wickets,2024-04-20,Rawalpindi Cricket Stadium,Neutral,1,0,1,0,0,4,2024,2024-04
Pakistan,T20I,New Zealand v Pakistan,New Zealand,Won,7 wickets,2024-04-20,Rawalpindi Cricket Stadium,Neutral,1,1,0,0,0,4,2024,2024-04
Hong Kong,T20I,Hong Kong v Nepal,Nepal,Won,4 wickets,2024-04-20,Al Amerat Cricket Ground Oman Cricket (Ministry Turf 1),Neutral,1,1,0,0,0,4,2024,2024-04
Nepal,T20I,Hong Kong v Nepal,Hong Kong,Lost,4 wickets,2024-04-20,Al Amerat Cricket Ground Oman Cricket (Ministry Turf 1),Neutral,1,0,1,0,0,4,2024,2024-04
New Zealand,T20I,New Zealand v Pakistan,Pakistan,Won,7 wickets,2024-04-21,Rawalpindi Cricket Stadium,Neutral,1,1,0,0,0,4,2024,2024-04
Pakistan,T20I,New Zealand v Pakistan,New Zealand,Lost,7 wickets,2024-04-21,Rawalpindi Cricket Stadium,Neutral,1,0,1,0,0,4,2024,2024-04
Oman,T20I,Oman v United Arab Emirates,United Arab Emirates,Lost,55 runs,2024-04-21,Al Amerat Cricket Ground Oman Cricket (Ministry Turf 1),Neutral,1,0,1,0,0,4,2024,2024-04
United Arab Emirates,T20I,Oman v United Arab Emirates,Oman,Won,55 runs,2024-04-21,Al Amerat Cricket Ground Oman Cricket (Ministry Turf 1),Neutral,1,1,0,0,0,4,2024,2024-04
New Zealand,T20I,New Zealand v Pakistan,Pakistan,Won,4 runs,2024-04-25,"Gaddafi Stadium, Lahore",Neutral,1,1,0,0,0,4,2024,2024-04
Pakistan,T20I,New Zealand v Pakistan,New Zealand,Lost,4 runs,2024-04-25,"Gaddafi Stadium, Lahore",Neutral,1,0,1,0,0,4,2024,2024-04
New Zealand,T20I,New Zealand v Pakistan,Pakistan,Lost,9 runs,2024-04-27,"Gaddafi Stadium, Lahore",Neutral,1,0,1,0,0,4,2024,2024-04
Pakistan,T20I,New Zealand v Pakistan,New Zealand,Won,9 runs,2024-04-27,"Gaddafi Stadium, Lahore",Neutral,1,1,0,0,0,4,2024,2024-04
Indonesia,T20I,Indonesia v Thailand,Thailand,Lost,8 runs,2024-05-01,Udayana Cricket Ground,Neutral,1,0,1,0,0,5,2024,2024-05
Thailand,T20I,Indonesia v Thailand,Indonesia,Won,8 runs,2024-05-01,Udayana Cricket Ground,Neutral,1,1,0,0,0,5,2024,2024-05
Indonesia,T20I,Indonesia v Thailand,Thailand,Won,6 wickets,2024-05-02,Udayana Cricket Ground,Neutral,1,1,0,0,0,5,2024,2024-05
Thailand,T20I,Indonesia v Thailand,Indonesia,Lost,6 wickets,2024-05-02,Udayana Cricket Ground,Neutral,1,0,1,0,0,5,2024,2024-05
Bangladesh,T20I,Bangladesh v Zimbabwe,Zimbabwe,Won,8 wickets,2024-05-03,"Zahur Ahmed Chowdhury Stadium, Chattogram",Neutral,1,1,0,0,0,5,2024,2024-05
Zimbabwe,T20I,Bangladesh v Zimbabwe,Bangladesh,Lost,8 wickets,2024-05-03,"Zahur Ahmed Chowdhury Stadium, Chattogram",Neutral,1,0,1,0,0,5,2024,2024-05
Indonesia,T20I,Indonesia v Thailand,Thailand,Won,33 runs,2024-05-04,Udayana Cricket Ground,Neutral,1,1,0,0,0,5,2024,2024-05
Thailand,T20I,Indonesia v Thailand,Indonesia,Lost,33 runs,2024-05-04,Udayana Cricket Ground,Neutral,1,0,1,0,0,5,2024,2024-05
Bangladesh,T20I,Bangladesh v Zimbabwe,Zimbabwe,Won,6 wickets,2024-05-05,"Zahur Ahmed Chowdhury Stadium, Chattogram",Neutral,1,1,0,0,0,5,2024,2024-05
Zimbabwe,T20I,Bangladesh v Zimbabwe,Bangladesh,Lost,6 wickets,2024-05-05,"Zahur Ahmed Chowdhury Stadium, Chattogram",Neutral,1,0,1,0,0,5,2024,2024-05
Indonesia,T20I,Indonesia v Thailand,Thailand,Lost,17 runs,2024-05-05,Udayana Cricket Ground,Neutral,1,0,1,0,0,5,2024,2024-05
Thailand,T20I,Indonesia v Thailand,Indonesia,Won,17 runs,2024-05-05,Udayana Cricket Ground,Neutral,1,1,0,0,0,5,2024,2024-05
Indonesia,T20I,Indonesia v Thailand,Thailand,Lost,6 wickets,2024-05-06,Udayana Cricket Ground,Neutral,1,0,1,0,0,5,2024,2024-05
Thailand,T20I,Indonesia v Thailand,Indonesia,Won,6 wickets,2024-05-06,Udayana Cricket Ground,Neutral,1,1,0,0,0,5,2024,2024-05
Bangladesh,T20I,Bangladesh v Zimbabwe,Zimbabwe,Won,9 runs,2024-05-07,"Zahur Ahmed Chowdhury Stadium, Chattogram",Neutral,1,1,0,0,0,5,2024,2024-05
Zimbabwe,T20I,Bangladesh v Zimbabwe,Bangladesh,Lost,9 runs,2024-05-07,"Zahur Ahmed Chowdhury Stadium, Chattogram",Neutral,1,0,1,0,0,5,2024,2024-05
Japan,T20I,Japan v Mongolia,Mongolia,Won,166 runs,2024-05-07,Sano International Cricket Ground,Neutral,1,1,0,0,0,5,2024,2024-05
Mongolia,T20I,Japan v Mongolia,Japan,Lost,166 runs,2024-05-07,Sano International Cricket Ground,Neutral,1,0,1,0,0,5,2024,2024-05
Japan,T20I,Japan v Mongolia,Mongolia,Won,205 runs,2024-05-08,Sano International Cricket Ground,Neutral,1,1,0,0,0,5,2024,2024-05
Mongolia,T20I,Japan v Mongolia,Japan,Lost,205 runs,2024-05-08,Sano International Cricket Ground,Neutral,1,0,1,0,0,5,2024,2024-05
Japan,T20I,Japan v Mongolia,Mongolia,No Result,No Result,2024-05-08,Sano International Cricket Ground,Neutral,1,0,0,0,1,5,2024,2024-05
Mongolia,T20I,Japan v Mongolia,Japan,No Result,No Result,2024-05-08,Sano International Cricket Ground,Neutral,1,0,0,0,1,5,2024,2024-05
Japan,T20I,Japan v Mongolia,Mongolia,Won,10 wickets,2024-05-09,Sano International Cricket Ground,Neutral,1,1,0,0,0,5,2024,2024-05
Mongolia,T20I,Japan v Mongolia,Japan,Lost,10 wickets,2024-05-09,Sano International Cricket Ground,Neutral,1,0,1,0,0,5,2024,2024-05
France,T20I,France v Malta,Malta,Won,9 runs,2024-05-09,Dreux Sport Cricket Club,Neutral,1,1,0,0,0,5,2024,2024-05
Malta,T20I,France v Malta,France,Lost,9 runs,2024-05-09,Dreux Sport Cricket Club,Neutral,1,0,1,0,0,5,2024,2024-05
France,T20I,France v Malta,Malta,Won,86 runs,2024-05-09,Dreux Sport Cricket Club,Neutral,1,1,0,0,0,5,2024,2024-05
Malta,T20I,France v Malta,France,Lost,86 runs,2024-05-09,Dreux Sport Cricket Club,Neutral,1,0,1,0,0,5,2024,2024-05
Bangladesh,T20I,Bangladesh v Zimbabwe,Zimbabwe,Won,5 runs,2024-05-10,"Shere Bangla National Stadium, Mirpur",Neutral,1,1,0,0,0,5,2024,2024-05
Zimbabwe,T20I,Bangladesh v Zimbabwe,Bangladesh,Lost,5 runs,2024-05-10,"Shere Bangla National Stadium, Mirpur",Neutral,1,0,1,0,0,5,2024,2024-05
Ireland,T20I,Ireland v Pakistan,Pakistan,Won,5 wickets,2024-05-10,"Castle Avenue, Dublin",Neutral,1,1,0,0,0,5,2024,2024-05
Pakistan,T20I,Ireland v Pakistan,Ireland,Lost,5 wickets,2024-05-10,"Castle Avenue, Dublin",Neutral,1,0,1,0,0,5,2024,2024-05
Belgium,T20I,Belgium v France,France,Tied,Tie,2024-05-10,Dreux Sport Cricket Club,Neutral,1,0,0,1,0,5,2024,2024-05
France,T20I,Belgium v France,Belgium,Tied,Tie,2024-05-10,Dreux Sport Cricket Club,Neutral,1,0,0,1,0,5,2024,2024-05
Belgium,T20I,Belgium v Malta,Malta,Won,16 runs,2024-05-10,Dreux Sport Cricket Club,Neutral,1,1,0,0,0,5,2024,2024-05
Malta,T20I,Belgium v Malta,Belgium,Lost,16 runs,2024-05-10,Dreux Sport Cricket Club,Neutral,1,0,1,0,0,5,2024,2024-05
Japan,T20I,Japan v Mongolia,Mongolia,Won,180 runs,2024-05-11,Sano International Cricket Ground,Neutral,1,1,0,0,0,5,2024,2024-05
Mongolia,T20I,Japan v Mongolia,Japan,Lost,180 runs,2024-05-11,Sano International Cricket Ground,Neutral,1,0,1,0,0,5,2024,2024-05
Japan,T20I,Japan v Mongolia,Mongolia,Won,158 runs,2024-05-11,Sano International Cricket Ground,Neutral,1,1,0,0,0,5,2024,2024-05
Mongolia,T20I,Japan v Mongolia,Japan,Lost,158 runs,2024-05-11,Sano International Cricket Ground,Neutral,1,0,1,0,0,5,2024,2024-05
Belgium,T20I,Belgium v Malta,Malta,Won,7 wickets,2024-05-11,Dreux Sport Cricket Club,Neutral,1,1,0,0,0,5,2024,2024-05
Malta,T20I,Belgium v Malta,Belgium,Lost,7 wickets,2024-05-11,Dreux Sport Cricket Club,Neutral,1,0,1,0,0,5,2024,2024-05
Belgium,T20I,Belgium v France,France,Lost,7 wickets,2024-05-11,Dreux Sport Cricket Club,Neutral,1,0,1,0,0,5,2024,2024-05
France,T20I,Belgium v France,Belgium,Won,7 wickets,2024-05-11,Dreux Sport Cricket Club,Neutral,1,1,0,0,0,5,2024,2024-05
Bangladesh,T20I,Bangladesh v Zimbabwe,Zimbabwe,Lost,8 wickets,2024-05-12,"Shere Bangla National Stadium, Mirpur",Neutral,1,0,1,0,0,5,2024,2024-05
Zimbabwe,T20I,Bangladesh v Zimbabwe,Bangladesh,Won,8 wickets,2024-05-12,"Shere Bangla National Stadium, Mirpur",Neutral,1,1,0,0,0,5,2024,2024-05
Ireland,T20I,Ireland v Pakistan,Pakistan,Lost,7 wickets,2024-05-12,"Castle Avenue, Dublin",Neutral,1,0,1,0,0,5,2024,2024-05
Pakistan,T20I,Ireland v Pakistan,Ireland,Won,7 wickets,2024-05-12,"Castle Avenue, Dublin",Neutral,1,1,0,0,0,5,2024,2024-05
Japan,T20I,Japan v Mongolia,Mongolia,Won,157 runs,2024-05-12,Sano International Cricket Ground,Neutral,1,1,0,0,0,5,2024,2024-05
Mongolia,T20I,Japan v Mongolia,Japan,Lost,157 runs,2024-05-12,Sano International Cricket Ground,Neutral,1,0,1,0,0,5,2024,2024-05
Belgium,T20I,Belgium v France,France,Won,15 runs,2024-05-12,Dreux Sport Cricket Club,Neutral,1,1,0,0,0,5,2024,2024-05
France,T20I,Belgium v France,Belgium,Lost,15 runs,2024-05-12,Dreux Sport Cricket Club,Neutral,1,0,1,0,0,5,2024,2024-05
Ireland,T20I,Ireland v Pakistan,Pakistan,Lost,6 wickets,2024-05-14,"Castle Avenue, Dublin",Neutral,1,0,1,0,0,5,2024,2024-05
Pakistan,T20I,Ireland v Pakistan,Ireland,Won,6 wickets,2024-05-14,"Castle Avenue, Dublin",Neutral,1,1,0,0,0,5,2024,2024-05
Netherlands,T20I,Netherlands v Scotland,Scotland,Won,41 runs,2024-05-18,"Sportpark Westvliet, The Hague",Neutral,1,1,0,0,0,5,2024,2024-05
Scotland,T20I,Netherlands v Scotland,Netherlands,Lost,41 runs,2024-05-18,"Sportpark Westvliet, The Hague",Neutral,1,0,1,0,0,5,2024,2024-05
Ireland,T20I,Ireland v Netherlands,Netherlands,Won,1 runs,2024-05-19,"Sportpark Westvliet, The Hague",Neutral,1,1,0,0,0,5,2024,2024-05
Netherlands,T20I,Ireland v Netherlands,Ireland,Lost,1 runs,2024-05-19,"Sportpark Westvliet, The Hague",Neutral,1,0,1,0,0,5,2024,2024-05
Bangladesh,T20I,Bangladesh v United States of America,United States of America,Lost,5 wickets,2024-05-21,Prairie View Cricket Complex,Neutral,1,0,1,0,0,5,2024,2024-05
United States of America,T20I,Bangladesh v United States of America,Bangladesh,Won,5 wickets,2024-05-21,Prairie View Cricket Complex,Neutral,1,1,0,0,0,5,2024,2024-05
Netherlands,T20I,Netherlands v Scotland,Scotland,Lost,71 runs,2024-05-22,"Sportpark Westvliet, The Hague",Neutral,1,0,1,0,0,5,2024,2024-05
Scotland,T20I,Netherlands v Scotland,Netherlands,Won,71 runs,2024-05-22,"Sportpark Westvliet, The Hague",Neutral,1,1,0,0,0,5,2024,2024-05
Bangladesh,T20I,Bangladesh v United States of America,United States of America,Lost,6 runs,2024-05-23,Prairie View Cricket Complex,Neutral,1,0,1,0,0,5,2024,2024-05
United States of America,T20I,Bangladesh v United States of America,Bangladesh,Won,6 runs,2024-05-23,Prairie View Cricket Complex,Neutral,1,1,0,0,0,5,2024,2024-05
Ireland,T20I,Ireland v Scotland,Scotland,Won,5 wickets,2024-05-23,"Sportpark Westvliet, The Hague",Neutral,1,1,0,0,0,5,2024,2024-05
Scotland,T20I,Ireland v Scotland,Ireland,Lost,5 wickets,2024-05-23,"Sportpark Westvliet, The Hague",Neutral,1,0,1,0,0,5,2024,2024-05
South Africa,T20I,South Africa v West Indies,West Indies,Lost,28 runs,2024-05-23,"Sabina Park, Kingston, Jamaica",Neutral,1,0,1,0,0,5,2024,2024-05
West Indies,T20I,South Africa v West Indies,South Africa,Won,28 runs,2024-05-23,"Sabina Park, Kingston, Jamaica",Neutral,1,1,0,0,0,5,2024,2024-05
Ireland,T20I,Ireland v Netherlands,Netherlands,Won,3 runs,2024-05-24,"Sportpark Westvliet, The Hague",Neutral,1,1,0,0,0,5,2024,2024-05
Netherlands,T20I,Ireland v Netherlands,Ireland,Lost,3 runs,2024-05-24,"Sportpark Westvliet, The Hague",Neutral,1,0,1,0,0,5,2024,2024-05
Bulgaria,T20I,Bulgaria v Gibraltar,Gibraltar,Lost,5 wickets,2024-05-24,"Moara Vlasiei Cricket Ground, Ilfov County",Neutral,1,0,1,0,0,5,2024,2024-05
Gibraltar,T20I,Bulgaria v Gibraltar,Bulgaria,Won,5 wickets,2024-05-24,"Moara Vlasiei Cricket Ground, Ilfov County",Neutral,1,1,0,0,0,5,2024,2024-05
Bulgaria,T20I,Bulgaria v Romania,Romania,Lost,7 wickets,2024-05-24,"Moara Vlasiei Cricket Ground, Ilfov County",Neutral,1,0,1,0,0,5,2024,2024-05
Romania,T20I,Bulgaria v Romania,Bulgaria,Won,7 wickets,2024-05-24,"Moara Vlasiei Cricket Ground, Ilfov County",Neutral,1,1,0,0,0,5,2024,2024-05
England,T20I,England v Pakistan,Pakistan,Won,23 runs,2024-05-25,"Edgbaston, Birmingham",Neutral,1,1,0,0,0,5,2024,2024-05
Pakistan,T20I,England v Pakistan,England,Lost,23 runs,2024-05-25,"Edgbaston, Birmingham",Neutral,1,0,1,0,0,5,2024,2024-05
Bangladesh,T20I,Bangladesh v United States of America,United States of America,Won,10 wickets,2024-05-25,Prairie View Cricket Complex,Neutral,1,1,0,0,0,5,2024,2024-05
United States of America,T20I,Bangladesh v United States of America,Bangladesh,Lost,10 wickets,2024-05-25,Prairie View Cricket Complex,Neutral,1,0,1,0,0,5,2024,2024-05
South Africa,T20I,South Africa v West Indies,West Indies,Lost,16 runs,2024-05-25,"Sabina Park, Kingston, Jamaica",Neutral,1,0,1,0,0,5,2024,2024-05
West Indies,T20I,South Africa v West Indies,South Africa,Won,16 runs,2024-05-25,"Sabina Park, Kingston, Jamaica",Neutral,1,1,0,0,0,5,2024,2024-05
Gibraltar,T20I,Gibraltar v Romania,Romania,Won,6 wickets,2024-05-25,"Moara Vlasiei Cricket Ground, Ilfov County",Neutral,1,1,0,0,0,5,2024,2024-05
Romania,T20I,Gibraltar v Romania,Gibraltar,Lost,6 wickets,2024-05-25,"Moara Vlasiei Cricket Ground, Ilfov County",Neutral,1,0,1,0,0,5,2024,2024-05
South Africa,T20I,South Africa v West Indies,West Indies,Lost,8 wickets,2024-05-26,"Sabina Park, Kingston, Jamaica",Neutral,1,0,1,0,0,5,2024,2024-05
West Indies,T20I,South Africa v West Indies,South Africa,Won,8 wickets,2024-05-26,"Sabina Park, Kingston, Jamaica",Neutral,1,1,0,0,0,5,2024,2024-05
Bulgaria,T20I,Bulgaria v Romania,Romania,Lost,74 runs,2024-05-26,"Moara Vlasiei Cricket Ground, Ilfov County",Neutral,1,0,1,0,0,5,2024,2024-05
Romania,T20I,Bulgaria v Romania,Bulgaria,Won,74 runs,2024-05-26,"Moara Vlasiei Cricket Ground, Ilfov County",Neutral,1,1,0,0,0,5,2024,2024-05
England,T20I,England v Pakistan,Pakistan,Won,7 wickets,2024-05-30,"Kennington Oval, London",Neutral,1,1,0,0,0,5,2024,2024-05
Pakistan,T20I,England v Pakistan,England,Lost,7 wickets,2024-05-30,"Kennington Oval, London",Neutral,1,0,1,0,0,5,2024,2024-05
Canada,T20I,Canada v United States of America,United States of America,Lost,7 wickets,2024-06-01,"Grand Prairie Stadium, Dallas",Neutral,1,0,1,0,0,6,2024,2024-06
United States of America,T20I,Canada v United States of America,Canada,Won,7 wickets,2024-06-01,"Grand Prairie Stadium, Dallas",Neutral,1,1,0,0,0,6,2024,2024-06
Papua New Guinea,T20I,Papua New Guinea v West Indies,West Indies,Lost,5 wickets,2024-06-02,"Providence Stadium, Guyana",Neutral,1,0,1,0,0,6,2024,2024-06
West Indies,T20I,Papua New Guinea v West Indies,Papua New Guinea,Won,5 wickets,2024-06-02,"Providence Stadium, Guyana",Neutral,1,1,0,0,0,6,2024,2024-06
Namibia,T20I,Namibia v Oman,Oman,Tied,Tie,2024-06-02,"Kensington Oval, Bridgetown, Barbados",Neutral,1,0,0,1,0,6,2024,2024-06
Oman,T20I,Namibia v Oman,Namibia,Tied,Tie,2024-06-02,"Kensington Oval, Bridgetown, Barbados",Neutral,1,0,0,1,0,6,2024,2024-06
South Africa,T20I,South Africa v Sri Lanka,Sri Lanka,Won,6 wickets,2024-06-03,"Nassau County International Cricket Stadium, New York",Neutral,1,1,0,0,0,6,2024,2024-06
Sri Lanka,T20I,South Africa v Sri Lanka,South Africa,Lost,6 wickets,2024-06-03,"Nassau County International Cricket Stadium, New York",Neutral,1,0,1,0,0,6,2024,2024-06
England,T20I,England v Scotland,Scotland,No Result,No Result,2024-06-04,"Kensington Oval, Bridgetown, Barbados",Neutral,1,0,0,0,1,6,2024,2024-06
Scotland,T20I,England v Scotland,England,No Result,No Result,2024-06-04,"Kensington Oval, Bridgetown, Barbados",Neutral,1,0,0,0,1,6,2024,2024-06
Nepal,T20I,Nepal v Netherlands,Netherlands,Lost,6 wickets,2024-06-04,"Grand Prairie Stadium, Dallas",Neutral,1,0,1,0,0,6,2024,2024-06
Netherlands,T20I,Nepal v Netherlands,Nepal,Won,6 wickets,2024-06-04,"Grand Prairie Stadium, Dallas",Neutral,1,1,0,0,0,6,2024,2024-06
India,T20I,India v Ireland,Ireland,Won,8 wickets,2024-06-05,"Nassau County International Cricket Stadium, New York",Neutral,1,1,0,0,0,6,2024,2024-06
Ireland,T20I,India v Ireland,India,Lost,8 wickets,2024-06-05,"Nassau County International Cricket Stadium, New York",Neutral,1,0,1,0,0,6,2024,2024-06
Papua New Guinea,T20I,Papua New Guinea v Uganda,Uganda,Lost,3 wickets,2024-06-05,"Providence Stadium, Guyana",Neutral,1,0,1,0,0,6,2024,2024-06
Uganda,T20I,Papua New Guinea v Uganda,Papua New Guinea,Won,3 wickets,2024-06-05,"Providence Stadium, Guyana",Neutral,1,1,0,0,0,6,2024,2024-06
Australia,T20I,Australia v Oman,Oman,Won,39 runs,2024-06-05,"Kensington Oval, Bridgetown, Barbados",Neutral,1,1,0,0,0,6,2024,2024-06
Oman,T20I,Australia v Oman,Australia,Lost,39 runs,2024-06-05,"Kensington Oval, Bridgetown, Barbados",Neutral,1,0,1,0,0,6,2024,2024-06
Pakistan,T20I,Pakistan v United States of America,United States of America,Tied,Tie,2024-06-06,"Grand Prairie Stadium, Dallas",Neutral,1,0,0,1,0,6,2024,2024-06
United States of America,T20I,Pakistan v United States of America,Pakistan,Tied,Tie,2024-06-06,"Grand Prairie Stadium, Dallas",Neutral,1,0,0,1,0,6,2024,2024-06
Namibia,T20I,Namibia v Scotland,Scotland,Lost,5 wickets,2024-06-06,"Kensington Oval, Bridgetown, Barbados",Neutral,1,0,1,0,0,6,2024,2024-06
Scotland,T20I,Namibia v Scotland,Namibia,Won,5 wickets,2024-06-06,"Kensington Oval, Bridgetown, Barbados",Neutral,1,1,0,0,0,6,2024,2024-06
Canada,T20I,Canada v Ireland,Ireland,Won,12 runs,2024-06-07,"Nassau County International Cricket Stadium, New York",Neutral,1,1,0,0,0,6,2024,2024-06
Ireland,T20I,Canada v Ireland,Canada,Lost,12 runs,2024-06-07,"Nassau County International Cricket Stadium, New York",Neutral,1,0,1,0,0,6,2024,2024-06
Bangladesh,T20I,Bangladesh v Sri Lanka,Sri Lanka,Won,2 wickets,2024-06-07,"Grand Prairie Stadium, Dallas",Neutral,1,1,0,0,0,6,2024,2024-06
Sri Lanka,T20I,Bangladesh v Sri Lanka,Bangladesh,Lost,2 wickets,2024-06-07,"Grand Prairie Stadium, Dallas",Neutral,1,0,1,0,0,6,2024,2024-06
Netherlands,T20I,Netherlands v South Africa,South Africa,Lost,4 wickets,2024-06-08,"Nassau County International Cricket Stadium, New York",Neutral,1,0,1,0,0,6,2024,2024-06
South Africa,T20I,Netherlands v South Africa,Netherlands,Won,4 wickets,2024-06-08,"Nassau County International Cricket Stadium, New York",Neutral,1,1,0,0,0,6,2024,2024-06
Australia,T20I,Australia v England,England,Won,36 runs,2024-06-08,"Kensington Oval, Bridgetown, Barbados",Neutral,1,1,0,0,0,6,2024,2024-06
England,T20I,Australia v England,Australia,Lost,36 runs,2024-06-08,"Kensington Oval, Bridgetown, Barbados",Neutral,1,0,1,0,0,6,2024,2024-06
Uganda,T20I,Uganda v West Indies,West Indies,Lost,134 runs,2024-06-08,"Providence Stadium, Guyana",Neutral,1,0,1,0,0,6,2024,2024-06
West Indies,T20I,Uganda v West Indies,Uganda,Won,134 runs,2024-06-08,"Providence Stadium, Guyana",Neutral,1,1,0,0,0,6,2024,2024-06
India,T20I,India v Pakistan,Pakistan,Won,6 runs,2024-06-09,"Nassau County International Cricket Stadium, New York",Neutral,1,1,0,0,0,6,2024,2024-06
Pakistan,T20I,India v Pakistan,India,Lost,6 runs,2024-06-09,"Nassau County International Cricket Stadium, New York",Neutral,1,0,1,0,0,6,2024,2024-06
Oman,T20I,Oman v Scotland,Scotland,Lost,7 wickets,2024-06-09,"Sir Vivian Richards Stadium, North Sound, Antigua",Neutral,1,0,1,0,0,6,2024,2024-06
Scotland,T20I,Oman v Scotland,Oman,Won,7 wickets,2024-06-09,"Sir Vivian Richards Stadium, North Sound, Antigua",Neutral,1,1,0,0,0,6,2024,2024-06
Italy,T20I,Italy v Luxembourg,Luxembourg,Won,77 runs,2024-06-09,Roma Cricket Ground,Neutral,1,1,0,0,0,6,2024,2024-06
Luxembourg,T20I,Italy v Luxembourg,Italy,Lost,77 runs,2024-06-09,Roma Cricket Ground,Neutral,1,0,1,0,0,6,2024,2024-06
Hungary,T20I,Hungary v Portugal,Portugal,Lost,15 runs,2024-06-09,"Simar Cricket Ground, Rome",Neutral,1,0,1,0,0,6,2024,2024-06
Portugal,T20I,Hungary v Portugal,Hungary,Won,15 runs,2024-06-09,"Simar Cricket Ground, Rome",Neutral,1,1,0,0,0,6,2024,2024-06
France,T20I,France v Isle of Man,Isle of Man,Won,16 runs,2024-06-09,Roma Cricket Ground,Neutral,1,1,0,0,0,6,2024,2024-06
Isle of Man,T20I,France v Isle of Man,France,Lost,16 runs,2024-06-09,Roma Cricket Ground,Neutral,1,0,1,0,0,6,2024,2024-06
Austria,T20I,Austria v Romania,Romania,Lost,3 wickets,2024-06-09,"Simar Cricket Ground, Rome",Neutral,1,0,1,0,0,6,2024,2024-06
Romania,T20I,Austria v Romania,Austria,Won,3 wickets,2024-06-09,"Simar Cricket Ground, Rome",Neutral,1,1,0,0,0,6,2024,2024-06
Bangladesh,T20I,Bangladesh v South Africa,South Africa,Lost,4 runs,2024-06-10,"Nassau County International Cricket Stadium, New York",Neutral,1,0,1,0,0,6,2024,2024-06
South Africa,T20I,Bangladesh v South Africa,Bangladesh,Won,4 runs,2024-06-10,"Nassau County International Cricket Stadium, New York",Neutral,1,1,0,0,0,6,2024,2024-06
Austria,T20I,Austria v Israel,Israel,Won,7 wickets,2024-06-10,Roma Cricket Ground,Neutral,1,1,0,0,0,6,2024,2024-06
Israel,T20I,Austria v Israel,Austria,Lost,7 wickets,2024-06-10,Roma Cricket Ground,Neutral,1,0,1,0,0,6,2024,2024-06
Isle of Man,T20I,Isle of Man v Turkey,Turkey,Won,81 runs,2024-06-10,"Simar Cricket Ground, Rome",Neutral,1,1,0,0,0,6,2024,2024-06
Turkey,T20I,Isle of Man v Turkey,Isle of Man,Lost,81 runs,2024-06-10,"Simar Cricket Ground, Rome",Neutral,1,0,1,0,0,6,2024,2024-06
Portugal,T20I,Portugal v Romania,Romania,Lost,6 wickets,2024-06-10,Roma Cricket Ground,Neutral,1,0,1,0,0,6,2024,2024-06
Romania,T20I,Portugal v Romania,Portugal,Won,6 wickets,2024-06-10,Roma Cricket Ground,Neutral,1,1,0,0,0,6,2024,2024-06
France,T20I,France v Italy,Italy,Lost,5 wickets,2024-06-10,"Simar Cricket Ground, Rome",Neutral,1,0,1,0,0,6,2024,2024-06
Italy,T20I,France v Italy,France,Won,5 wickets,2024-06-10,"Simar Cricket Ground, Rome",Neutral,1,1,0,0,0,6,2024,2024-06
Canada,T20I,Canada v Pakistan,Pakistan,Lost,7 wickets,2024-06-11,"Nassau County International Cricket Stadium, New York",Neutral,1,0,1,0,0,6,2024,2024-06
Pakistan,T20I,Canada v Pakistan,Canada,Won,7 wickets,2024-06-11,"Nassau County International Cricket Stadium, New York",Neutral,1,1,0,0,0,6,2024,2024-06
Australia,T20I,Australia v Namibia,Namibia,Won,9 wickets,2024-06-11,"Sir Vivian Richards Stadium, North Sound, Antigua",Neutral,1,1,0,0,0,6,2024,2024-06
Namibia,T20I,Australia v Namibia,Australia,Lost,9 wickets,2024-06-11,"Sir Vivian Richards Stadium, North Sound, Antigua",Neutral,1,0,1,0,0,6,2024,2024-06
India,T20I,India v United States of America,United States of America,Won,7 wickets,2024-06-12,"Nassau County International Cricket Stadium, New York",Neutral,1,1,0,0,0,6,2024,2024-06
United States of America,T20I,India v United States of America,India,Lost,7 wickets,2024-06-12,"Nassau County International Cricket Stadium, New York",Neutral,1,0,1,0,0,6,2024,2024-06
New Zealand,T20I,New Zealand v West Indies,West Indies,Lost,13 runs,2024-06-12,"Brian Lara Stadium, Tarouba, Trinidad",Neutral,1,0,1,0,0,6,2024,2024-06
West Indies,T20I,New Zealand v West Indies,New Zealand,Won,13 runs,2024-06-12,"Brian Lara Stadium, Tarouba, Trinidad",Neutral,1,1,0,0,0,6,2024,2024-06
Isle of Man,T20I,Isle of Man v Italy,Italy,Lost,7 wickets,2024-06-12,Roma Cricket Ground,Neutral,1,0,1,0,0,6,2024,2024-06
Italy,T20I,Isle of Man v Italy,Isle of Man,Won,7 wickets,2024-06-12,Roma Cricket Ground,Neutral,1,1,0,0,0,6,2024,2024-06
Austria,T20I,Austria v Portugal,Portugal,Won,7 wickets,2024-06-12,"Simar Cricket Ground, Rome",Neutral,1,1,0,0,0,6,2024,2024-06
Portugal,T20I,Austria v Portugal,Austria,Lost,7 wickets,2024-06-12,"Simar Cricket Ground, Rome",Neutral,1,0,1,0,0,6,2024,2024-06
Luxembourg,T20I,Luxembourg v Turkey,Turkey,Won,73 runs,2024-06-12,Roma Cricket Ground,Neutral,1,1,0,0,0,6,2024,2024-06
Turkey,T20I,Luxembourg v Turkey,Luxembourg,Lost,73 runs,2024-06-12,Roma Cricket Ground,Neutral,1,0,1,0,0,6,2024,2024-06
Hungary,T20I,Hungary v Israel,Israel,Won,1 wickets,2024-06-12,"Simar Cricket Ground, Rome",Neutral,1,1,0,0,0,6,2024,2024-06
Israel,T20I,Hungary v Israel,Hungary,Lost,1 wickets,2024-06-12,"Simar Cricket Ground, Rome",Neutral,1,0,1,0,0,6,2024,2024-06
Bangladesh,T20I,Bangladesh v Netherlands,Netherlands,Won,25 runs,2024-06-13,"Arnos Vale Ground, Kingstown, St Vincent",Neutral,1,1,0,0,0,6,2024,2024-06
Netherlands,T20I,Bangladesh v Netherlands,Bangladesh,Lost,25 runs,2024-06-13,"Arnos Vale Ground, Kingstown, St Vincent",Neutral,1,0,1,0,0,6,2024,2024-06
England,T20I,England v Oman,Oman,Won,8 wickets,2024-06-13,"Sir Vivian Richards Stadium, North Sound, Antigua",Neutral,1,1,0,0,0,6,2024,2024-06
Oman,T20I,England v Oman,England,Lost,8 wickets,2024-06-13,"Sir Vivian Richards Stadium, North Sound, Antigua",Neutral,1,0,1,0,0,6,2024,2024-06
Hungary,T20I,Hungary v Romania,Romania,Lost,8 wickets,2024-06-13,Roma Cricket Ground,Neutral,1,0,1,0,0,6,2024,2024-06
Romania,T20I,Hungary v Romania,Hungary,Won,8 wickets,2024-06-13,Roma Cricket Ground,Neutral,1,1,0,0,0,6,2024,2024-06
France,T20I,France v Luxembourg,Luxembourg,Won,13 runs,2024-06-13,"Simar Cricket Ground, Rome",Neutral,1,1,0,0,0,6,2024,2024-06
Luxembourg,T20I,France v Luxembourg,France,Lost,13 runs,2024-06-13,"Simar Cricket Ground, Rome",Neutral,1,0,1,0,0,6,2024,2024-06
Israel,T20I,Israel v Portugal,Portugal,Won,2 wickets,2024-06-13,Roma Cricket Ground,Neutral,1,1,0,0,0,6,2024,2024-06
Portugal,T20I,Israel v Portugal,Israel,Lost,2 wickets,2024-06-13,Roma Cricket Ground,Neutral,1,0,1,0,0,6,2024,2024-06
Italy,T20I,Italy v Turkey,Turkey,Won,9 wickets,2024-06-13,"Simar Cricket Ground, Rome",Neutral,1,1,0,0,0,6,2024,2024-06
Turkey,T20I,Italy v Turkey,Italy,Lost,9 wickets,2024-06-13,"Simar Cricket Ground, Rome",Neutral,1,0,1,0,0,6,2024,2024-06
Nepal,T20I,Nepal v South Africa,South Africa,Lost,1 runs,2024-06-14,"Arnos Vale Ground, Kingstown, St Vincent",Neutral,1,0,1,0,0,6,2024,2024-06
South Africa,T20I,Nepal v South Africa,Nepal,Won,1 runs,2024-06-14,"Arnos Vale Ground, Kingstown, St Vincent",Neutral,1,1,0,0,0,6,2024,2024-06
New Zealand,T20I,New Zealand v Uganda,Uganda,Won,9 wickets,2024-06-14,"Brian Lara Stadium, Tarouba, Trinidad",Neutral,1,1,0,0,0,6,2024,2024-06
Uganda,T20I,New Zealand v Uganda,New Zealand,Lost,9 wickets,2024-06-14,"Brian Lara Stadium, Tarouba, Trinidad",Neutral,1,0,1,0,0,6,2024,2024-06
Finland,T20I,Finland v Norway,Norway,Lost,97 runs,2024-06-14,Kerava National Cricket Ground,Neutral,1,0,1,0,0,6,2024,2024-06
Norway,T20I,Finland v Norway,Finland,Won,97 runs,2024-06-14,Kerava National Cricket Ground,Neutral,1,1,0,0,0,6,2024,2024-06
England,T20I,England v Namibia,Namibia,Won,41 runs,2024-06-15,"Sir Vivian Richards Stadium, North Sound, Antigua",Neutral,1,1,0,0,0,6,2024,2024-06
Namibia,T20I,England v Namibia,England,Lost,41 runs,2024-06-15,"Sir Vivian Richards Stadium, North Sound, Antigua",Neutral,1,0,1,0,0,6,2024,2024-06
Australia,T20I,Australia v Scotland,Scotland,Won,5 wickets,2024-06-15,"Daren Sammy National Cricket Stadium, Gros Islet, St Lucia",Neutral,1,1,0,0,0,6,2024,2024-06
Scotland,T20I,Australia v Scotland,Australia,Lost,5 wickets,2024-06-15,"Daren Sammy National Cricket Stadium, Gros Islet, St Lucia",Neutral,1,0,1,0,0,6,2024,2024-06
Isle of Man,T20I,Isle of Man v Luxembourg,Luxembourg,Won,63 runs,2024-06-15,Roma Cricket Ground,Neutral,1,1,0,0,0,6,2024,2024-06
Luxembourg,T20I,Isle of Man v Luxembourg,Isle of Man,Lost,63 runs,2024-06-15,Roma Cricket Ground,Neutral,1,0,1,0,0,6,2024,2024-06
Austria,T20I,Austria v Hungary,Hungary,Won,14 runs,2024-06-15,"Simar Cricket Ground, Rome",Neutral,1,1,0,0,0,6,2024,2024-06
Hungary,T20I,Austria v Hungary,Austria,Lost,14 runs,2024-06-15,"Simar Cricket Ground, Rome",Neutral,1,0,1,0,0,6,2024,2024-06
France,T20I,France v Turkey,Turkey,Won,40 runs,2024-06-15,Roma Cricket Ground,Neutral,1,1,0,0,0,6,2024,2024-06
Turkey,T20I,France v Turkey,France,Lost,40 runs,2024-06-15,Roma Cricket Ground,Neutral,1,0,1,0,0,6,2024,2024-06
Israel,T20I,Israel v Romania,Romania,Lost,24 runs,2024-06-15,"Simar Cricket Ground, Rome",Neutral,1,0,1,0,0,6,2024,2024-06
Romania,T20I,Israel v Romania,Israel,Won,24 runs,2024-06-15,"Simar Cricket Ground, Rome",Neutral,1,1,0,0,0,6,2024,2024-06
Finland,T20I,Finland v Norway,Norway,Lost,7 wickets,2024-06-15,Kerava National Cricket Ground,Neutral,1,0,1,0,0,6,2024,2024-06
Norway,T20I,Finland v Norway,Finland,Won,7 wickets,2024-06-15,Kerava National Cricket Ground,Neutral,1,1,0,0,0,6,2024,2024-06
Ireland,T20I,Ireland v Pakistan,Pakistan,Lost,3 wickets,2024-06-16,"Central Broward Regional Park Stadium Turf Ground, Lauderhill",Neutral,1,0,1,0,0,6,2024,2024-06
Pakistan,T20I,Ireland v Pakistan,Ireland,Won,3 wickets,2024-06-16,"Central Broward Regional Park Stadium Turf Ground, Lauderhill",Neutral,1,1,0,0,0,6,2024,2024-06
Bangladesh,T20I,Bangladesh v Nepal,Nepal,Won,21 runs,2024-06-16,"Arnos Vale Ground, Kingstown, St Vincent",Neutral,1,1,0,0,0,6,2024,2024-06
Nepal,T20I,Bangladesh v Nepal,Bangladesh,Lost,21 runs,2024-06-16,"Arnos Vale Ground, Kingstown, St Vincent",Neutral,1,0,1,0,0,6,2024,2024-06
Netherlands,T20I,Netherlands v Sri Lanka,Sri Lanka,Lost,83 runs,2024-06-16,"Daren Sammy National Cricket Stadium, Gros Islet, St Lucia",Neutral,1,0,1,0,0,6,2024,2024-06
Sri Lanka,T20I,Netherlands v Sri Lanka,Netherlands,Won,83 runs,2024-06-16,"Daren Sammy National Cricket Stadium, Gros Islet, St Lucia",Neutral,1,1,0,0,0,6,2024,2024-06
Israel,T20I,Israel v Luxembourg,Luxembourg,Won,2 wickets,2024-06-16,Roma Cricket Ground,Neutral,1,1,0,0,0,6,2024,2024-06
Luxembourg,T20I,Israel v Luxembourg,Israel,Lost,2 wickets,2024-06-16,Roma Cricket Ground,Neutral,1,0,1,0,0,6,2024,2024-06
Austria,T20I,Austria v France,France,Won,6 wickets,2024-06-16,"Simar Cricket Ground, Rome",Neutral,1,1,0,0,0,6,2024,2024-06
France,T20I,Austria v France,Austria,Lost,6 wickets,2024-06-16,"Simar Cricket Ground, Rome",Neutral,1,0,1,0,0,6,2024,2024-06
Isle of Man,T20I,Isle of Man v Portugal,Portugal,Lost,88 runs,2024-06-16,Roma Cricket Ground,Neutral,1,0,1,0,0,6,2024,2024-06
Portugal,T20I,Isle of Man v Portugal,Isle of Man,Won,88 runs,2024-06-16,Roma Cricket Ground,Neutral,1,1,0,0,0,6,2024,2024-06
Italy,T20I,Italy v Romania,Romania,Won,160 runs,2024-06-16,"Simar Cricket Ground, Rome",Neutral,1,1,0,0,0,6,2024,2024-06
Romania,T20I,Italy v Romania,Italy,Lost,160 runs,2024-06-16,"Simar Cricket Ground, Rome",Neutral,1,0,1,0,0,6,2024,2024-06
Denmark,T20I,Denmark v Jersey,Jersey,Lost,6 wickets,2024-06-16,"Svanholm Park, Brondby",Neutral,1,0,1,0,0,6,2024,2024-06
Jersey,T20I,Denmark v Jersey,Denmark,Won,6 wickets,2024-06-16,"Svanholm Park, Brondby",Neutral,1,1,0,0,0,6,2024,2024-06
Denmark,T20I,Denmark v Jersey,Jersey,Lost,96 runs,2024-06-16,"Svanholm Park, Brondby",Neutral,1,0,1,0,0,6,2024,2024-06
Jersey,T20I,Denmark v Jersey,Denmark,Won,96 runs,2024-06-16,"Svanholm Park, Brondby",Neutral,1,1,0,0,0,6,2024,2024-06
Finland,T20I,Finland v Norway,Norway,Lost,9 wickets,2024-06-16,Kerava National Cricket Ground,Neutral,1,0,1,0,0,6,2024,2024-06
Norway,T20I,Finland v Norway,Finland,Won,9 wickets,2024-06-16,Kerava National Cricket Ground,Neutral,1,1,0,0,0,6,2024,2024-06
New Zealand,T20I,New Zealand v Papua New Guinea,Papua New Guinea,Won,7 wickets,2024-06-17,"Brian Lara Stadium, Tarouba, Trinidad",Neutral,1,1,0,0,0,6,2024,2024-06
Papua New Guinea,T20I,New Zealand v Papua New Guinea,New Zealand,Lost,7 wickets,2024-06-17,"Brian Lara Stadium, Tarouba, Trinidad",Neutral,1,0,1,0,0,6,2024,2024-06
Cyprus,T20I,Cyprus v Estonia,Estonia,Lost,5 wickets,2024-06-17,Happy Valley Ground,Neutral,1,0,1,0,0,6,2024,2024-06
Estonia,T20I,Cyprus v Estonia,Cyprus,Won,5 wickets,2024-06-17,Happy Valley Ground,Neutral,1,1,0,0,0,6,2024,2024-06
Cyprus,T20I,Cyprus v Estonia,Estonia,Lost,6 wickets,2024-06-17,Happy Valley Ground,Neutral,1,0,1,0,0,6,2024,2024-06
Estonia,T20I,Cyprus v Estonia,Cyprus,Won,6 wickets,2024-06-17,Happy Valley Ground,Neutral,1,1,0,0,0,6,2024,2024-06
Cyprus,T20I,Cyprus v Estonia,Estonia,Won,12 runs,2024-06-18,Happy Valley Ground,Neutral,1,1,0,0,0,6,2024,2024-06
Estonia,T20I,Cyprus v Estonia,Cyprus,Lost,12 runs,2024-06-18,Happy Valley Ground,Neutral,1,0,1,0,0,6,2024,2024-06
Cyprus,T20I,Cyprus v Estonia,Estonia,Lost,26 runs,2024-06-18,Happy Valley Ground,Neutral,1,0,1,0,0,6,2024,2024-06
Estonia,T20I,Cyprus v Estonia,Cyprus,Won,26 runs,2024-06-18,Happy Valley Ground,Neutral,1,1,0,0,0,6,2024,2024-06
South Africa,T20I,South Africa v United States of America,United States of America,Won,18 runs,2024-06-19,"Sir Vivian Richards Stadium, North Sound, Antigua",Neutral,1,1,0,0,0,6,2024,2024-06
United States of America,T20I,South Africa v United States of America,South Africa,Lost,18 runs,2024-06-19,"Sir Vivian Richards Stadium, North Sound, Antigua",Neutral,1,0,1,0,0,6,2024,2024-06
England,T20I,England v West Indies,West Indies,Won,8 wickets,2024-06-19,"Daren Sammy National Cricket Stadium, Gros Islet, St Lucia",Neutral,1,1,0,0,0,6,2024,2024-06
West Indies,T20I,England v West Indies,England,Lost,8 wickets,2024-06-19,"Daren Sammy National Cricket Stadium, Gros Islet, St Lucia",Neutral,1,0,1,0,0,6,2024,2024-06
Cyprus,T20I,Cyprus v Estonia,Estonia,Won,4 wickets,2024-06-19,Happy Valley Ground,Neutral,1,1,0,0,0,6,2024,2024-06
Estonia,T20I,Cyprus v Estonia,Cyprus,Lost,4 wickets,2024-06-19,Happy Valley Ground,Neutral,1,0,1,0,0,6,2024,2024-06
Cyprus,T20I,Cyprus v Estonia,Estonia,Lost,31 runs,2024-06-19,Happy Valley Ground,Neutral,1,0,1,0,0,6,2024,2024-06
Estonia,T20I,Cyprus v Estonia,Cyprus,Won,31 runs,2024-06-19,Happy Valley Ground,Neutral,1,1,0,0,0,6,2024,2024-06
Australia,T20I,Australia v Bangladesh,Bangladesh,Won,28 runs,2024-06-20,"Sir Vivian Richards Stadium, North Sound, Antigua",Neutral,1,1,0,0,0,6,2024,2024-06
Bangladesh,T20I,Australia v Bangladesh,Australia,Lost,28 runs,2024-06-20,"Sir Vivian Richards Stadium, North Sound, Antigua",Neutral,1,0,1,0,0,6,2024,2024-06
England,T20I,England v South Africa,South Africa,Lost,7 runs,2024-06-21,"Daren Sammy National Cricket Stadium, Gros Islet, St Lucia",Neutral,1,0,1,0,0,6,2024,2024-06
South Africa,T20I,England v South Africa,England,Won,7 runs,2024-06-21,"Daren Sammy National Cricket Stadium, Gros Islet, St Lucia",Neutral,1,1,0,0,0,6,2024,2024-06
United States of America,T20I,United States of America v West Indies,West Indies,Lost,9 wickets,2024-06-21,"Kensington Oval, Bridgetown, Barbados",Neutral,1,0,1,0,0,6,2024,2024-06
West Indies,T20I,United States of America v West Indies,United States of America,Won,9 wickets,2024-06-21,"Kensington Oval, Bridgetown, Barbados",Neutral,1,1,0,0,0,6,2024,2024-06
Bangladesh,T20I,Bangladesh v India,India,Lost,50 runs,2024-06-22,"Sir Vivian Richards Stadium, North Sound, Antigua",Neutral,1,0,1,0,0,6,2024,2024-06
India,T20I,Bangladesh v India,Bangladesh,Won,50 runs,2024-06-22,"Sir Vivian Richards Stadium, North Sound, Antigua",Neutral,1,1,0,0,0,6,2024,2024-06
Guernsey,T20I,Guernsey v Jersey,Jersey,Lost,7 wickets,2024-06-22,"King George V Sports Ground, Castel",Neutral,1,0,1,0,0,6,2024,2024-06
Jersey,T20I,Guernsey v Jersey,Guernsey,Won,7 wickets,2024-06-22,"King George V Sports Ground, Castel",Neutral,1,1,0,0,0,6,2024,2024-06
Guernsey,T20I,Guernsey v Jersey,Jersey,Lost,8 wickets,2024-06-22,"King George V Sports Ground, Castel",Neutral,1,0,1,0,0,6,2024,2024-06
Jersey,T20I,Guernsey v Jersey,Guernsey,Won,8 wickets,2024-06-22,"King George V Sports Ground, Castel",Neutral,1,1,0,0,0,6,2024,2024-06
England,T20I,England v United States of America,United States of America,Won,10 wickets,2024-06-23,"Kensington Oval, Bridgetown, Barbados",Neutral,1,1,0,0,0,6,2024,2024-06
United States of America,T20I,England v United States of America,England,Lost,10 wickets,2024-06-23,"Kensington Oval, Bridgetown, Barbados",Neutral,1,0,1,0,0,6,2024,2024-06
South Africa,T20I,South Africa v West Indies,West Indies,Won,3 wickets,2024-06-23,"Sir Vivian Richards Stadium, North Sound, Antigua",Neutral,1,1,0,0,0,6,2024,2024-06
West Indies,T20I,South Africa v West Indies,South Africa,Lost,3 wickets,2024-06-23,"Sir Vivian Richards Stadium, North Sound, Antigua",Neutral,1,0,1,0,0,6,2024,2024-06
Guernsey,T20I,Guernsey v Jersey,Jersey,Won,4 wickets,2024-06-23,"Guernsey Rovers Athletic Club Ground, Port Soif",Neutral,1,1,0,0,0,6,2024,2024-06
Jersey,T20I,Guernsey v Jersey,Guernsey,Lost,4 wickets,2024-06-23,"Guernsey Rovers Athletic Club Ground, Port Soif",Neutral,1,0,1,0,0,6,2024,2024-06
Australia,T20I,Australia v India,India,Lost,24 runs,2024-06-24,"Daren Sammy National Cricket Stadium, Gros Islet, St Lucia",Neutral,1,0,1,0,0,6,2024,2024-06
India,T20I,Australia v India,Australia,Won,24 runs,2024-06-24,"Daren Sammy National Cricket Stadium, Gros Islet, St Lucia",Neutral,1,1,0,0,0,6,2024,2024-06
England,T20I,England v India,India,Lost,68 runs,2024-06-27,"Providence Stadium, Guyana",Neutral,1,0,1,0,0,6,2024,2024-06
India,T20I,England v India,England,Won,68 runs,2024-06-27,"Providence Stadium, Guyana",Neutral,1,1,0,0,0,6,2024,2024-06
Malawi,T20I,Malawi v Rwanda,Rwanda,Won,58 runs,2024-06-28,"Sikh Union Club Ground, Nairobi",Neutral,1,1,0,0,0,6,2024,2024-06
Rwanda,T20I,Malawi v Rwanda,Malawi,Lost,58 runs,2024-06-28,"Sikh Union Club Ground, Nairobi",Neutral,1,0,1,0,0,6,2024,2024-06
India,T20I,India v South Africa,South Africa,Won,7 runs,2024-06-29,"Kensington Oval, Bridgetown, Barbados",Neutral,1,1,0,0,0,6,2024,2024-06
South Africa,T20I,India v South Africa,India,Lost,7 runs,2024-06-29,"Kensington Oval, Bridgetown, Barbados",Neutral,1,0,1,0,0,6,2024,2024-06
Kenya,T20I,Kenya v Rwanda,Rwanda,Won,6 wickets,2024-06-29,"Sikh Union Club Ground, Nairobi",Neutral,1,1,0,0,0,6,2024,2024-06
Rwanda,T20I,Kenya v Rwanda,Kenya,Lost,6 wickets,2024-06-29,"Sikh Union Club Ground, Nairobi",Neutral,1,0,1,0,0,6,2024,2024-06
Kenya,T20I,Kenya v Malawi,Malawi,Won,9 wickets,2024-07-01,"Sikh Union Club Ground, Nairobi",Neutral,1,1,0,0,0,7,2024,2024-07
Malawi,T20I,Kenya v Malawi,Kenya,Lost,9 wickets,2024-07-01,"Sikh Union Club Ground, Nairobi",Neutral,1,0,1,0,0,7,2024,2024-07
Kenya,T20I,Kenya v Rwanda,Rwanda,Won,4 wickets,2024-07-03,"Sikh Union Club Ground, Nairobi",Neutral,1,1,0,0,0,7,2024,2024-07
Rwanda,T20I,Kenya v Rwanda,Kenya,Lost,4 wickets,2024-07-03,"Sikh Union Club Ground, Nairobi",Neutral,1,0,1,0,0,7,2024,2024-07
Kenya,T20I,Kenya v Rwanda,Rwanda,Won,49 runs,2024-07-05,"Sikh Union Club Ground, Nairobi",Neutral,1,1,0,0,0,7,2024,2024-07
Rwanda,T20I,Kenya v Rwanda,Kenya,Lost,49 runs,2024-07-05,"Sikh Union Club Ground, Nairobi",Neutral,1,0,1,0,0,7,2024,2024-07
India,T20I,India v Zimbabwe,Zimbabwe,Lost,13 runs,2024-07-06,Harare Sports Club,Neutral,1,0,1,0,0,7,2024,2024-07
Zimbabwe,T20I,India v Zimbabwe,India,Won,13 runs,2024-07-06,Harare Sports Club,Neutral,1,1,0,0,0,7,2024,2024-07
India,T20I,India v Zimbabwe,Zimbabwe,Won,100 runs,2024-07-07,Harare Sports Club,Neutral,1,1,0,0,0,7,2024,2024-07
Zimbabwe,T20I,India v Zimbabwe,India,Lost,100 runs,2024-07-07,Harare Sports Club,Neutral,1,0,1,0,0,7,2024,2024-07
Jersey,T20I,Jersey v Serbia,Serbia,Won,165 runs,2024-07-07,Bayer Uerdingen Cricket Ground,Neutral,1,1,0,0,0,7,2024,2024-07
Serbia,T20I,Jersey v Serbia,Jersey,Lost,165 runs,2024-07-07,Bayer Uerdingen Cricket Ground,Neutral,1,0,1,0,0,7,2024,2024-07
Belgium,T20I,Belgium v Switzerland,Switzerland,Won,2 wickets,2024-07-07,Bayer Uerdingen Cricket Ground,Neutral,1,1,0,0,0,7,2024,2024-07
Switzerland,T20I,Belgium v Switzerland,Belgium,Lost,2 wickets,2024-07-07,Bayer Uerdingen Cricket Ground,Neutral,1,0,1,0,0,7,2024,2024-07
Germany,T20I,Germany v Gibraltar,Gibraltar,Won,44 runs,2024-07-08,Bayer Uerdingen Cricket Ground,Neutral,1,1,0,0,0,7,2024,2024-07
Gibraltar,T20I,Germany v Gibraltar,Germany,Lost,44 runs,2024-07-08,Bayer Uerdingen Cricket Ground,Neutral,1,0,1,0,0,7,2024,2024-07
Norway,T20I,Norway v Sweden,Sweden,Won,53 runs,2024-07-08,Bayer Uerdingen Cricket Ground,Neutral,1,1,0,0,0,7,2024,2024-07
Sweden,T20I,Norway v Sweden,Norway,Lost,53 runs,2024-07-08,Bayer Uerdingen Cricket Ground,Neutral,1,0,1,0,0,7,2024,2024-07
Belgium,T20I,Belgium v Croatia,Croatia,Lost,5 runs,2024-07-08,Bayer Uerdingen Cricket Ground,Neutral,1,0,1,0,0,7,2024,2024-07
Croatia,T20I,Belgium v Croatia,Belgium,Won,5 runs,2024-07-08,Bayer Uerdingen Cricket Ground,Neutral,1,1,0,0,0,7,2024,2024-07
Norway,T20I,Norway v Slovenia,Slovenia,Won,8 wickets,2024-07-09,Bayer Uerdingen Cricket Ground,Neutral,1,1,0,0,0,7,2024,2024-07
Slovenia,T20I,Norway v Slovenia,Norway,Lost,8 wickets,2024-07-09,Bayer Uerdingen Cricket Ground,Neutral,1,0,1,0,0,7,2024,2024-07
Germany,T20I,Germany v Sweden,Sweden,Won,2 runs,2024-07-09,Bayer Uerdingen Cricket Ground,Neutral,1,1,0,0,0,7,2024,2024-07
Sweden,T20I,Germany v Sweden,Germany,Lost,2 runs,2024-07-09,Bayer Uerdingen Cricket Ground,Neutral,1,0,1,0,0,7,2024,2024-07
Jersey,T20I,Jersey v Switzerland,Switzerland,Won,167 runs,2024-07-09,Bayer Uerdingen Cricket Ground,Neutral,1,1,0,0,0,7,2024,2024-07
Switzerland,T20I,Jersey v Switzerland,Jersey,Lost,167 runs,2024-07-09,Bayer Uerdingen Cricket Ground,Neutral,1,0,1,0,0,7,2024,2024-07
India,T20I,India v Zimbabwe,Zimbabwe,Won,23 runs,2024-07-10,Harare Sports Club,Neutral,1,1,0,0,0,7,2024,2024-07
Zimbabwe,T20I,India v Zimbabwe,India,Lost,23 runs,2024-07-10,Harare Sports Club,Neutral,1,0,1,0,0,7,2024,2024-07
Belgium,T20I,Belgium v Jersey,Jersey,Lost,108 runs,2024-07-10,Bayer Uerdingen Cricket Ground,Neutral,1,0,1,0,0,7,2024,2024-07
Jersey,T20I,Belgium v Jersey,Belgium,Won,108 runs,2024-07-10,Bayer Uerdingen Cricket Ground,Neutral,1,1,0,0,0,7,2024,2024-07
Croatia,T20I,Croatia v Serbia,Serbia,Won,28 runs,2024-07-10,Bayer Uerdingen Cricket Ground,Neutral,1,1,0,0,0,7,2024,2024-07
Serbia,T20I,Croatia v Serbia,Croatia,Lost,28 runs,2024-07-10,Bayer Uerdingen Cricket Ground,Neutral,1,0,1,0,0,7,2024,2024-07
Gibraltar,T20I,Gibraltar v Slovenia,Slovenia,Lost,1 wickets,2024-07-10,Bayer Uerdingen Cricket Ground,Neutral,1,0,1,0,0,7,2024,2024-07
Slovenia,T20I,Gibraltar v Slovenia,Gibraltar,Won,1 wickets,2024-07-10,Bayer Uerdingen Cricket Ground,Neutral,1,1,0,0,0,7,2024,2024-07
Germany,T20I,Germany v Norway,Norway,Lost,11 runs,2024-07-11,Bayer Uerdingen Cricket Ground,Neutral,1,0,1,0,0,7,2024,2024-07
Norway,T20I,Germany v Norway,Germany,Won,11 runs,2024-07-11,Bayer Uerdingen Cricket Ground,Neutral,1,1,0,0,0,7,2024,2024-07
Gibraltar,T20I,Gibraltar v Sweden,Sweden,Lost,8 wickets,2024-07-11,Bayer Uerdingen Cricket Ground,Neutral,1,0,1,0,0,7,2024,2024-07
Sweden,T20I,Gibraltar v Sweden,Gibraltar,Won,8 wickets,2024-07-11,Bayer Uerdingen Cricket Ground,Neutral,1,1,0,0,0,7,2024,2024-07
Serbia,T20I,Serbia v Switzerland,Switzerland,Lost,40 runs,2024-07-11,Bayer Uerdingen Cricket Ground,Neutral,1,0,1,0,0,7,2024,2024-07
Switzerland,T20I,Serbia v Switzerland,Serbia,Won,40 runs,2024-07-11,Bayer Uerdingen Cricket Ground,Neutral,1,1,0,0,0,7,2024,2024-07
Belgium,T20I,Belgium v Serbia,Serbia,Won,77 runs,2024-07-12,Bayer Uerdingen Cricket Ground,Neutral,1,1,0,0,0,7,2024,2024-07
Serbia,T20I,Belgium v Serbia,Belgium,Lost,77 runs,2024-07-12,Bayer Uerdingen Cricket Ground,Neutral,1,0,1,0,0,7,2024,2024-07
Kenya,T20I,Kenya v Nigeria,Nigeria,Won,29 runs,2024-07-12,"Sikh Union Club Ground, Nairobi",Neutral,1,1,0,0,0,7,2024,2024-07
Nigeria,T20I,Kenya v Nigeria,Kenya,Lost,29 runs,2024-07-12,"Sikh Union Club Ground, Nairobi",Neutral,1,0,1,0,0,7,2024,2024-07
India,T20I,India v Zimbabwe,Zimbabwe,Won,10 wickets,2024-07-13,Harare Sports Club,Neutral,1,1,0,0,0,7,2024,2024-07
Zimbabwe,T20I,India v Zimbabwe,India,Lost,10 wickets,2024-07-13,Harare Sports Club,Neutral,1,0,1,0,0,7,2024,2024-07
Gibraltar,T20I,Gibraltar v Norway,Norway,Lost,6 runs,2024-07-13,Bayer Uerdingen Cricket Ground,Neutral,1,0,1,0,0,7,2024,2024-07
Norway,T20I,Gibraltar v Norway,Gibraltar,Won,6 runs,2024-07-13,Bayer Uerdingen Cricket Ground,Neutral,1,1,0,0,0,7,2024,2024-07
Croatia,T20I,Croatia v Switzerland,Switzerland,Lost,7 wickets,2024-07-13,Bayer Uerdingen Cricket Ground,Neutral,1,0,1,0,0,7,2024,2024-07
Switzerland,T20I,Croatia v Switzerland,Croatia,Won,7 wickets,2024-07-13,Bayer Uerdingen Cricket Ground,Neutral,1,1,0,0,0,7,2024,2024-07
Slovenia,T20I,Slovenia v Sweden,Sweden,Lost,6 wickets,2024-07-13,Bayer Uerdingen Cricket Ground,Neutral,1,0,1,0,0,7,2024,2024-07
Sweden,T20I,Slovenia v Sweden,Slovenia,Won,6 wickets,2024-07-13,Bayer Uerdingen Cricket Ground,Neutral,1,1,0,0,0,7,2024,2024-07
Kenya,T20I,Kenya v Nigeria,Nigeria,Won,4 wickets,2024-07-13,"Sikh Union Club Ground, Nairobi",Neutral,1,1,0,0,0,7,2024,2024-07
Nigeria,T20I,Kenya v Nigeria,Kenya,Lost,4 wickets,2024-07-13,"Sikh Union Club Ground, Nairobi",Neutral,1,0,1,0,0,7,2024,2024-07
India,T20I,India v Zimbabwe,Zimbabwe,Won,42 runs,2024-07-14,Harare Sports Club,Neutral,1,1,0,0,0,7,2024,2024-07
Zimbabwe,T20I,India v Zimbabwe,India,Lost,42 runs,2024-07-14,Harare Sports Club,Neutral,1,0,1,0,0,7,2024,2024-07
Croatia,T20I,Croatia v Germany,Germany,Lost,8 wickets,2024-07-14,Bayer Uerdingen Cricket Ground,Neutral,1,0,1,0,0,7,2024,2024-07
Germany,T20I,Croatia v Germany,Croatia,Won,8 wickets,2024-07-14,Bayer Uerdingen Cricket Ground,Neutral,1,1,0,0,0,7,2024,2024-07
Jersey,T20I,Jersey v Norway,Norway,Won,6 wickets,2024-07-14,Bayer Uerdingen Cricket Ground,Neutral,1,1,0,0,0,7,2024,2024-07
Norway,T20I,Jersey v Norway,Jersey,Lost,6 wickets,2024-07-14,Bayer Uerdingen Cricket Ground,Neutral,1,0,1,0,0,7,2024,2024-07
Kenya,T20I,Kenya v Nigeria,Nigeria,Lost,3 wickets,2024-07-15,"Sikh Union Club Ground, Nairobi",Neutral,1,0,1,0,0,7,2024,2024-07
Nigeria,T20I,Kenya v Nigeria,Kenya,Won,3 wickets,2024-07-15,"Sikh Union Club Ground, Nairobi",Neutral,1,1,0,0,0,7,2024,2024-07
Kenya,T20I,Kenya v Nigeria,Nigeria,Lost,14 runs,2024-07-16,"Sikh Union Club Ground, Nairobi",Neutral,1,0,1,0,0,7,2024,2024-07
Nigeria,T20I,Kenya v Nigeria,Kenya,Won,14 runs,2024-07-16,"Sikh Union Club Ground, Nairobi",Neutral,1,1,0,0,0,7,2024,2024-07
Kenya,T20I,Kenya v Nigeria,Nigeria,Won,4 wickets,2024-07-17,"Sikh Union Club Ground, Nairobi",Neutral,1,1,0,0,0,7,2024,2024-07
Nigeria,T20I,Kenya v Nigeria,Kenya,Lost,4 wickets,2024-07-17,"Sikh Union Club Ground, Nairobi",Neutral,1,0,1,0,0,7,2024,2024-07
India,T20I,India v Sri Lanka,Sri Lanka,Won,43 runs,2024-07-27,Pallekele International Cricket Stadium,Neutral,1,1,0,0,0,7,2024,2024-07
Sri Lanka,T20I,India v Sri Lanka,India,Lost,43 runs,2024-07-27,Pallekele International Cricket Stadium,Neutral,1,0,1,0,0,7,2024,2024-07
India,T20I,India v Sri Lanka,Sri Lanka,Won,7 wickets,2024-07-28,Pallekele International Cricket Stadium,Neutral,1,1,0,0,0,7,2024,2024-07
Sri Lanka,T20I,India v Sri Lanka,India,Lost,7 wickets,2024-07-28,Pallekele International Cricket Stadium,Neutral,1,0,1,0,0,7,2024,2024-07
India,T20I,India v Sri Lanka,Sri Lanka,Tied,Tie,2024-07-30,Pallekele International Cricket Stadium,Neutral,1,0,0,1,0,7,2024,2024-07
Sri Lanka,T20I,India v Sri Lanka,India,Tied,Tie,2024-07-30,Pallekele International Cricket Stadium,Neutral,1,0,0,1,0,7,2024,2024-07
Croatia,T20I,Croatia v Spain,Spain,Lost,4 wickets,2024-08-02,"Mladost Cricket Ground, Zagreb",Neutral,1,0,1,0,0,8,2024,2024-08
Spain,T20I,Croatia v Spain,Croatia,Won,4 wickets,2024-08-02,"Mladost Cricket Ground, Zagreb",Neutral,1,1,0,0,0,8,2024,2024-08
Croatia,T20I,Croatia v Spain,Spain,Lost,6 wickets,2024-08-03,"Mladost Cricket Ground, Zagreb",Neutral,1,0,1,0,0,8,2024,2024-08
Spain,T20I,Croatia v Spain,Croatia,Won,6 wickets,2024-08-03,"Mladost Cricket Ground, Zagreb",Neutral,1,1,0,0,0,8,2024,2024-08
Croatia,T20I,Croatia v Spain,Spain,Lost,8 wickets,2024-08-03,"Mladost Cricket Ground, Zagreb",Neutral,1,0,1,0,0,8,2024,2024-08
Spain,T20I,Croatia v Spain,Croatia,Won,8 wickets,2024-08-03,"Mladost Cricket Ground, Zagreb",Neutral,1,1,0,0,0,8,2024,2024-08
Croatia,T20I,Croatia v Spain,Spain,Lost,140 runs,2024-08-04,"Mladost Cricket Ground, Zagreb",Neutral,1,0,1,0,0,8,2024,2024-08
Spain,T20I,Croatia v Spain,Croatia,Won,140 runs,2024-08-04,"Mladost Cricket Ground, Zagreb",Neutral,1,1,0,0,0,8,2024,2024-08
Croatia,T20I,Croatia v Spain,Spain,Lost,161 runs,2024-08-04,"Mladost Cricket Ground, Zagreb",Neutral,1,0,1,0,0,8,2024,2024-08
Spain,T20I,Croatia v Spain,Croatia,Won,161 runs,2024-08-04,"Mladost Cricket Ground, Zagreb",Neutral,1,1,0,0,0,8,2024,2024-08
Cook Islands,T20I,Cook Islands v Vanuatu,Vanuatu,Won,9 wickets,2024-08-17,"Faleata Oval No 2, Apia",Neutral,1,1,0,0,0,8,2024,2024-08
Vanuatu,T20I,Cook Islands v Vanuatu,Cook Islands,Lost,9 wickets,2024-08-17,"Faleata Oval No 2, Apia",Neutral,1,0,1,0,0,8,2024,2024-08
Fiji,T20I,Fiji v Samoa,Samoa,Lost,9 wickets,2024-08-17,"Faleata Oval No 2, Apia",Neutral,1,0,1,0,0,8,2024,2024-08
Samoa,T20I,Fiji v Samoa,Fiji,Won,9 wickets,2024-08-17,"Faleata Oval No 2, Apia",Neutral,1,1,0,0,0,8,2024,2024-08
Cook Islands,T20I,Cook Islands v Samoa,Samoa,Won,7 wickets,2024-08-19,"Faleata Oval No 2, Apia",Neutral,1,1,0,0,0,8,2024,2024-08
Samoa,T20I,Cook Islands v Samoa,Cook Islands,Lost,7 wickets,2024-08-19,"Faleata Oval No 2, Apia",Neutral,1,0,1,0,0,8,2024,2024-08
Fiji,T20I,Fiji v Vanuatu,Vanuatu,Lost,36 runs,2024-08-19,"Faleata Oval No 2, Apia",Neutral,1,0,1,0,0,8,2024,2024-08
Vanuatu,T20I,Fiji v Vanuatu,Fiji,Won,36 runs,2024-08-19,"Faleata Oval No 2, Apia",Neutral,1,1,0,0,0,8,2024,2024-08
Samoa,T20I,Samoa v Vanuatu,Vanuatu,Won,10 runs,2024-08-20,"Faleata Oval No 2, Apia",Neutral,1,1,0,0,0,8,2024,2024-08
Vanuatu,T20I,Samoa v Vanuatu,Samoa,Lost,10 runs,2024-08-20,"Faleata Oval No 2, Apia",Neutral,1,0,1,0,0,8,2024,2024-08
Cook Islands,T20I,Cook Islands v Fiji,Fiji,Lost,104 runs,2024-08-20,"Faleata Oval No 2, Apia",Neutral,1,0,1,0,0,8,2024,2024-08
Fiji,T20I,Cook Islands v Fiji,Cook Islands,Won,104 runs,2024-08-20,"Faleata Oval No 2, Apia",Neutral,1,1,0,0,0,8,2024,2024-08
Cyprus,T20I,Cyprus v Spain,Spain,Lost,15 runs,2024-08-21,"King George V Sports Ground, Castel",Neutral,1,0,1,0,0,8,2024,2024-08
Spain,T20I,Cyprus v Spain,Cyprus,Won,15 runs,2024-08-21,"King George V Sports Ground, Castel",Neutral,1,1,0,0,0,8,2024,2024-08
Bulgaria,T20I,Bulgaria v Guernsey,Guernsey,Lost,8 wickets,2024-08-21,"Guernsey Rovers Athletic Club Ground, Port Soif",Neutral,1,0,1,0,0,8,2024,2024-08
Guernsey,T20I,Bulgaria v Guernsey,Bulgaria,Won,8 wickets,2024-08-21,"Guernsey Rovers Athletic Club Ground, Port Soif",Neutral,1,1,0,0,0,8,2024,2024-08
Czech Republic,T20I,Czech Republic v Denmark,Denmark,Lost,118 runs,2024-08-21,"King George V Sports Ground, Castel",Neutral,1,0,1,0,0,8,2024,2024-08
Denmark,T20I,Czech Republic v Denmark,Czech Republic,Won,118 runs,2024-08-21,"King George V Sports Ground, Castel",Neutral,1,1,0,0,0,8,2024,2024-08
Finland,T20I,Finland v Malta,Malta,Won,9 wickets,2024-08-21,"Guernsey Rovers Athletic Club Ground, Port Soif",Neutral,1,1,0,0,0,8,2024,2024-08
Malta,T20I,Finland v Malta,Finland,Lost,9 wickets,2024-08-21,"Guernsey Rovers Athletic Club Ground, Port Soif",Neutral,1,0,1,0,0,8,2024,2024-08
Fiji,T20I,Fiji v Samoa,Samoa,Lost,73 runs,2024-08-21,"Faleata Oval No 2, Apia",Neutral,1,0,1,0,0,8,2024,2024-08
Samoa,T20I,Fiji v Samoa,Fiji,Won,73 runs,2024-08-21,"Faleata Oval No 2, Apia",Neutral,1,1,0,0,0,8,2024,2024-08
Cook Islands,T20I,Cook Islands v Vanuatu,Vanuatu,Won,7 wickets,2024-08-21,"Faleata Oval No 2, Apia",Neutral,1,1,0,0,0,8,2024,2024-08
Vanuatu,T20I,Cook Islands v Vanuatu,Cook Islands,Lost,7 wickets,2024-08-21,"Faleata Oval No 2, Apia",Neutral,1,0,1,0,0,8,2024,2024-08
Hong Kong,T20I,Hong Kong v Kuwait,Kuwait,Lost,4 wickets,2024-08-21,"Selangor Turf Club, Kuala Lumpur",Neutral,1,0,1,0,0,8,2024,2024-08
Kuwait,T20I,Hong Kong v Kuwait,Hong Kong,Won,4 wickets,2024-08-21,"Selangor Turf Club, Kuala Lumpur",Neutral,1,1,0,0,0,8,2024,2024-08
Estonia,T20I,Estonia v Finland,Finland,Won,8 wickets,2024-08-22,"King George V Sports Ground, Castel",Neutral,1,1,0,0,0,8,2024,2024-08
Finland,T20I,Estonia v Finland,Estonia,Lost,8 wickets,2024-08-22,"King George V Sports Ground, Castel",Neutral,1,0,1,0,0,8,2024,2024-08
Denmark,T20I,Denmark v Greece,Greece,Won,32 runs,2024-08-22,"Guernsey Rovers Athletic Club Ground, Port Soif",Neutral,1,1,0,0,0,8,2024,2024-08
Greece,T20I,Denmark v Greece,Denmark,Lost,32 runs,2024-08-22,"Guernsey Rovers Athletic Club Ground, Port Soif",Neutral,1,0,1,0,0,8,2024,2024-08
Guernsey,T20I,Guernsey v Malta,Malta,Won,8 wickets,2024-08-22,"King George V Sports Ground, Castel",Neutral,1,1,0,0,0,8,2024,2024-08
Malta,T20I,Guernsey v Malta,Guernsey,Lost,8 wickets,2024-08-22,"King George V Sports Ground, Castel",Neutral,1,0,1,0,0,8,2024,2024-08
Czech Republic,T20I,Czech Republic v Spain,Spain,Lost,1 runs,2024-08-22,"Guernsey Rovers Athletic Club Ground, Port Soif",Neutral,1,0,1,0,0,8,2024,2024-08
Spain,T20I,Czech Republic v Spain,Czech Republic,Won,1 runs,2024-08-22,"Guernsey Rovers Athletic Club Ground, Port Soif",Neutral,1,1,0,0,0,8,2024,2024-08
Kuwait,T20I,Kuwait v Malaysia,Malaysia,Lost,5 wickets,2024-08-22,"Selangor Turf Club, Kuala Lumpur",Neutral,1,0,1,0,0,8,2024,2024-08
Malaysia,T20I,Kuwait v Malaysia,Kuwait,Won,5 wickets,2024-08-22,"Selangor Turf Club, Kuala Lumpur",Neutral,1,1,0,0,0,8,2024,2024-08
South Africa,T20I,South Africa v West Indies,West Indies,Lost,7 wickets,2024-08-23,"Brian Lara Stadium, Tarouba, Trinidad",Neutral,1,0,1,0,0,8,2024,2024-08
West Indies,T20I,South Africa v West Indies,South Africa,Won,7 wickets,2024-08-23,"Brian Lara Stadium, Tarouba, Trinidad",Neutral,1,1,0,0,0,8,2024,2024-08
Fiji,T20I,Fiji v Vanuatu,Vanuatu,Won,5 wickets,2024-08-23,"Faleata Oval No 2, Apia",Neutral,1,1,0,0,0,8,2024,2024-08
Vanuatu,T20I,Fiji v Vanuatu,Fiji,Lost,5 wickets,2024-08-23,"Faleata Oval No 2, Apia",Neutral,1,0,1,0,0,8,2024,2024-08
Cook Islands,T20I,Cook Islands v Samoa,Samoa,Won,8 wickets,2024-08-23,"Faleata Oval No 2, Apia",Neutral,1,1,0,0,0,8,2024,2024-08
Samoa,T20I,Cook Islands v Samoa,Cook Islands,Lost,8 wickets,2024-08-23,"Faleata Oval No 2, Apia",Neutral,1,0,1,0,0,8,2024,2024-08
Canada,T20I,Canada v Netherlands,Netherlands,Lost,5 wickets,2024-08-23,"Sportpark Maarschalkerweerd, Utrecht",Neutral,1,0,1,0,0,8,2024,2024-08
Netherlands,T20I,Canada v Netherlands,Canada,Won,5 wickets,2024-08-23,"Sportpark Maarschalkerweerd, Utrecht",Neutral,1,1,0,0,0,8,2024,2024-08
Hong Kong,T20I,Hong Kong v Malaysia,Malaysia,Won,6 wickets,2024-08-23,"Selangor Turf Club, Kuala Lumpur",Neutral,1,1,0,0,0,8,2024,2024-08
Malaysia,T20I,Hong Kong v Malaysia,Hong Kong,Lost,6 wickets,2024-08-23,"Selangor Turf Club, Kuala Lumpur",Neutral,1,0,1,0,0,8,2024,2024-08
Finland,T20I,Finland v Guernsey,Guernsey,Won,4 runs,2024-08-24,"Guernsey Rovers Athletic Club Ground, Port Soif",Neutral,1,1,0,0,0,8,2024,2024-08
Guernsey,T20I,Finland v Guernsey,Finland,Lost,4 runs,2024-08-24,"Guernsey Rovers Athletic Club Ground, Port Soif",Neutral,1,0,1,0,0,8,2024,2024-08
Cyprus,T20I,Cyprus v Greece,Greece,Won,8 wickets,2024-08-24,"King George V Sports Ground, Castel",Neutral,1,1,0,0,0,8,2024,2024-08
Greece,T20I,Cyprus v Greece,Cyprus,Lost,8 wickets,2024-08-24,"King George V Sports Ground, Castel",Neutral,1,0,1,0,0,8,2024,2024-08
Bulgaria,T20I,Bulgaria v Estonia,Estonia,Lost,7 wickets,2024-08-24,"Guernsey Rovers Athletic Club Ground, Port Soif",Neutral,1,0,1,0,0,8,2024,2024-08
Estonia,T20I,Bulgaria v Estonia,Bulgaria,Won,7 wickets,2024-08-24,"Guernsey Rovers Athletic Club Ground, Port Soif",Neutral,1,1,0,0,0,8,2024,2024-08
Cook Islands,T20I,Cook Islands v Fiji,Fiji,Lost,9 runs,2024-08-24,"Faleata Oval No 2, Apia",Neutral,1,0,1,0,0,8,2024,2024-08
Fiji,T20I,Cook Islands v Fiji,Cook Islands,Won,9 runs,2024-08-24,"Faleata Oval No 2, Apia",Neutral,1,1,0,0,0,8,2024,2024-08
Samoa,T20I,Samoa v Vanuatu,Vanuatu,Won,8 runs,2024-08-24,"Faleata Oval No 2, Apia",Neutral,1,1,0,0,0,8,2024,2024-08
Vanuatu,T20I,Samoa v Vanuatu,Samoa,Lost,8 runs,2024-08-24,"Faleata Oval No 2, Apia",Neutral,1,0,1,0,0,8,2024,2024-08
Canada,T20I,Canada v United States of America,United States of America,No Result,No Result,2024-08-24,"Sportpark Maarschalkerweerd, Utrecht",Neutral,1,0,0,0,1,8,2024,2024-08
United States of America,T20I,Canada v United States of America,Canada,No Result,No Result,2024-08-24,"Sportpark Maarschalkerweerd, Utrecht",Neutral,1,0,0,0,1,8,2024,2024-08
Hong Kong,T20I,Hong Kong v Kuwait,Kuwait,Lost,2 wickets,2024-08-24,"Selangor Turf Club, Kuala Lumpur",Neutral,1,0,1,0,0,8,2024,2024-08
Kuwait,T20I,Hong Kong v Kuwait,Hong Kong,Won,2 wickets,2024-08-24,"Selangor Turf Club, Kuala Lumpur",Neutral,1,1,0,0,0,8,2024,2024-08
South Africa,T20I,South Africa v West Indies,West Indies,Lost,30 runs,2024-08-25,"Brian Lara Stadium, Tarouba, Trinidad",Neutral,1,0,1,0,0,8,2024,2024-08
West Indies,T20I,South Africa v West Indies,South Africa,Won,30 runs,2024-08-25,"Brian Lara Stadium, Tarouba, Trinidad",Neutral,1,1,0,0,0,8,2024,2024-08
Bulgaria,T20I,Bulgaria v Malta,Malta,Lost,61 runs,2024-08-25,"King George V Sports Ground, Castel",Neutral,1,0,1,0,0,8,2024,2024-08
Malta,T20I,Bulgaria v Malta,Bulgaria,Won,61 runs,2024-08-25,"King George V Sports Ground, Castel",Neutral,1,1,0,0,0,8,2024,2024-08
Cyprus,T20I,Cyprus v Czech Republic,Czech Republic,Lost,4 wickets,2024-08-25,"Guernsey Rovers Athletic Club Ground, Port Soif",Neutral,1,0,1,0,0,8,2024,2024-08
Czech Republic,T20I,Cyprus v Czech Republic,Cyprus,Won,4 wickets,2024-08-25,"Guernsey Rovers Athletic Club Ground, Port Soif",Neutral,1,1,0,0,0,8,2024,2024-08
Estonia,T20I,Estonia v Guernsey,Guernsey,Lost,5 wickets,2024-08-25,"King George V Sports Ground, Castel",Neutral,1,0,1,0,0,8,2024,2024-08
Guernsey,T20I,Estonia v Guernsey,Estonia,Won,5 wickets,2024-08-25,"King George V Sports Ground, Castel",Neutral,1,1,0,0,0,8,2024,2024-08
Greece,T20I,Greece v Spain,Spain,Lost,7 wickets,2024-08-25,"Guernsey Rovers Athletic Club Ground, Port Soif",Neutral,1,0,1,0,0,8,2024,2024-08
Spain,T20I,Greece v Spain,Greece,Won,7 wickets,2024-08-25,"Guernsey Rovers Athletic Club Ground, Port Soif",Neutral,1,1,0,0,0,8,2024,2024-08
Netherlands,T20I,Netherlands v United States of America,United States of America,Won,102 runs,2024-08-25,"Sportpark Maarschalkerweerd, Utrecht",Neutral,1,1,0,0,0,8,2024,2024-08
United States of America,T20I,Netherlands v United States of America,Netherlands,Lost,102 runs,2024-08-25,"Sportpark Maarschalkerweerd, Utrecht",Neutral,1,0,1,0,0,8,2024,2024-08
Kuwait,T20I,Kuwait v Malaysia,Malaysia,Won,18 runs,2024-08-25,"Selangor Turf Club, Kuala Lumpur",Neutral,1,1,0,0,0,8,2024,2024-08
Malaysia,T20I,Kuwait v Malaysia,Kuwait,Lost,18 runs,2024-08-25,"Selangor Turf Club, Kuala Lumpur",Neutral,1,0,1,0,0,8,2024,2024-08
Canada,T20I,Canada v Netherlands,Netherlands,Won,8 runs,2024-08-26,"Sportpark Maarschalkerweerd, Utrecht",Neutral,1,1,0,0,0,8,2024,2024-08
Netherlands,T20I,Canada v Netherlands,Canada,Lost,8 runs,2024-08-26,"Sportpark Maarschalkerweerd, Utrecht",Neutral,1,0,1,0,0,8,2024,2024-08
Hong Kong,T20I,Hong Kong v Malaysia,Malaysia,Won,7 runs,2024-08-26,"Selangor Turf Club, Kuala Lumpur",Neutral,1,1,0,0,0,8,2024,2024-08
Malaysia,T20I,Hong Kong v Malaysia,Hong Kong,Lost,7 runs,2024-08-26,"Selangor Turf Club, Kuala Lumpur",Neutral,1,0,1,0,0,8,2024,2024-08
South Africa,T20I,South Africa v West Indies,West Indies,Lost,8 wickets,2024-08-27,"Brian Lara Stadium, Tarouba, Trinidad",Neutral,1,0,1,0,0,8,2024,2024-08
West Indies,T20I,South Africa v West Indies,South Africa,Won,8 wickets,2024-08-27,"Brian Lara Stadium, Tarouba, Trinidad",Neutral,1,1,0,0,0,8,2024,2024-08
Cyprus,T20I,Cyprus v Denmark,Denmark,Lost,142 runs,2024-08-27,"King George V Sports Ground, Castel",Neutral,1,0,1,0,0,8,2024,2024-08
Denmark,T20I,Cyprus v Denmark,Cyprus,Won,142 runs,2024-08-27,"King George V Sports Ground, Castel",Neutral,1,1,0,0,0,8,2024,2024-08
Bulgaria,T20I,Bulgaria v Finland,Finland,Lost,125 runs,2024-08-27,"Guernsey Rovers Athletic Club Ground, Port Soif",Neutral,1,0,1,0,0,8,2024,2024-08
Finland,T20I,Bulgaria v Finland,Bulgaria,Won,125 runs,2024-08-27,"Guernsey Rovers Athletic Club Ground, Port Soif",Neutral,1,1,0,0,0,8,2024,2024-08
Czech Republic,T20I,Czech Republic v Greece,Greece,Won,75 runs,2024-08-27,"King George V Sports Ground, Castel",Neutral,1,1,0,0,0,8,2024,2024-08
Greece,T20I,Czech Republic v Greece,Czech Republic,Lost,75 runs,2024-08-27,"King George V Sports Ground, Castel",Neutral,1,0,1,0,0,8,2024,2024-08
Estonia,T20I,Estonia v Malta,Malta,Won,5 wickets,2024-08-27,"Guernsey Rovers Athletic Club Ground, Port Soif",Neutral,1,1,0,0,0,8,2024,2024-08
Malta,T20I,Estonia v Malta,Estonia,Lost,5 wickets,2024-08-27,"Guernsey Rovers Athletic Club Ground, Port Soif",Neutral,1,0,1,0,0,8,2024,2024-08
Canada,T20I,Canada v United States of America,United States of America,Lost,20 runs,2024-08-27,"Sportpark Westvliet, The Hague",Neutral,1,0,1,0,0,8,2024,2024-08
United States of America,T20I,Canada v United States of America,Canada,Won,20 runs,2024-08-27,"Sportpark Westvliet, The Hague",Neutral,1,1,0,0,0,8,2024,2024-08
Hong Kong,T20I,Hong Kong v Kuwait,Kuwait,Lost,8 wickets,2024-08-27,"Selangor Turf Club, Kuala Lumpur",Neutral,1,0,1,0,0,8,2024,2024-08
Kuwait,T20I,Hong Kong v Kuwait,Hong Kong,Won,8 wickets,2024-08-27,"Selangor Turf Club, Kuala Lumpur",Neutral,1,1,0,0,0,8,2024,2024-08
Finland,T20I,Finland v Spain,Spain,Lost,46 runs,2024-08-28,"King George V Sports Ground, Castel",Neutral,1,0,1,0,0,8,2024,2024-08
Spain,T20I,Finland v Spain,Finland,Won,46 runs,2024-08-28,"King George V Sports Ground, Castel",Neutral,1,1,0,0,0,8,2024,2024-08
Cyprus,T20I,Cyprus v Malta,Malta,Won,6 runs,2024-08-28,"Guernsey Rovers Athletic Club Ground, Port Soif",Neutral,1,1,0,0,0,8,2024,2024-08
Malta,T20I,Cyprus v Malta,Cyprus,Lost,6 runs,2024-08-28,"Guernsey Rovers Athletic Club Ground, Port Soif",Neutral,1,0,1,0,0,8,2024,2024-08
Czech Republic,T20I,Czech Republic v Estonia,Estonia,Lost,7 wickets,2024-08-28,"Guernsey Rovers Athletic Club Ground, Port Soif",Neutral,1,0,1,0,0,8,2024,2024-08
Estonia,T20I,Czech Republic v Estonia,Czech Republic,Won,7 wickets,2024-08-28,"Guernsey Rovers Athletic Club Ground, Port Soif",Neutral,1,1,0,0,0,8,2024,2024-08
Denmark,T20I,Denmark v Guernsey,Guernsey,Lost,6 wickets,2024-08-28,"King George V Sports Ground, Castel",Neutral,1,0,1,0,0,8,2024,2024-08
Guernsey,T20I,Denmark v Guernsey,Denmark,Won,6 wickets,2024-08-28,"King George V Sports Ground, Castel",Neutral,1,1,0,0,0,8,2024,2024-08
Netherlands,T20I,Netherlands v United States of America,United States of America,Won,4 runs,2024-08-28,"Sportpark Westvliet, The Hague",Neutral,1,1,0,0,0,8,2024,2024-08
United States of America,T20I,Netherlands v United States of America,Netherlands,Lost,4 runs,2024-08-28,"Sportpark Westvliet, The Hague",Neutral,1,0,1,0,0,8,2024,2024-08
Malaysia,T20I,Malaysia v Maldives,Maldives,Won,94 runs,2024-08-30,"Bayuemas Oval, Kuala Lumpur",Neutral,1,1,0,0,0,8,2024,2024-08
Maldives,T20I,Malaysia v Maldives,Malaysia,Lost,94 runs,2024-08-30,"Bayuemas Oval, Kuala Lumpur",Neutral,1,0,1,0,0,8,2024,2024-08
Hong Kong,T20I,Hong Kong v Myanmar,Myanmar,Won,9 wickets,2024-08-30,"YSD-UKM Cricket Oval, Bangi",Neutral,1,1,0,0,0,8,2024,2024-08
Myanmar,T20I,Hong Kong v Myanmar,Hong Kong,Lost,9 wickets,2024-08-30,"YSD-UKM Cricket Oval, Bangi",Neutral,1,0,1,0,0,8,2024,2024-08
Kuwait,T20I,Kuwait v Mongolia,Mongolia,Won,160 runs,2024-08-30,"Bayuemas Oval, Kuala Lumpur",Neutral,1,1,0,0,0,8,2024,2024-08
Mongolia,T20I,Kuwait v Mongolia,Kuwait,Lost,160 runs,2024-08-30,"Bayuemas Oval, Kuala Lumpur",Neutral,1,0,1,0,0,8,2024,2024-08
Maldives,T20I,Maldives v Singapore,Singapore,Lost,47 runs,2024-08-31,"Bayuemas Oval, Kuala Lumpur",Neutral,1,0,1,0,0,8,2024,2024-08
Singapore,T20I,Maldives v Singapore,Maldives,Won,47 runs,2024-08-31,"Bayuemas Oval, Kuala Lumpur",Neutral,1,1,0,0,0,8,2024,2024-08
Malaysia,T20I,Malaysia v Myanmar,Myanmar,Won,6 wickets,2024-08-31,"YSD-UKM Cricket Oval, Bangi",Neutral,1,1,0,0,0,8,2024,2024-08
Myanmar,T20I,Malaysia v Myanmar,Malaysia,Lost,6 wickets,2024-08-31,"YSD-UKM Cricket Oval, Bangi",Neutral,1,0,1,0,0,8,2024,2024-08
Hong Kong,T20I,Hong Kong v Mongolia,Mongolia,Won,9 wickets,2024-08-31,"Bayuemas Oval, Kuala Lumpur",Neutral,1,1,0,0,0,8,2024,2024-08
Mongolia,T20I,Hong Kong v Mongolia,Hong Kong,Lost,9 wickets,2024-08-31,"Bayuemas Oval, Kuala Lumpur",Neutral,1,0,1,0,0,8,2024,2024-08
Hong Kong,T20I,Hong Kong v Singapore,Singapore,Won,23 runs,2024-09-02,"Bayuemas Oval, Kuala Lumpur",Neutral,1,1,0,0,0,9,2024,2024-09
Singapore,T20I,Hong Kong v Singapore,Hong Kong,Lost,23 runs,2024-09-02,"Bayuemas Oval, Kuala Lumpur",Neutral,1,0,1,0,0,9,2024,2024-09
Kuwait,T20I,Kuwait v Maldives,Maldives,Won,142 runs,2024-09-02,"YSD-UKM Cricket Oval, Bangi",Neutral,1,1,0,0,0,9,2024,2024-09
Maldives,T20I,Kuwait v Maldives,Kuwait,Lost,142 runs,2024-09-02,"YSD-UKM Cricket Oval, Bangi",Neutral,1,0,1,0,0,9,2024,2024-09
Mongolia,T20I,Mongolia v Myanmar,Myanmar,Lost,71 runs,2024-09-02,"YSD-UKM Cricket Oval, Bangi",Neutral,1,0,1,0,0,9,2024,2024-09
Myanmar,T20I,Mongolia v Myanmar,Mongolia,Won,71 runs,2024-09-02,"YSD-UKM Cricket Oval, Bangi",Neutral,1,1,0,0,0,9,2024,2024-09
Hong Kong,T20I,Hong Kong v Maldives,Maldives,Won,9 wickets,2024-09-03,"YSD-UKM Cricket Oval, Bangi",Neutral,1,1,0,0,0,9,2024,2024-09
Maldives,T20I,Hong Kong v Maldives,Hong Kong,Lost,9 wickets,2024-09-03,"YSD-UKM Cricket Oval, Bangi",Neutral,1,0,1,0,0,9,2024,2024-09
Kuwait,T20I,Kuwait v Myanmar,Myanmar,Won,8 wickets,2024-09-03,"Bayuemas Oval, Kuala Lumpur",Neutral,1,1,0,0,0,9,2024,2024-09
Myanmar,T20I,Kuwait v Myanmar,Kuwait,Lost,8 wickets,2024-09-03,"Bayuemas Oval, Kuala Lumpur",Neutral,1,0,1,0,0,9,2024,2024-09
Malaysia,T20I,Malaysia v Singapore,Singapore,Won,1 runs,2024-09-03,"YSD-UKM Cricket Oval, Bangi",Neutral,1,1,0,0,0,9,2024,2024-09
Singapore,T20I,Malaysia v Singapore,Malaysia,Lost,1 runs,2024-09-03,"YSD-UKM Cricket Oval, Bangi",Neutral,1,0,1,0,0,9,2024,2024-09
Australia,T20I,Australia v Scotland,Scotland,Won,7 wickets,2024-09-04,"Grange Cricket Club Ground, Raeburn Place, Edinburgh",Neutral,1,1,0,0,0,9,2024,2024-09
Scotland,T20I,Australia v Scotland,Australia,Lost,7 wickets,2024-09-04,"Grange Cricket Club Ground, Raeburn Place, Edinburgh",Neutral,1,0,1,0,0,9,2024,2024-09
Kuwait,T20I,Kuwait v Malaysia,Malaysia,Won,8 wickets,2024-09-05,"Bayuemas Oval, Kuala Lumpur",Neutral,1,1,0,0,0,9,2024,2024-09
Malaysia,T20I,Kuwait v Malaysia,Kuwait,Lost,8 wickets,2024-09-05,"Bayuemas Oval, Kuala Lumpur",Neutral,1,0,1,0,0,9,2024,2024-09
Mongolia,T20I,Mongolia v Singapore,Singapore,Lost,9 wickets,2024-09-05,"YSD-UKM Cricket Oval, Bangi",Neutral,1,0,1,0,0,9,2024,2024-09
Singapore,T20I,Mongolia v Singapore,Mongolia,Won,9 wickets,2024-09-05,"YSD-UKM Cricket Oval, Bangi",Neutral,1,1,0,0,0,9,2024,2024-09
Maldives,T20I,Maldives v Myanmar,Myanmar,Won,9 wickets,2024-09-05,"Bayuemas Oval, Kuala Lumpur",Neutral,1,1,0,0,0,9,2024,2024-09
Myanmar,T20I,Maldives v Myanmar,Maldives,Lost,9 wickets,2024-09-05,"Bayuemas Oval, Kuala Lumpur",Neutral,1,0,1,0,0,9,2024,2024-09
Australia,T20I,Australia v Scotland,Scotland,Won,70 runs,2024-09-06,"Grange Cricket Club Ground, Raeburn Place, Edinburgh",Neutral,1,1,0,0,0,9,2024,2024-09
Scotland,T20I,Australia v Scotland,Australia,Lost,70 runs,2024-09-06,"Grange Cricket Club Ground, Raeburn Place, Edinburgh",Neutral,1,0,1,0,0,9,2024,2024-09
Maldives,T20I,Maldives v Mongolia,Mongolia,Won,117 runs,2024-09-06,"Bayuemas Oval, Kuala Lumpur",Neutral,1,1,0,0,0,9,2024,2024-09
Mongolia,T20I,Maldives v Mongolia,Maldives,Lost,117 runs,2024-09-06,"Bayuemas Oval, Kuala Lumpur",Neutral,1,0,1,0,0,9,2024,2024-09
Kuwait,T20I,Kuwait v Singapore,Singapore,Lost,5 wickets,2024-09-06,"YSD-UKM Cricket Oval, Bangi",Neutral,1,0,1,0,0,9,2024,2024-09
Singapore,T20I,Kuwait v Singapore,Kuwait,Won,5 wickets,2024-09-06,"YSD-UKM Cricket Oval, Bangi",Neutral,1,1,0,0,0,9,2024,2024-09
Australia,T20I,Australia v Scotland,Scotland,Won,6 wickets,2024-09-07,"Grange Cricket Club Ground, Raeburn Place, Edinburgh",Neutral,1,1,0,0,0,9,2024,2024-09
Scotland,T20I,Australia v Scotland,Australia,Lost,6 wickets,2024-09-07,"Grange Cricket Club Ground, Raeburn Place, Edinburgh",Neutral,1,0,1,0,0,9,2024,2024-09
Hong Kong,T20I,Hong Kong v Malaysia,Malaysia,Lost,3 runs,2024-09-07,"Bayuemas Oval, Kuala Lumpur",Neutral,1,0,1,0,0,9,2024,2024-09
Malaysia,T20I,Hong Kong v Malaysia,Hong Kong,Won,3 runs,2024-09-07,"Bayuemas Oval, Kuala Lumpur",Neutral,1,1,0,0,0,9,2024,2024-09
Myanmar,T20I,Myanmar v Singapore,Singapore,Lost,8 wickets,2024-09-09,"Bayuemas Oval, Kuala Lumpur",Neutral,1,0,1,0,0,9,2024,2024-09
Singapore,T20I,Myanmar v Singapore,Myanmar,Won,8 wickets,2024-09-09,"Bayuemas Oval, Kuala Lumpur",Neutral,1,1,0,0,0,9,2024,2024-09
Malaysia,T20I,Malaysia v Mongolia,Mongolia,Won,10 wickets,2024-09-09,"YSD-UKM Cricket Oval, Bangi",Neutral,1,1,0,0,0,9,2024,2024-09
Mongolia,T20I,Malaysia v Mongolia,Malaysia,Lost,10 wickets,2024-09-09,"YSD-UKM Cricket Oval, Bangi",Neutral,1,0,1,0,0,9,2024,2024-09
Hong Kong,T20I,Hong Kong v Kuwait,Kuwait,No Result,No Result,2024-09-09,"YSD-UKM Cricket Oval, Bangi",Neutral,1,0,0,0,1,9,2024,2024-09
Kuwait,T20I,Hong Kong v Kuwait,Hong Kong,No Result,No Result,2024-09-09,"YSD-UKM Cricket Oval, Bangi",Neutral,1,0,0,0,1,9,2024,2024-09
Australia,T20I,Australia v England,England,Won,28 runs,2024-09-11,"The Rose Bowl, Southampton",Neutral,1,1,0,0,0,9,2024,2024-09
England,T20I,Australia v England,Australia,Lost,28 runs,2024-09-11,"The Rose Bowl, Southampton",Neutral,1,0,1,0,0,9,2024,2024-09
Australia,T20I,Australia v England,England,Lost,3 wickets,2024-09-13,"Sophia Gardens, Cardiff",Neutral,1,0,1,0,0,9,2024,2024-09
England,T20I,Australia v England,Australia,Won,3 wickets,2024-09-13,"Sophia Gardens, Cardiff",Neutral,1,1,0,0,0,9,2024,2024-09
Lesotho,T20I,Lesotho v Malawi,Malawi,Lost,93 runs,2024-09-21,"Gymkhana Club Ground, Dar-es-Salaam",Neutral,1,0,1,0,0,9,2024,2024-09
Malawi,T20I,Lesotho v Malawi,Lesotho,Won,93 runs,2024-09-21,"Gymkhana Club Ground, Dar-es-Salaam",Neutral,1,1,0,0,0,9,2024,2024-09
Cameroon,T20I,Cameroon v Ghana,Ghana,Lost,8 wickets,2024-09-21,"Gymkhana Club Ground, Dar-es-Salaam",Neutral,1,0,1,0,0,9,2024,2024-09
Ghana,T20I,Cameroon v Ghana,Cameroon,Won,8 wickets,2024-09-21,"Gymkhana Club Ground, Dar-es-Salaam",Neutral,1,1,0,0,0,9,2024,2024-09
Mali,T20I,Mali v Tanzania,Tanzania,Lost,10 wickets,2024-09-21,University of Dar-es-Salaam Ground,Neutral,1,0,1,0,0,9,2024,2024-09
Tanzania,T20I,Mali v Tanzania,Mali,Won,10 wickets,2024-09-21,University of Dar-es-Salaam Ground,Neutral,1,1,0,0,0,9,2024,2024-09
Cameroon,T20I,Cameroon v Mali,Mali,Won,6 wickets,2024-09-22,"Gymkhana Club Ground, Dar-es-Salaam",Neutral,1,1,0,0,0,9,2024,2024-09
Mali,T20I,Cameroon v Mali,Cameroon,Lost,6 wickets,2024-09-22,"Gymkhana Club Ground, Dar-es-Salaam",Neutral,1,0,1,0,0,9,2024,2024-09
Ghana,T20I,Ghana v Malawi,Malawi,Lost,25 runs,2024-09-22,University of Dar-es-Salaam Ground,Neutral,1,0,1,0,0,9,2024,2024-09
Malawi,T20I,Ghana v Malawi,Ghana,Won,25 runs,2024-09-22,University of Dar-es-Salaam Ground,Neutral,1,1,0,0,0,9,2024,2024-09
Ghana,T20I,Ghana v Lesotho,Lesotho,Won,50 runs,2024-09-24,University of Dar-es-Salaam Ground,Neutral,1,1,0,0,0,9,2024,2024-09
Lesotho,T20I,Ghana v Lesotho,Ghana,Lost,50 runs,2024-09-24,University of Dar-es-Salaam Ground,Neutral,1,0,1,0,0,9,2024,2024-09
Cameroon,T20I,Cameroon v Tanzania,Tanzania,Lost,9 wickets,2024-09-24,"Gymkhana Club Ground, Dar-es-Salaam",Neutral,1,0,1,0,0,9,2024,2024-09
Tanzania,T20I,Cameroon v Tanzania,Cameroon,Won,9 wickets,2024-09-24,"Gymkhana Club Ground, Dar-es-Salaam",Neutral,1,1,0,0,0,9,2024,2024-09
Malawi,T20I,Malawi v Mali,Mali,Won,9 wickets,2024-09-24,University of Dar-es-Salaam Ground,Neutral,1,1,0,0,0,9,2024,2024-09
Mali,T20I,Malawi v Mali,Malawi,Lost,9 wickets,2024-09-24,University of Dar-es-Salaam Ground,Neutral,1,0,1,0,0,9,2024,2024-09
Ghana,T20I,Ghana v Tanzania,Tanzania,Lost,7 wickets,2024-09-25,University of Dar-es-Salaam Ground,Neutral,1,0,1,0,0,9,2024,2024-09
Tanzania,T20I,Ghana v Tanzania,Ghana,Won,7 wickets,2024-09-25,University of Dar-es-Salaam Ground,Neutral,1,1,0,0,0,9,2024,2024-09
Lesotho,T20I,Lesotho v Mali,Mali,Won,112 runs,2024-09-25,"Gymkhana Club Ground, Dar-es-Salaam",Neutral,1,1,0,0,0,9,2024,2024-09
Mali,T20I,Lesotho v Mali,Lesotho,Lost,112 runs,2024-09-25,"Gymkhana Club Ground, Dar-es-Salaam",Neutral,1,0,1,0,0,9,2024,2024-09
Cameroon,T20I,Cameroon v Malawi,Malawi,Lost,9 wickets,2024-09-25,University of Dar-es-Salaam Ground,Neutral,1,0,1,0,0,9,2024,2024-09
Malawi,T20I,Cameroon v Malawi,Cameroon,Won,9 wickets,2024-09-25,University of Dar-es-Salaam Ground,Neutral,1,1,0,0,0,9,2024,2024-09
Indonesia,T20I,Indonesia v Japan,Japan,Lost,4 runs,2024-09-25,"Yeonhui Cricket Ground, Incheon",Neutral,1,0,1,0,0,9,2024,2024-09
Japan,T20I,Indonesia v Japan,Indonesia,Won,4 runs,2024-09-25,"Yeonhui Cricket Ground, Incheon",Neutral,1,1,0,0,0,9,2024,2024-09
Ghana,T20I,Ghana v Mali,Mali,Won,10 wickets,2024-09-26,"Gymkhana Club Ground, Dar-es-Salaam",Neutral,1,1,0,0,0,9,2024,2024-09
Mali,T20I,Ghana v Mali,Ghana,Lost,10 wickets,2024-09-26,"Gymkhana Club Ground, Dar-es-Salaam",Neutral,1,0,1,0,0,9,2024,2024-09
Cameroon,T20I,Cameroon v Lesotho,Lesotho,Won,9 wickets,2024-09-26,University of Dar-es-Salaam Ground,Neutral,1,1,0,0,0,9,2024,2024-09
Lesotho,T20I,Cameroon v Lesotho,Cameroon,Lost,9 wickets,2024-09-26,University of Dar-es-Salaam Ground,Neutral,1,0,1,0,0,9,2024,2024-09
Malawi,T20I,Malawi v Tanzania,Tanzania,Lost,19 runs,2024-09-26,"Gymkhana Club Ground, Dar-es-Salaam",Neutral,1,0,1,0,0,9,2024,2024-09
Tanzania,T20I,Malawi v Tanzania,Malawi,Won,19 runs,2024-09-26,"Gymkhana Club Ground, Dar-es-Salaam",Neutral,1,1,0,0,0,9,2024,2024-09
Japan,T20I,Japan v Philippines,Philippines,Won,47 runs,2024-09-26,"Yeonhui Cricket Ground, Incheon",Neutral,1,1,0,0,0,9,2024,2024-09
Philippines,T20I,Japan v Philippines,Japan,Lost,47 runs,2024-09-26,"Yeonhui Cricket Ground, Incheon",Neutral,1,0,1,0,0,9,2024,2024-09
Ireland,T20I,Ireland v South Africa,South Africa,Lost,8 wickets,2024-09-27,"Zayed Cricket Stadium, Abu Dhabi",Neutral,1,0,1,0,0,9,2024,2024-09
South Africa,T20I,Ireland v South Africa,Ireland,Won,8 wickets,2024-09-27,"Zayed Cricket Stadium, Abu Dhabi",Neutral,1,1,0,0,0,9,2024,2024-09
Japan,T20I,Japan v Philippines,Philippines,Won,2 wickets,2024-09-28,"Yeonhui Cricket Ground, Incheon",Neutral,1,1,0,0,0,9,2024,2024-09
Philippines,T20I,Japan v Philippines,Japan,Lost,2 wickets,2024-09-28,"Yeonhui Cricket Ground, Incheon",Neutral,1,0,1,0,0,9,2024,2024-09
Indonesia,T20I,Indonesia v South Korea,South Korea,Won,2 wickets,2024-09-28,"Yeonhui Cricket Ground, Incheon",Neutral,1,1,0,0,0,9,2024,2024-09
South Korea,T20I,Indonesia v South Korea,Indonesia,Lost,2 wickets,2024-09-28,"Yeonhui Cricket Ground, Incheon",Neutral,1,0,1,0,0,9,2024,2024-09
Canada,T20I,Canada v Nepal,Nepal,Won,14 runs,2024-09-28,"Maple Leaf North-West Ground, King City",Neutral,1,1,0,0,0,9,2024,2024-09
Nepal,T20I,Canada v Nepal,Canada,Lost,14 runs,2024-09-28,"Maple Leaf North-West Ground, King City",Neutral,1,0,1,0,0,9,2024,2024-09
Ireland,T20I,Ireland v South Africa,South Africa,Won,10 runs,2024-09-29,"Zayed Cricket Stadium, Abu Dhabi",Neutral,1,1,0,0,0,9,2024,2024-09
South Africa,T20I,Ireland v South Africa,Ireland,Lost,10 runs,2024-09-29,"Zayed Cricket Stadium, Abu Dhabi",Neutral,1,0,1,0,0,9,2024,2024-09
Indonesia,T20I,Indonesia v Philippines,Philippines,Lost,42 runs,2024-09-29,"Yeonhui Cricket Ground, Incheon",Neutral,1,0,1,0,0,9,2024,2024-09
Philippines,T20I,Indonesia v Philippines,Indonesia,Won,42 runs,2024-09-29,"Yeonhui Cricket Ground, Incheon",Neutral,1,1,0,0,0,9,2024,2024-09
Japan,T20I,Japan v South Korea,South Korea,Won,7 wickets,2024-09-29,"Yeonhui Cricket Ground, Incheon",Neutral,1,1,0,0,0,9,2024,2024-09
South Korea,T20I,Japan v South Korea,Japan,Lost,7 wickets,2024-09-29,"Yeonhui Cricket Ground, Incheon",Neutral,1,0,1,0,0,9,2024,2024-09
Namibia,T20I,Namibia v United Arab Emirates,United Arab Emirates,Lost,40 runs,2024-09-29,"Wanderers Cricket Ground, Windhoek",Neutral,1,0,1,0,0,9,2024,2024-09
United Arab Emirates,T20I,Namibia v United Arab Emirates,Namibia,Won,40 runs,2024-09-29,"Wanderers Cricket Ground, Windhoek",Neutral,1,1,0,0,0,9,2024,2024-09
Nepal,T20I,Nepal v Oman,Oman,Won,37 runs,2024-09-29,"Maple Leaf North-West Ground, King City",Neutral,1,1,0,0,0,9,2024,2024-09
Oman,T20I,Nepal v Oman,Nepal,Lost,37 runs,2024-09-29,"Maple Leaf North-West Ground, King City",Neutral,1,0,1,0,0,9,2024,2024-09
United Arab Emirates,T20I,United Arab Emirates v United States of America,United States of America,Lost,15 runs,2024-09-30,"Wanderers Cricket Ground, Windhoek",Neutral,1,0,1,0,0,9,2024,2024-09
United States of America,T20I,United Arab Emirates v United States of America,United Arab Emirates,Won,15 runs,2024-09-30,"Wanderers Cricket Ground, Windhoek",Neutral,1,1,0,0,0,9,2024,2024-09
Canada,T20I,Canada v Oman,Oman,Lost,8 wickets,2024-09-30,"Maple Leaf North-West Ground, King City",Neutral,1,0,1,0,0,9,2024,2024-09
Oman,T20I,Canada v Oman,Canada,Won,8 wickets,2024-09-30,"Maple Leaf North-West Ground, King City",Neutral,1,1,0,0,0,9,2024,2024-09
Gibraltar,T20I,Gibraltar v Serbia,Serbia,Won,7 wickets,2024-09-30,Europa Sports Complex,Neutral,1,1,0,0,0,9,2024,2024-09
Serbia,T20I,Gibraltar v Serbia,Gibraltar,Lost,7 wickets,2024-09-30,Europa Sports Complex,Neutral,1,0,1,0,0,9,2024,2024-09
Gibraltar,T20I,Gibraltar v Serbia,Serbia,Won,8 wickets,2024-09-30,Europa Sports Complex,Neutral,1,1,0,0,0,9,2024,2024-09
Serbia,T20I,Gibraltar v Serbia,Gibraltar,Lost,8 wickets,2024-09-30,Europa Sports Complex,Neutral,1,0,1,0,0,9,2024,2024-09
Indonesia,T20I,Indonesia v Japan,Japan,Lost,53 runs,2024-10-01,"Yeonhui Cricket Ground, Incheon",Neutral,1,0,1,0,0,10,2024,2024-10
Japan,T20I,Indonesia v Japan,Indonesia,Won,53 runs,2024-10-01,"Yeonhui Cricket Ground, Incheon",Neutral,1,1,0,0,0,10,2024,2024-10
Philippines,T20I,Philippines v South Korea,South Korea,Won,37 runs,2024-10-01,"Yeonhui Cricket Ground, Incheon",Neutral,1,1,0,0,0,10,2024,2024-10
South Korea,T20I,Philippines v South Korea,Philippines,Lost,37 runs,2024-10-01,"Yeonhui Cricket Ground, Incheon",Neutral,1,0,1,0,0,10,2024,2024-10
Namibia,T20I,Namibia v United States of America,United States of America,Lost,13 runs,2024-10-01,"Wanderers Cricket Ground, Windhoek",Neutral,1,0,1,0,0,10,2024,2024-10
United States of America,T20I,Namibia v United States of America,Namibia,Won,13 runs,2024-10-01,"Wanderers Cricket Ground, Windhoek",Neutral,1,1,0,0,0,10,2024,2024-10
Canada,T20I,Canada v Nepal,Nepal,Won,4 wickets,2024-10-01,"Maple Leaf North-West Ground, King City",Neutral,1,1,0,0,0,10,2024,2024-10
Nepal,T20I,Canada v Nepal,Canada,Lost,4 wickets,2024-10-01,"Maple Leaf North-West Ground, King City",Neutral,1,0,1,0,0,10,2024,2024-10
Japan,T20I,Japan v Philippines,Philippines,Won,27 runs,2024-10-02,"Yeonhui Cricket Ground, Incheon",Neutral,1,1,0,0,0,10,2024,2024-10
Philippines,T20I,Japan v Philippines,Japan,Lost,27 runs,2024-10-02,"Yeonhui Cricket Ground, Incheon",Neutral,1,0,1,0,0,10,2024,2024-10
Indonesia,T20I,Indonesia v South Korea,South Korea,Won,27 runs,2024-10-02,"Yeonhui Cricket Ground, Incheon",Neutral,1,1,0,0,0,10,2024,2024-10
South Korea,T20I,Indonesia v South Korea,Indonesia,Lost,27 runs,2024-10-02,"Yeonhui Cricket Ground, Incheon",Neutral,1,0,1,0,0,10,2024,2024-10
Namibia,T20I,Namibia v United Arab Emirates,United Arab Emirates,Lost,6 wickets,2024-10-02,"Wanderers Cricket Ground, Windhoek",Neutral,1,0,1,0,0,10,2024,2024-10
United Arab Emirates,T20I,Namibia v United Arab Emirates,Namibia,Won,6 wickets,2024-10-02,"Wanderers Cricket Ground, Windhoek",Neutral,1,1,0,0,0,10,2024,2024-10
Nepal,T20I,Nepal v Oman,Oman,Won,56 runs,2024-10-02,"Maple Leaf North-West Ground, King City",Neutral,1,1,0,0,0,10,2024,2024-10
Oman,T20I,Nepal v Oman,Nepal,Lost,56 runs,2024-10-02,"Maple Leaf North-West Ground, King City",Neutral,1,0,1,0,0,10,2024,2024-10
Canada,T20I,Canada v Oman,Oman,Won,5 wickets,2024-10-03,"Maple Leaf North-West Ground, King City",Neutral,1,1,0,0,0,10,2024,2024-10
Oman,T20I,Canada v Oman,Canada,Lost,5 wickets,2024-10-03,"Maple Leaf North-West Ground, King City",Neutral,1,0,1,0,0,10,2024,2024-10
Indonesia,T20I,Indonesia v Philippines,Philippines,Won,3 runs,2024-10-04,"Yeonhui Cricket Ground, Incheon",Neutral,1,1,0,0,0,10,2024,2024-10
Philippines,T20I,Indonesia v Philippines,Indonesia,Lost,3 runs,2024-10-04,"Yeonhui Cricket Ground, Incheon",Neutral,1,0,1,0,0,10,2024,2024-10
Japan,T20I,Japan v South Korea,South Korea,Won,108 runs,2024-10-04,"Yeonhui Cricket Ground, Incheon",Neutral,1,1,0,0,0,10,2024,2024-10
South Korea,T20I,Japan v South Korea,Japan,Lost,108 runs,2024-10-04,"Yeonhui Cricket Ground, Incheon",Neutral,1,0,1,0,0,10,2024,2024-10
United Arab Emirates,T20I,United Arab Emirates v United States of America,United States of America,Won,6 runs,2024-10-04,"Wanderers Cricket Ground, Windhoek",Neutral,1,1,0,0,0,10,2024,2024-10
United States of America,T20I,United Arab Emirates v United States of America,United Arab Emirates,Lost,6 runs,2024-10-04,"Wanderers Cricket Ground, Windhoek",Neutral,1,0,1,0,0,10,2024,2024-10
Philippines,T20I,Philippines v South Korea,South Korea,Won,101 runs,2024-10-05,"Yeonhui Cricket Ground, Incheon",Neutral,1,1,0,0,0,10,2024,2024-10
South Korea,T20I,Philippines v South Korea,Philippines,Lost,101 runs,2024-10-05,"Yeonhui Cricket Ground, Incheon",Neutral,1,0,1,0,0,10,2024,2024-10
Indonesia,T20I,Indonesia v Japan,Japan,Lost,144 runs,2024-10-05,"Yeonhui Cricket Ground, Incheon",Neutral,1,0,1,0,0,10,2024,2024-10
Japan,T20I,Indonesia v Japan,Indonesia,Won,144 runs,2024-10-05,"Yeonhui Cricket Ground, Incheon",Neutral,1,1,0,0,0,10,2024,2024-10
Namibia,T20I,Namibia v United States of America,United States of America,Lost,6 wickets,2024-10-05,"Wanderers Cricket Ground, Windhoek",Neutral,1,0,1,0,0,10,2024,2024-10
United States of America,T20I,Namibia v United States of America,Namibia,Won,6 wickets,2024-10-05,"Wanderers Cricket Ground, Windhoek",Neutral,1,1,0,0,0,10,2024,2024-10
Bangladesh,T20I,Bangladesh v India,India,Lost,7 wickets,2024-10-06,"Shrimant Madhavrao Scindia Cricket Stadium, Gwalior",Neutral,1,0,1,0,0,10,2024,2024-10
India,T20I,Bangladesh v India,Bangladesh,Won,7 wickets,2024-10-06,"Shrimant Madhavrao Scindia Cricket Stadium, Gwalior",Neutral,1,1,0,0,0,10,2024,2024-10
Bangladesh,T20I,Bangladesh v India,India,Lost,86 runs,2024-10-09,"Arun Jaitley Stadium, Delhi",Neutral,1,0,1,0,0,10,2024,2024-10
India,T20I,Bangladesh v India,Bangladesh,Won,86 runs,2024-10-09,"Arun Jaitley Stadium, Delhi",Neutral,1,1,0,0,0,10,2024,2024-10
Malawi,T20I,Malawi v Rwanda,Rwanda,Lost,8 wickets,2024-10-09,"TCA Oval, Blantyre",Neutral,1,0,1,0,0,10,2024,2024-10
Rwanda,T20I,Malawi v Rwanda,Malawi,Won,8 wickets,2024-10-09,"TCA Oval, Blantyre",Neutral,1,1,0,0,0,10,2024,2024-10
Malawi,T20I,Malawi v Rwanda,Rwanda,Lost,9 wickets,2024-10-10,"TCA Oval, Blantyre",Neutral,1,0,1,0,0,10,2024,2024-10
Rwanda,T20I,Malawi v Rwanda,Malawi,Won,9 wickets,2024-10-10,"TCA Oval, Blantyre",Neutral,1,1,0,0,0,10,2024,2024-10
Bangladesh,T20I,Bangladesh v India,India,Lost,133 runs,2024-10-12,"Rajiv Gandhi International Stadium, Uppal, Hyderabad",Neutral,1,0,1,0,0,10,2024,2024-10
India,T20I,Bangladesh v India,Bangladesh,Won,133 runs,2024-10-12,"Rajiv Gandhi International Stadium, Uppal, Hyderabad",Neutral,1,1,0,0,0,10,2024,2024-10
Brazil,T20I,Brazil v Mexico,Mexico,Won,7 runs,2024-10-12,Sao Fernando Polo and Cricket Club,Neutral,1,1,0,0,0,10,2024,2024-10
Mexico,T20I,Brazil v Mexico,Brazil,Lost,7 runs,2024-10-12,Sao Fernando Polo and Cricket Club,Neutral,1,0,1,0,0,10,2024,2024-10
Sri Lanka,T20I,Sri Lanka v West Indies,West Indies,Lost,5 wickets,2024-10-13,Rangiri Dambulla International Stadium,Neutral,1,0,1,0,0,10,2024,2024-10
West Indies,T20I,Sri Lanka v West Indies,Sri Lanka,Won,5 wickets,2024-10-13,Rangiri Dambulla International Stadium,Neutral,1,1,0,0,0,10,2024,2024-10
Argentina,T20I,Argentina v Mexico,Mexico,Won,8 wickets,2024-10-13,Sao Fernando Polo and Cricket Club,Neutral,1,1,0,0,0,10,2024,2024-10
Mexico,T20I,Argentina v Mexico,Argentina,Lost,8 wickets,2024-10-13,Sao Fernando Polo and Cricket Club,Neutral,1,0,1,0,0,10,2024,2024-10
Malawi,T20I,Malawi v Rwanda,Rwanda,Lost,6 wickets,2024-10-13,"TCA Oval, Blantyre",Neutral,1,0,1,0,0,10,2024,2024-10
Rwanda,T20I,Malawi v Rwanda,Malawi,Won,6 wickets,2024-10-13,"TCA Oval, Blantyre",Neutral,1,1,0,0,0,10,2024,2024-10
Sri Lanka,T20I,Sri Lanka v West Indies,West Indies,Won,73 runs,2024-10-15,Rangiri Dambulla International Stadium,Neutral,1,1,0,0,0,10,2024,2024-10
West Indies,T20I,Sri Lanka v West Indies,Sri Lanka,Lost,73 runs,2024-10-15,Rangiri Dambulla International Stadium,Neutral,1,0,1,0,0,10,2024,2024-10
Sri Lanka,T20I,Sri Lanka v West Indies,West Indies,Won,9 wickets,2024-10-17,Rangiri Dambulla International Stadium,Neutral,1,1,0,0,0,10,2024,2024-10
West Indies,T20I,Sri Lanka v West Indies,Sri Lanka,Lost,9 wickets,2024-10-17,Rangiri Dambulla International Stadium,Neutral,1,0,1,0,0,10,2024,2024-10
Nepal,T20I,Nepal v United States of America,United States of America,Won,17 runs,2024-10-17,"Grand Prairie Stadium, Dallas",Neutral,1,1,0,0,0,10,2024,2024-10
United States of America,T20I,Nepal v United States of America,Nepal,Lost,17 runs,2024-10-17,"Grand Prairie Stadium, Dallas",Neutral,1,0,1,0,0,10,2024,2024-10
Kenya,T20I,Kenya v Seychelles,Seychelles,Won,91 runs,2024-10-18,"Sikh Union Club Ground, Nairobi",Neutral,1,1,0,0,0,10,2024,2024-10
Seychelles,T20I,Kenya v Seychelles,Kenya,Lost,91 runs,2024-10-18,"Sikh Union Club Ground, Nairobi",Neutral,1,0,1,0,0,10,2024,2024-10
Nepal,T20I,Nepal v United States of America,United States of America,Tied,Tie,2024-10-19,"Grand Prairie Stadium, Dallas",Neutral,1,0,0,1,0,10,2024,2024-10
United States of America,T20I,Nepal v United States of America,Nepal,Tied,Tie,2024-10-19,"Grand Prairie Stadium, Dallas",Neutral,1,0,0,1,0,10,2024,2024-10
Bhutan,T20I,Bhutan v Thailand,Thailand,Lost,77 runs,2024-10-19,Gelephu International Cricket Ground,Neutral,1,0,1,0,0,10,2024,2024-10
Thailand,T20I,Bhutan v Thailand,Bhutan,Won,77 runs,2024-10-19,Gelephu International Cricket Ground,Neutral,1,1,0,0,0,10,2024,2024-10
Indonesia,T20I,Indonesia v Maldives,Maldives,Lost,23 runs,2024-10-19,Gelephu International Cricket Ground,Neutral,1,0,1,0,0,10,2024,2024-10
Maldives,T20I,Indonesia v Maldives,Indonesia,Won,23 runs,2024-10-19,Gelephu International Cricket Ground,Neutral,1,1,0,0,0,10,2024,2024-10
Seychelles,T20I,Seychelles v Zimbabwe,Zimbabwe,Lost,76 runs,2024-10-19,"Gymkhana Club Ground, Nairobi",Neutral,1,0,1,0,0,10,2024,2024-10
Zimbabwe,T20I,Seychelles v Zimbabwe,Seychelles,Won,76 runs,2024-10-19,"Gymkhana Club Ground, Nairobi",Neutral,1,1,0,0,0,10,2024,2024-10
Kenya,T20I,Kenya v Mozambique,Mozambique,Won,111 runs,2024-10-19,"Ruaraka Sports Club Ground, Nairobi",Neutral,1,1,0,0,0,10,2024,2024-10
Mozambique,T20I,Kenya v Mozambique,Kenya,Lost,111 runs,2024-10-19,"Ruaraka Sports Club Ground, Nairobi",Neutral,1,0,1,0,0,10,2024,2024-10
Nepal,T20I,Nepal v United States of America,United States of America,Won,8 wickets,2024-10-20,"Grand Prairie Stadium, Dallas",Neutral,1,1,0,0,0,10,2024,2024-10
United States of America,T20I,Nepal v United States of America,Nepal,Lost,8 wickets,2024-10-20,"Grand Prairie Stadium, Dallas",Neutral,1,0,1,0,0,10,2024,2024-10
Bhutan,T20I,Bhutan v Maldives,Maldives,Won,4 wickets,2024-10-20,Gelephu International Cricket Ground,Neutral,1,1,0,0,0,10,2024,2024-10
Maldives,T20I,Bhutan v Maldives,Bhutan,Lost,4 wickets,2024-10-20,Gelephu International Cricket Ground,Neutral,1,0,1,0,0,10,2024,2024-10
Indonesia,T20I,Indonesia v Thailand,Thailand,Lost,6 wickets,2024-10-20,Gelephu International Cricket Ground,Neutral,1,0,1,0,0,10,2024,2024-10
Thailand,T20I,Indonesia v Thailand,Indonesia,Won,6 wickets,2024-10-20,Gelephu International Cricket Ground,Neutral,1,1,0,0,0,10,2024,2024-10
Mozambique,T20I,Mozambique v Zimbabwe,Zimbabwe,Lost,9 wickets,2024-10-20,"Gymkhana Club Ground, Nairobi",Neutral,1,0,1,0,0,10,2024,2024-10
Zimbabwe,T20I,Mozambique v Zimbabwe,Mozambique,Won,9 wickets,2024-10-20,"Gymkhana Club Ground, Nairobi",Neutral,1,1,0,0,0,10,2024,2024-10
Kenya,T20I,Kenya v Rwanda,Rwanda,Won,5 wickets,2024-10-20,"Gymkhana Club Ground, Nairobi",Neutral,1,1,0,0,0,10,2024,2024-10
Rwanda,T20I,Kenya v Rwanda,Kenya,Lost,5 wickets,2024-10-20,"Gymkhana Club Ground, Nairobi",Neutral,1,0,1,0,0,10,2024,2024-10
Maldives,T20I,Maldives v Thailand,Thailand,Lost,44 runs,2024-10-22,Gelephu International Cricket Ground,Neutral,1,0,1,0,0,10,2024,2024-10
Thailand,T20I,Maldives v Thailand,Maldives,Won,44 runs,2024-10-22,Gelephu International Cricket Ground,Neutral,1,1,0,0,0,10,2024,2024-10
Bhutan,T20I,Bhutan v Indonesia,Indonesia,Won,56 runs,2024-10-22,Gelephu International Cricket Ground,Neutral,1,1,0,0,0,10,2024,2024-10
Indonesia,T20I,Bhutan v Indonesia,Bhutan,Lost,56 runs,2024-10-22,Gelephu International Cricket Ground,Neutral,1,0,1,0,0,10,2024,2024-10
Mozambique,T20I,Mozambique v Seychelles,Seychelles,Won,60 runs,2024-10-22,"Gymkhana Club Ground, Nairobi",Neutral,1,1,0,0,0,10,2024,2024-10
Seychelles,T20I,Mozambique v Seychelles,Mozambique,Lost,60 runs,2024-10-22,"Gymkhana Club Ground, Nairobi",Neutral,1,0,1,0,0,10,2024,2024-10
Gambia,T20I,Gambia v Kenya,Kenya,Lost,129 runs,2024-10-22,"Gymkhana Club Ground, Nairobi",Neutral,1,0,1,0,0,10,2024,2024-10
Kenya,T20I,Gambia v Kenya,Gambia,Won,129 runs,2024-10-22,"Gymkhana Club Ground, Nairobi",Neutral,1,1,0,0,0,10,2024,2024-10
Rwanda,T20I,Rwanda v Zimbabwe,Zimbabwe,Lost,149 runs,2024-10-22,"Ruaraka Sports Club Ground, Nairobi",Neutral,1,0,1,0,0,10,2024,2024-10
Zimbabwe,T20I,Rwanda v Zimbabwe,Rwanda,Won,149 runs,2024-10-22,"Ruaraka Sports Club Ground, Nairobi",Neutral,1,1,0,0,0,10,2024,2024-10
Indonesia,T20I,Indonesia v Thailand,Thailand,Lost,66 runs,2024-10-23,Gelephu International Cricket Ground,Neutral,1,0,1,0,0,10,2024,2024-10
Thailand,T20I,Indonesia v Thailand,Indonesia,Won,66 runs,2024-10-23,Gelephu International Cricket Ground,Neutral,1,1,0,0,0,10,2024,2024-10
Bhutan,T20I,Bhutan v Maldives,Maldives,Lost,7 wickets,2024-10-23,Gelephu International Cricket Ground,Neutral,1,0,1,0,0,10,2024,2024-10
Maldives,T20I,Bhutan v Maldives,Bhutan,Won,7 wickets,2024-10-23,Gelephu International Cricket Ground,Neutral,1,1,0,0,0,10,2024,2024-10
Kenya,T20I,Kenya v Seychelles,Seychelles,Won,9 wickets,2024-10-23,"Ruaraka Sports Club Ground, Nairobi",Neutral,1,1,0,0,0,10,2024,2024-10
Seychelles,T20I,Kenya v Seychelles,Kenya,Lost,9 wickets,2024-10-23,"Ruaraka Sports Club Ground, Nairobi",Neutral,1,0,1,0,0,10,2024,2024-10
Mozambique,T20I,Mozambique v Rwanda,Rwanda,Won,7 wickets,2024-10-23,"Gymkhana Club Ground, Nairobi",Neutral,1,1,0,0,0,10,2024,2024-10
Rwanda,T20I,Mozambique v Rwanda,Mozambique,Lost,7 wickets,2024-10-23,"Gymkhana Club Ground, Nairobi",Neutral,1,0,1,0,0,10,2024,2024-10
Gambia,T20I,Gambia v Zimbabwe,Zimbabwe,Lost,290 runs,2024-10-23,"Ruaraka Sports Club Ground, Nairobi",Neutral,1,0,1,0,0,10,2024,2024-10
Zimbabwe,T20I,Gambia v Zimbabwe,Gambia,Won,290 runs,2024-10-23,"Ruaraka Sports Club Ground, Nairobi",Neutral,1,1,0,0,0,10,2024,2024-10
Bhutan,T20I,Bhutan v Indonesia,Indonesia,Won,1 wickets,2024-10-24,Gelephu International Cricket Ground,Neutral,1,1,0,0,0,10,2024,2024-10
Indonesia,T20I,Bhutan v Indonesia,Bhutan,Lost,1 wickets,2024-10-24,Gelephu International Cricket Ground,Neutral,1,0,1,0,0,10,2024,2024-10
Rwanda,T20I,Rwanda v Seychelles,Seychelles,Won,73 runs,2024-10-24,"Ruaraka Sports Club Ground, Nairobi",Neutral,1,1,0,0,0,10,2024,2024-10
Seychelles,T20I,Rwanda v Seychelles,Rwanda,Lost,73 runs,2024-10-24,"Ruaraka Sports Club Ground, Nairobi",Neutral,1,0,1,0,0,10,2024,2024-10
Kenya,T20I,Kenya v Zimbabwe,Zimbabwe,Lost,61 runs,2024-10-24,"Gymkhana Club Ground, Nairobi",Neutral,1,0,1,0,0,10,2024,2024-10
Zimbabwe,T20I,Kenya v Zimbabwe,Kenya,Won,61 runs,2024-10-24,"Gymkhana Club Ground, Nairobi",Neutral,1,1,0,0,0,10,2024,2024-10
Gambia,T20I,Gambia v Mozambique,Mozambique,Lost,6 wickets,2024-10-24,"Ruaraka Sports Club Ground, Nairobi",Neutral,1,0,1,0,0,10,2024,2024-10
Mozambique,T20I,Gambia v Mozambique,Gambia,Won,6 wickets,2024-10-24,"Ruaraka Sports Club Ground, Nairobi",Neutral,1,1,0,0,0,10,2024,2024-10
Bahrain,T20I,Bahrain v Uganda,Uganda,Won,17 runs,2024-10-28,Jinja Cricket Ground,Neutral,1,1,0,0,0,10,2024,2024-10
Uganda,T20I,Bahrain v Uganda,Bahrain,Lost,17 runs,2024-10-28,Jinja Cricket Ground,Neutral,1,0,1,0,0,10,2024,2024-10
Bahrain,T20I,Bahrain v Uganda,Uganda,Lost,8 wickets,2024-10-29,Jinja Cricket Ground,Neutral,1,0,1,0,0,10,2024,2024-10
Uganda,T20I,Bahrain v Uganda,Bahrain,Won,8 wickets,2024-10-29,Jinja Cricket Ground,Neutral,1,1,0,0,0,10,2024,2024-10
India,T20I,India v South Africa,South Africa,Won,61 runs,2024-11-08,"Kingsmead, Durban",Neutral,1,1,0,0,0,11,2024,2024-11
South Africa,T20I,India v South Africa,India,Lost,61 runs,2024-11-08,"Kingsmead, Durban",Neutral,1,0,1,0,0,11,2024,2024-11
England,T20I,England v West Indies,West Indies,Won,8 wickets,2024-11-09,"Kensington Oval, Bridgetown, Barbados",Neutral,1,1,0,0,0,11,2024,2024-11
West Indies,T20I,England v West Indies,England,Lost,8 wickets,2024-11-09,"Kensington Oval, Bridgetown, Barbados",Neutral,1,0,1,0,0,11,2024,2024-11
New Zealand,T20I,New Zealand v Sri Lanka,Sri Lanka,Lost,4 wickets,2024-11-09,Rangiri Dambulla International Stadium,Neutral,1,0,1,0,0,11,2024,2024-11
Sri Lanka,T20I,New Zealand v Sri Lanka,New Zealand,Won,4 wickets,2024-11-09,Rangiri Dambulla International Stadium,Neutral,1,1,0,0,0,11,2024,2024-11
England,T20I,England v West Indies,West Indies,Won,7 wickets,2024-11-10,"Kensington Oval, Bridgetown, Barbados",Neutral,1,1,0,0,0,11,2024,2024-11
West Indies,T20I,England v West Indies,England,Lost,7 wickets,2024-11-10,"Kensington Oval, Bridgetown, Barbados",Neutral,1,0,1,0,0,11,2024,2024-11
India,T20I,India v South Africa,South Africa,Lost,3 wickets,2024-11-10,"St George's Park, Gqeberha",Neutral,1,0,1,0,0,11,2024,2024-11
South Africa,T20I,India v South Africa,India,Won,3 wickets,2024-11-10,"St George's Park, Gqeberha",Neutral,1,1,0,0,0,11,2024,2024-11
New Zealand,T20I,New Zealand v Sri Lanka,Sri Lanka,Won,5 runs,2024-11-10,Rangiri Dambulla International Stadium,Neutral,1,1,0,0,0,11,2024,2024-11
Sri Lanka,T20I,New Zealand v Sri Lanka,New Zealand,Lost,5 runs,2024-11-10,Rangiri Dambulla International Stadium,Neutral,1,0,1,0,0,11,2024,2024-11
Indonesia,T20I,Indonesia v Myanmar,Myanmar,Won,136 runs,2024-11-12,Udayana Cricket Ground,Neutral,1,1,0,0,0,11,2024,2024-11
Myanmar,T20I,Indonesia v Myanmar,Indonesia,Lost,136 runs,2024-11-12,Udayana Cricket Ground,Neutral,1,0,1,0,0,11,2024,2024-11
India,T20I,India v South Africa,South Africa,Won,11 runs,2024-11-13,"SuperSport Park, Centurion",Neutral,1,1,0,0,0,11,2024,2024-11
South Africa,T20I,India v South Africa,India,Lost,11 runs,2024-11-13,"SuperSport Park, Centurion",Neutral,1,0,1,0,0,11,2024,2024-11
Netherlands,T20I,Netherlands v Oman,Oman,Lost,3 wickets,2024-11-13,Al Amerat Cricket Ground Oman Cricket (Ministry Turf 1),Neutral,1,0,1,0,0,11,2024,2024-11
Oman,T20I,Netherlands v Oman,Netherlands,Won,3 wickets,2024-11-13,Al Amerat Cricket Ground Oman Cricket (Ministry Turf 1),Neutral,1,1,0,0,0,11,2024,2024-11
Indonesia,T20I,Indonesia v Myanmar,Myanmar,Won,9 wickets,2024-11-13,Udayana Cricket Ground,Neutral,1,1,0,0,0,11,2024,2024-11
Myanmar,T20I,Indonesia v Myanmar,Indonesia,Lost,9 wickets,2024-11-13,Udayana Cricket Ground,Neutral,1,0,1,0,0,11,2024,2024-11
Australia,T20I,Australia v Pakistan,Pakistan,Won,29 runs,2024-11-14,"Brisbane Cricket Ground, Woolloongabba, Brisbane",Neutral,1,1,0,0,0,11,2024,2024-11
Pakistan,T20I,Australia v Pakistan,Australia,Lost,29 runs,2024-11-14,"Brisbane Cricket Ground, Woolloongabba, Brisbane",Neutral,1,0,1,0,0,11,2024,2024-11
England,T20I,England v West Indies,West Indies,Won,3 wickets,2024-11-14,"Daren Sammy National Cricket Stadium, Gros Islet, St Lucia",Neutral,1,1,0,0,0,11,2024,2024-11
West Indies,T20I,England v West Indies,England,Lost,3 wickets,2024-11-14,"Daren Sammy National Cricket Stadium, Gros Islet, St Lucia",Neutral,1,0,1,0,0,11,2024,2024-11
Netherlands,T20I,Netherlands v Oman,Oman,Won,50 runs,2024-11-14,Al Amerat Cricket Ground Oman Cricket (Ministry Turf 1),Neutral,1,1,0,0,0,11,2024,2024-11
Oman,T20I,Netherlands v Oman,Netherlands,Lost,50 runs,2024-11-14,Al Amerat Cricket Ground Oman Cricket (Ministry Turf 1),Neutral,1,0,1,0,0,11,2024,2024-11
India,T20I,India v South Africa,South Africa,Won,135 runs,2024-11-15,"The Wanderers Stadium, Johannesburg",Neutral,1,1,0,0,0,11,2024,2024-11
South Africa,T20I,India v South Africa,India,Lost,135 runs,2024-11-15,"The Wanderers Stadium, Johannesburg",Neutral,1,0,1,0,0,11,2024,2024-11
Indonesia,T20I,Indonesia v Myanmar,Myanmar,Won,5 wickets,2024-11-15,Udayana Cricket Ground,Neutral,1,1,0,0,0,11,2024,2024-11
Myanmar,T20I,Indonesia v Myanmar,Indonesia,Lost,5 wickets,2024-11-15,Udayana Cricket Ground,Neutral,1,0,1,0,0,11,2024,2024-11
Australia,T20I,Australia v Pakistan,Pakistan,Won,13 runs,2024-11-16,Sydney Cricket Ground,Neutral,1,1,0,0,0,11,2024,2024-11
Pakistan,T20I,Australia v Pakistan,Australia,Lost,13 runs,2024-11-16,Sydney Cricket Ground,Neutral,1,0,1,0,0,11,2024,2024-11
England,T20I,England v West Indies,West Indies,Lost,5 wickets,2024-11-16,"Daren Sammy National Cricket Stadium, Gros Islet, St Lucia",Neutral,1,0,1,0,0,11,2024,2024-11
West Indies,T20I,England v West Indies,England,Won,5 wickets,2024-11-16,"Daren Sammy National Cricket Stadium, Gros Islet, St Lucia",Neutral,1,1,0,0,0,11,2024,2024-11
Netherlands,T20I,Netherlands v Oman,Oman,Won,29 runs,2024-11-16,Al Amerat Cricket Ground Oman Cricket (Ministry Turf 1),Neutral,1,1,0,0,0,11,2024,2024-11
Oman,T20I,Netherlands v Oman,Netherlands,Lost,29 runs,2024-11-16,Al Amerat Cricket Ground Oman Cricket (Ministry Turf 1),Neutral,1,0,1,0,0,11,2024,2024-11
Indonesia,T20I,Indonesia v Myanmar,Myanmar,Won,4 wickets,2024-11-16,Udayana Cricket Ground,Neutral,1,1,0,0,0,11,2024,2024-11
Myanmar,T20I,Indonesia v Myanmar,Indonesia,Lost,4 wickets,2024-11-16,Udayana Cricket Ground,Neutral,1,0,1,0,0,11,2024,2024-11
England,T20I,England v West Indies,West Indies,No Result,No Result,2024-11-17,"Daren Sammy National Cricket Stadium, Gros Islet, St Lucia",Neutral,1,0,0,0,1,11,2024,2024-11
West Indies,T20I,England v West Indies,England,No Result,No Result,2024-11-17,"Daren Sammy National Cricket Stadium, Gros Islet, St Lucia",Neutral,1,0,0,0,1,11,2024,2024-11
Indonesia,T20I,Indonesia v Myanmar,Myanmar,Won,114 runs,2024-11-17,Udayana Cricket Ground,Neutral,1,1,0,0,0,11,2024,2024-11
Myanmar,T20I,Indonesia v Myanmar,Indonesia,Lost,114 runs,2024-11-17,Udayana Cricket Ground,Neutral,1,0,1,0,0,11,2024,2024-11
Australia,T20I,Australia v Pakistan,Pakistan,Won,7 wickets,2024-11-18,"Bellerive Oval, Hobart",Neutral,1,1,0,0,0,11,2024,2024-11
Pakistan,T20I,Australia v Pakistan,Australia,Lost,7 wickets,2024-11-18,"Bellerive Oval, Hobart",Neutral,1,0,1,0,0,11,2024,2024-11
Indonesia,T20I,Indonesia v Myanmar,Myanmar,Won,4 wickets,2024-11-19,Udayana Cricket Ground,Neutral,1,1,0,0,0,11,2024,2024-11
Myanmar,T20I,Indonesia v Myanmar,Indonesia,Lost,4 wickets,2024-11-19,Udayana Cricket Ground,Neutral,1,0,1,0,0,11,2024,2024-11
Qatar,T20I,Qatar v Thailand,Thailand,Won,5 wickets,2024-11-19,"West End Park International Cricket Stadium, Doha",Neutral,1,1,0,0,0,11,2024,2024-11
Thailand,T20I,Qatar v Thailand,Qatar,Lost,5 wickets,2024-11-19,"West End Park International Cricket Stadium, Doha",Neutral,1,0,1,0,0,11,2024,2024-11
Bhutan,T20I,Bhutan v United Arab Emirates,United Arab Emirates,Lost,63 runs,2024-11-19,University of Doha for Science and Technology,Neutral,1,0,1,0,0,11,2024,2024-11
United Arab Emirates,T20I,Bhutan v United Arab Emirates,Bhutan,Won,63 runs,2024-11-19,University of Doha for Science and Technology,Neutral,1,1,0,0,0,11,2024,2024-11
Bahrain,T20I,Bahrain v Saudi Arabia,Saudi Arabia,Won,3 runs,2024-11-19,"West End Park International Cricket Stadium, Doha",Neutral,1,1,0,0,0,11,2024,2024-11
Saudi Arabia,T20I,Bahrain v Saudi Arabia,Bahrain,Lost,3 runs,2024-11-19,"West End Park International Cricket Stadium, Doha",Neutral,1,0,1,0,0,11,2024,2024-11
Cambodia,T20I,Cambodia v Thailand,Thailand,Lost,16 runs,2024-11-20,"West End Park International Cricket Stadium, Doha",Neutral,1,0,1,0,0,11,2024,2024-11
Thailand,T20I,Cambodia v Thailand,Cambodia,Won,16 runs,2024-11-20,"West End Park International Cricket Stadium, Doha",Neutral,1,1,0,0,0,11,2024,2024-11
Bhutan,T20I,Bhutan v Qatar,Qatar,Lost,6 wickets,2024-11-20,University of Doha for Science and Technology,Neutral,1,0,1,0,0,11,2024,2024-11
Qatar,T20I,Bhutan v Qatar,Bhutan,Won,6 wickets,2024-11-20,University of Doha for Science and Technology,Neutral,1,1,0,0,0,11,2024,2024-11
Saudi Arabia,T20I,Saudi Arabia v United Arab Emirates,United Arab Emirates,Lost,17 runs,2024-11-20,"West End Park International Cricket Stadium, Doha",Neutral,1,0,1,0,0,11,2024,2024-11
United Arab Emirates,T20I,Saudi Arabia v United Arab Emirates,Saudi Arabia,Won,17 runs,2024-11-20,"West End Park International Cricket Stadium, Doha",Neutral,1,1,0,0,0,11,2024,2024-11
Cambodia,T20I,Cambodia v United Arab Emirates,United Arab Emirates,Lost,5 wickets,2024-11-22,"West End Park International Cricket Stadium, Doha",Neutral,1,0,1,0,0,11,2024,2024-11
United Arab Emirates,T20I,Cambodia v United Arab Emirates,Cambodia,Won,5 wickets,2024-11-22,"West End Park International Cricket Stadium, Doha",Neutral,1,1,0,0,0,11,2024,2024-11
Bahrain,T20I,Bahrain v Thailand,Thailand,Lost,2 wickets,2024-11-22,University of Doha for Science and Technology,Neutral,1,0,1,0,0,11,2024,2024-11
Thailand,T20I,Bahrain v Thailand,Bahrain,Won,2 wickets,2024-11-22,University of Doha for Science and Technology,Neutral,1,1,0,0,0,11,2024,2024-11
Bhutan,T20I,Bhutan v Saudi Arabia,Saudi Arabia,Lost,85 runs,2024-11-22,University of Doha for Science and Technology,Neutral,1,0,1,0,0,11,2024,2024-11
Saudi Arabia,T20I,Bhutan v Saudi Arabia,Bhutan,Won,85 runs,2024-11-22,University of Doha for Science and Technology,Neutral,1,1,0,0,0,11,2024,2024-11
Bahrain,T20I,Bahrain v Bhutan,Bhutan,Won,90 runs,2024-11-23,"West End Park International Cricket Stadium, Doha",Neutral,1,1,0,0,0,11,2024,2024-11
Bhutan,T20I,Bahrain v Bhutan,Bahrain,Lost,90 runs,2024-11-23,"West End Park International Cricket Stadium, Doha",Neutral,1,0,1,0,0,11,2024,2024-11
Thailand,T20I,Thailand v United Arab Emirates,United Arab Emirates,Lost,155 runs,2024-11-23,University of Doha for Science and Technology,Neutral,1,0,1,0,0,11,2024,2024-11
United Arab Emirates,T20I,Thailand v United Arab Emirates,Thailand,Won,155 runs,2024-11-23,University of Doha for Science and Technology,Neutral,1,1,0,0,0,11,2024,2024-11
Cambodia,T20I,Cambodia v Qatar,Qatar,Lost,48 runs,2024-11-23,University of Doha for Science and Technology,Neutral,1,0,1,0,0,11,2024,2024-11
Qatar,T20I,Cambodia v Qatar,Cambodia,Won,48 runs,2024-11-23,University of Doha for Science and Technology,Neutral,1,1,0,0,0,11,2024,2024-11
Botswana,T20I,Botswana v Eswatini,Eswatini,Won,48 runs,2024-11-23,"Tafawa Balewa Square Cricket Oval, Lagos",Neutral,1,1,0,0,0,11,2024,2024-11
Eswatini,T20I,Botswana v Eswatini,Botswana,Lost,48 runs,2024-11-23,"Tafawa Balewa Square Cricket Oval, Lagos",Neutral,1,0,1,0,0,11,2024,2024-11
Ivory Coast,T20I,Ivory Coast v Sierra Leone,Sierra Leone,Lost,168 runs,2024-11-23,"Tafawa Balewa Square Cricket Oval, Lagos",Neutral,1,0,1,0,0,11,2024,2024-11
Sierra Leone,T20I,Ivory Coast v Sierra Leone,Ivory Coast,Won,168 runs,2024-11-23,"Tafawa Balewa Square Cricket Oval, Lagos",Neutral,1,1,0,0,0,11,2024,2024-11
Nigeria,T20I,Nigeria v St Helena,St Helena,Won,118 runs,2024-11-23,University of Lagos Cricket Oval,Neutral,1,1,0,0,0,11,2024,2024-11
St Helena,T20I,Nigeria v St Helena,Nigeria,Lost,118 runs,2024-11-23,University of Lagos Cricket Oval,Neutral,1,0,1,0,0,11,2024,2024-11
Botswana,T20I,Botswana v Sierra Leone,Sierra Leone,Won,5 wickets,2024-11-24,University of Lagos Cricket Oval,Neutral,1,1,0,0,0,11,2024,2024-11
Sierra Leone,T20I,Botswana v Sierra Leone,Botswana,Lost,5 wickets,2024-11-24,University of Lagos Cricket Oval,Neutral,1,0,1,0,0,11,2024,2024-11
Ivory Coast,T20I,Ivory Coast v Nigeria,Nigeria,Lost,264 runs,2024-11-24,"Tafawa Balewa Square Cricket Oval, Lagos",Neutral,1,0,1,0,0,11,2024,2024-11
Nigeria,T20I,Ivory Coast v Nigeria,Ivory Coast,Won,264 runs,2024-11-24,"Tafawa Balewa Square Cricket Oval, Lagos",Neutral,1,1,0,0,0,11,2024,2024-11
Eswatini,T20I,Eswatini v St Helena,St Helena,Won,48 runs,2024-11-24,University of Lagos Cricket Oval,Neutral,1,1,0,0,0,11,2024,2024-11
St Helena,T20I,Eswatini v St Helena,Eswatini,Lost,48 runs,2024-11-24,University of Lagos Cricket Oval,Neutral,1,0,1,0,0,11,2024,2024-11
Bahrain,T20I,Bahrain v Qatar,Qatar,Lost,13 runs,2024-11-25,"West End Park International Cricket Stadium, Doha",Neutral,1,0,1,0,0,11,2024,2024-11
Qatar,T20I,Bahrain v Qatar,Bahrain,Won,13 runs,2024-11-25,"West End Park International Cricket Stadium, Doha",Neutral,1,1,0,0,0,11,2024,2024-11
Cambodia,T20I,Cambodia v Saudi Arabia,Saudi Arabia,Lost,5 wickets,2024-11-25,University of Doha for Science and Technology,Neutral,1,0,1,0,0,11,2024,2024-11
Saudi Arabia,T20I,Cambodia v Saudi Arabia,Cambodia,Won,5 wickets,2024-11-25,University of Doha for Science and Technology,Neutral,1,1,0,0,0,11,2024,2024-11
Bhutan,T20I,Bhutan v Thailand,Thailand,Lost,7 runs,2024-11-25,"West End Park International Cricket Stadium, Doha",Neutral,1,0,1,0,0,11,2024,2024-11
Thailand,T20I,Bhutan v Thailand,Bhutan,Won,7 runs,2024-11-25,"West End Park International Cricket Stadium, Doha",Neutral,1,1,0,0,0,11,2024,2024-11
Saudi Arabia,T20I,Saudi Arabia v Thailand,Thailand,Won,5 wickets,2024-11-26,"West End Park International Cricket Stadium, Doha",Neutral,1,1,0,0,0,11,2024,2024-11
Thailand,T20I,Saudi Arabia v Thailand,Saudi Arabia,Lost,5 wickets,2024-11-26,"West End Park International Cricket Stadium, Doha",Neutral,1,0,1,0,0,11,2024,2024-11
Bahrain,T20I,Bahrain v Cambodia,Cambodia,Won,49 runs,2024-11-26,University of Doha for Science and Technology,Neutral,1,1,0,0,0,11,2024,2024-11
Cambodia,T20I,Bahrain v Cambodia,Bahrain,Lost,49 runs,2024-11-26,University of Doha for Science and Technology,Neutral,1,0,1,0,0,11,2024,2024-11
Qatar,T20I,Qatar v United Arab Emirates,United Arab Emirates,Lost,29 runs,2024-11-26,"West End Park International Cricket Stadium, Doha",Neutral,1,0,1,0,0,11,2024,2024-11
United Arab Emirates,T20I,Qatar v United Arab Emirates,Qatar,Won,29 runs,2024-11-26,"West End Park International Cricket Stadium, Doha",Neutral,1,1,0,0,0,11,2024,2024-11
Sierra Leone,T20I,Sierra Leone v St Helena,St Helena,Won,4 wickets,2024-11-26,"Nigeria Cricket Federation Oval 1, Abuja",Neutral,1,1,0,0,0,11,2024,2024-11
St Helena,T20I,Sierra Leone v St Helena,Sierra Leone,Lost,4 wickets,2024-11-26,"Nigeria Cricket Federation Oval 1, Abuja",Neutral,1,0,1,0,0,11,2024,2024-11
Eswatini,T20I,Eswatini v Nigeria,Nigeria,Lost,5 wickets,2024-11-26,"Nigeria Cricket Federation Oval 1, Abuja",Neutral,1,0,1,0,0,11,2024,2024-11
Nigeria,T20I,Eswatini v Nigeria,Eswatini,Won,5 wickets,2024-11-26,"Nigeria Cricket Federation Oval 1, Abuja",Neutral,1,1,0,0,0,11,2024,2024-11
Botswana,T20I,Botswana v Ivory Coast,Ivory Coast,Won,10 wickets,2024-11-26,"Nigeria Cricket Federation Oval 2, Abuja",Neutral,1,1,0,0,0,11,2024,2024-11
Ivory Coast,T20I,Botswana v Ivory Coast,Botswana,Lost,10 wickets,2024-11-26,"Nigeria Cricket Federation Oval 2, Abuja",Neutral,1,0,1,0,0,11,2024,2024-11
Nigeria,T20I,Nigeria v Sierra Leone,Sierra Leone,Won,29 runs,2024-11-27,"Nigeria Cricket Federation Oval 2, Abuja",Neutral,1,1,0,0,0,11,2024,2024-11
Sierra Leone,T20I,Nigeria v Sierra Leone,Nigeria,Lost,29 runs,2024-11-27,"Nigeria Cricket Federation Oval 2, Abuja",Neutral,1,0,1,0,0,11,2024,2024-11
Botswana,T20I,Botswana v St Helena,St Helena,Won,9 wickets,2024-11-27,"Nigeria Cricket Federation Oval 1, Abuja",Neutral,1,1,0,0,0,11,2024,2024-11
St Helena,T20I,Botswana v St Helena,Botswana,Lost,9 wickets,2024-11-27,"Nigeria Cricket Federation Oval 1, Abuja",Neutral,1,0,1,0,0,11,2024,2024-11
Eswatini,T20I,Eswatini v Ivory Coast,Ivory Coast,Won,8 wickets,2024-11-27,"Nigeria Cricket Federation Oval 2, Abuja",Neutral,1,1,0,0,0,11,2024,2024-11
Ivory Coast,T20I,Eswatini v Ivory Coast,Eswatini,Lost,8 wickets,2024-11-27,"Nigeria Cricket Federation Oval 2, Abuja",Neutral,1,0,1,0,0,11,2024,2024-11
Bhutan,T20I,Bhutan v Cambodia,Cambodia,Lost,5 wickets,2024-11-28,"West End Park International Cricket Stadium, Doha",Neutral,1,0,1,0,0,11,2024,2024-11
Cambodia,T20I,Bhutan v Cambodia,Bhutan,Won,5 wickets,2024-11-28,"West End Park International Cricket Stadium, Doha",Neutral,1,1,0,0,0,11,2024,2024-11
Qatar,T20I,Qatar v Saudi Arabia,Saudi Arabia,Won,6 wickets,2024-11-28,University of Doha for Science and Technology,Neutral,1,1,0,0,0,11,2024,2024-11
Saudi Arabia,T20I,Qatar v Saudi Arabia,Qatar,Lost,6 wickets,2024-11-28,University of Doha for Science and Technology,Neutral,1,0,1,0,0,11,2024,2024-11
Bahrain,T20I,Bahrain v United Arab Emirates,United Arab Emirates,Lost,8 wickets,2024-11-28,University of Doha for Science and Technology,Neutral,1,0,1,0,0,11,2024,2024-11
United Arab Emirates,T20I,Bahrain v United Arab Emirates,Bahrain,Won,8 wickets,2024-11-28,University of Doha for Science and Technology,Neutral,1,1,0,0,0,11,2024,2024-11
Ivory Coast,T20I,Ivory Coast v St Helena,St Helena,Lost,10 wickets,2024-11-28,"Nigeria Cricket Federation Oval 1, Abuja",Neutral,1,0,1,0,0,11,2024,2024-11
St Helena,T20I,Ivory Coast v St Helena,Ivory Coast,Won,10 wickets,2024-11-28,"Nigeria Cricket Federation Oval 1, Abuja",Neutral,1,1,0,0,0,11,2024,2024-11
Eswatini,T20I,Eswatini v Sierra Leone,Sierra Leone,Lost,109 runs,2024-11-28,"Nigeria Cricket Federation Oval 2, Abuja",Neutral,1,0,1,0,0,11,2024,2024-11
Sierra Leone,T20I,Eswatini v Sierra Leone,Eswatini,Won,109 runs,2024-11-28,"Nigeria Cricket Federation Oval 2, Abuja",Neutral,1,1,0,0,0,11,2024,2024-11
Botswana,T20I,Botswana v Nigeria,Nigeria,Lost,77 runs,2024-11-28,"Nigeria Cricket Federation Oval 2, Abuja",Neutral,1,0,1,0,0,11,2024,2024-11
Nigeria,T20I,Botswana v Nigeria,Botswana,Won,77 runs,2024-11-28,"Nigeria Cricket Federation Oval 2, Abuja",Neutral,1,1,0,0,0,11,2024,2024-11
Pakistan,T20I,Pakistan v Zimbabwe,Zimbabwe,Won,57 runs,2024-12-01,"Queens Sports Club, Bulawayo",Neutral,1,1,0,0,0,12,2024,2024-12
Zimbabwe,T20I,Pakistan v Zimbabwe,Pakistan,Lost,57 runs,2024-12-01,"Queens Sports Club, Bulawayo",Neutral,1,0,1,0,0,12,2024,2024-12
Argentina,T20I,Argentina v Bermuda,Bermuda,Lost,42 runs,2024-12-02,"Hurlingham Club Ground, Buenos Aires",Neutral,1,0,1,0,0,12,2024,2024-12
Bermuda,T20I,Argentina v Bermuda,Argentina,Won,42 runs,2024-12-02,"Hurlingham Club Ground, Buenos Aires",Neutral,1,1,0,0,0,12,2024,2024-12
Pakistan,T20I,Pakistan v Zimbabwe,Zimbabwe,Won,10 wickets,2024-12-03,"Queens Sports Club, Bulawayo",Neutral,1,1,0,0,0,12,2024,2024-12
Zimbabwe,T20I,Pakistan v Zimbabwe,Pakistan,Lost,10 wickets,2024-12-03,"Queens Sports Club, Bulawayo",Neutral,1,0,1,0,0,12,2024,2024-12
Botswana,T20I,Botswana v Uganda,Uganda,Lost,78 runs,2024-12-04,"Gahanga International Cricket Stadium, Rwanda",Neutral,1,0,1,0,0,12,2024,2024-12
Uganda,T20I,Botswana v Uganda,Botswana,Won,78 runs,2024-12-04,"Gahanga International Cricket Stadium, Rwanda",Neutral,1,1,0,0,0,12,2024,2024-12
Nigeria,T20I,Nigeria v Rwanda,Rwanda,Won,6 wickets,2024-12-04,"Gahanga International Cricket Stadium, Rwanda",Neutral,1,1,0,0,0,12,2024,2024-12
Rwanda,T20I,Nigeria v Rwanda,Nigeria,Lost,6 wickets,2024-12-04,"Gahanga International Cricket Stadium, Rwanda",Neutral,1,0,1,0,0,12,2024,2024-12
Pakistan,T20I,Pakistan v Zimbabwe,Zimbabwe,Lost,2 wickets,2024-12-05,"Queens Sports Club, Bulawayo",Neutral,1,0,1,0,0,12,2024,2024-12
Zimbabwe,T20I,Pakistan v Zimbabwe,Pakistan,Won,2 wickets,2024-12-05,"Queens Sports Club, Bulawayo",Neutral,1,1,0,0,0,12,2024,2024-12
Botswana,T20I,Botswana v Nigeria,Nigeria,Lost,29 runs,2024-12-05,"Gahanga International Cricket Stadium, Rwanda",Neutral,1,0,1,0,0,12,2024,2024-12
Nigeria,T20I,Botswana v Nigeria,Botswana,Won,29 runs,2024-12-05,"Gahanga International Cricket Stadium, Rwanda",Neutral,1,1,0,0,0,12,2024,2024-12
Rwanda,T20I,Rwanda v Uganda,Uganda,Lost,112 runs,2024-12-05,"Gahanga International Cricket Stadium, Rwanda",Neutral,1,0,1,0,0,12,2024,2024-12
Uganda,T20I,Rwanda v Uganda,Rwanda,Won,112 runs,2024-12-05,"Gahanga International Cricket Stadium, Rwanda",Neutral,1,1,0,0,0,12,2024,2024-12
Panama,T20I,Panama v Suriname,Suriname,Won,10 runs,2024-12-06,"St Albans Club, Buenos Aires",Neutral,1,1,0,0,0,12,2024,2024-12
Suriname,T20I,Panama v Suriname,Panama,Lost,10 runs,2024-12-06,"St Albans Club, Buenos Aires",Neutral,1,0,1,0,0,12,2024,2024-12
Bahamas,T20I,Bahamas v Brazil,Brazil,Won,26 runs,2024-12-06,"St George's College Ground, Buenos Aires",Neutral,1,1,0,0,0,12,2024,2024-12
Brazil,T20I,Bahamas v Brazil,Bahamas,Lost,26 runs,2024-12-06,"St George's College Ground, Buenos Aires",Neutral,1,0,1,0,0,12,2024,2024-12
Nigeria,T20I,Nigeria v Uganda,Uganda,Lost,5 wickets,2024-12-06,"Gahanga International Cricket Stadium, Rwanda",Neutral,1,0,1,0,0,12,2024,2024-12
Uganda,T20I,Nigeria v Uganda,Nigeria,Won,5 wickets,2024-12-06,"Gahanga International Cricket Stadium, Rwanda",Neutral,1,1,0,0,0,12,2024,2024-12
Botswana,T20I,Botswana v Rwanda,Rwanda,Lost,10 wickets,2024-12-06,"Gahanga International Cricket Stadium, Rwanda",Neutral,1,0,1,0,0,12,2024,2024-12
Rwanda,T20I,Botswana v Rwanda,Botswana,Won,10 wickets,2024-12-06,"Gahanga International Cricket Stadium, Rwanda",Neutral,1,1,0,0,0,12,2024,2024-12
Brazil,T20I,Brazil v Mexico,Mexico,Lost,47 runs,2024-12-07,"Hurlingham Club Ground, Buenos Aires",Neutral,1,0,1,0,0,12,2024,2024-12
Mexico,T20I,Brazil v Mexico,Brazil,Won,47 runs,2024-12-07,"Hurlingham Club Ground, Buenos Aires",Neutral,1,1,0,0,0,12,2024,2024-12
Argentina,T20I,Argentina v Belize,Belize,Won,5 runs,2024-12-07,"St George's College Ground, Buenos Aires",Neutral,1,1,0,0,0,12,2024,2024-12
Belize,T20I,Argentina v Belize,Argentina,Lost,5 runs,2024-12-07,"St George's College Ground, Buenos Aires",Neutral,1,0,1,0,0,12,2024,2024-12
Bermuda,T20I,Bermuda v Suriname,Suriname,Won,92 runs,2024-12-07,"Hurlingham Club Ground, Buenos Aires",Neutral,1,1,0,0,0,12,2024,2024-12
Suriname,T20I,Bermuda v Suriname,Bermuda,Lost,92 runs,2024-12-07,"Hurlingham Club Ground, Buenos Aires",Neutral,1,0,1,0,0,12,2024,2024-12
Cayman Islands,T20I,Cayman Islands v Panama,Panama,Won,83 runs,2024-12-07,"St George's College Ground, Buenos Aires",Neutral,1,1,0,0,0,12,2024,2024-12
Panama,T20I,Cayman Islands v Panama,Cayman Islands,Lost,83 runs,2024-12-07,"St George's College Ground, Buenos Aires",Neutral,1,0,1,0,0,12,2024,2024-12
Botswana,T20I,Botswana v Nigeria,Nigeria,Won,3 wickets,2024-12-07,"Gahanga International Cricket Stadium, Rwanda",Neutral,1,1,0,0,0,12,2024,2024-12
Nigeria,T20I,Botswana v Nigeria,Botswana,Lost,3 wickets,2024-12-07,"Gahanga International Cricket Stadium, Rwanda",Neutral,1,0,1,0,0,12,2024,2024-12
Rwanda,T20I,Rwanda v Uganda,Uganda,Lost,86 runs,2024-12-07,"Gahanga International Cricket Stadium, Rwanda",Neutral,1,0,1,0,0,12,2024,2024-12
Uganda,T20I,Rwanda v Uganda,Rwanda,Won,86 runs,2024-12-07,"Gahanga International Cricket Stadium, Rwanda",Neutral,1,1,0,0,0,12,2024,2024-12
Bermuda,T20I,Bermuda v Panama,Panama,Won,9 wickets,2024-12-08,"St Albans Club, Buenos Aires",Neutral,1,1,0,0,0,12,2024,2024-12
Panama,T20I,Bermuda v Panama,Bermuda,Lost,9 wickets,2024-12-08,"St Albans Club, Buenos Aires",Neutral,1,0,1,0,0,12,2024,2024-12
Argentina,T20I,Argentina v Bahamas,Bahamas,Lost,18 runs,2024-12-08,"Hurlingham Club Ground, Buenos Aires",Neutral,1,0,1,0,0,12,2024,2024-12
Bahamas,T20I,Argentina v Bahamas,Argentina,Won,18 runs,2024-12-08,"Hurlingham Club Ground, Buenos Aires",Neutral,1,1,0,0,0,12,2024,2024-12
Brazil,T20I,Brazil v Suriname,Suriname,Won,6 wickets,2024-12-08,"St Albans Club, Buenos Aires",Neutral,1,1,0,0,0,12,2024,2024-12
Suriname,T20I,Brazil v Suriname,Brazil,Lost,6 wickets,2024-12-08,"St Albans Club, Buenos Aires",Neutral,1,0,1,0,0,12,2024,2024-12
Belize,T20I,Belize v Cayman Islands,Cayman Islands,Lost,44 runs,2024-12-08,"Hurlingham Club Ground, Buenos Aires",Neutral,1,0,1,0,0,12,2024,2024-12
Cayman Islands,T20I,Belize v Cayman Islands,Belize,Won,44 runs,2024-12-08,"Hurlingham Club Ground, Buenos Aires",Neutral,1,1,0,0,0,12,2024,2024-12
Botswana,T20I,Botswana v Rwanda,Rwanda,Won,6 wickets,2024-12-08,"Gahanga International Cricket Stadium, Rwanda",Neutral,1,1,0,0,0,12,2024,2024-12
Rwanda,T20I,Botswana v Rwanda,Botswana,Lost,6 wickets,2024-12-08,"Gahanga International Cricket Stadium, Rwanda",Neutral,1,0,1,0,0,12,2024,2024-12
Nigeria,T20I,Nigeria v Uganda,Uganda,Lost,7 wickets,2024-12-08,"Gahanga International Cricket Stadium, Rwanda",Neutral,1,0,1,0,0,12,2024,2024-12
Uganda,T20I,Nigeria v Uganda,Nigeria,Won,7 wickets,2024-12-08,"Gahanga International Cricket Stadium, Rwanda",Neutral,1,1,0,0,0,12,2024,2024-12
Nigeria,T20I,Nigeria v Rwanda,Rwanda,Lost,6 wickets,2024-12-09,"Gahanga International Cricket Stadium, Rwanda",Neutral,1,0,1,0,0,12,2024,2024-12
Rwanda,T20I,Nigeria v Rwanda,Nigeria,Won,6 wickets,2024-12-09,"Gahanga International Cricket Stadium, Rwanda",Neutral,1,1,0,0,0,12,2024,2024-12
Botswana,T20I,Botswana v Uganda,Uganda,Lost,108 runs,2024-12-09,"Gahanga International Cricket Stadium, Rwanda",Neutral,1,0,1,0,0,12,2024,2024-12
Uganda,T20I,Botswana v Uganda,Botswana,Won,108 runs,2024-12-09,"Gahanga International Cricket Stadium, Rwanda",Neutral,1,1,0,0,0,12,2024,2024-12
Pakistan,T20I,Pakistan v South Africa,South Africa,Lost,11 runs,2024-12-10,"Kingsmead, Durban",Neutral,1,0,1,0,0,12,2024,2024-12
South Africa,T20I,Pakistan v South Africa,Pakistan,Won,11 runs,2024-12-10,"Kingsmead, Durban",Neutral,1,1,0,0,0,12,2024,2024-12
Cayman Islands,T20I,Cayman Islands v Suriname,Suriname,Lost,6 wickets,2024-12-10,"Hurlingham Club Ground, Buenos Aires",Neutral,1,0,1,0,0,12,2024,2024-12
Suriname,T20I,Cayman Islands v Suriname,Cayman Islands,Won,6 wickets,2024-12-10,"Hurlingham Club Ground, Buenos Aires",Neutral,1,1,0,0,0,12,2024,2024-12
Bahamas,T20I,Bahamas v Belize,Belize,Won,3 runs,2024-12-10,"St Albans Club, Buenos Aires",Neutral,1,1,0,0,0,12,2024,2024-12
Belize,T20I,Bahamas v Belize,Bahamas,Lost,3 runs,2024-12-10,"St Albans Club, Buenos Aires",Neutral,1,0,1,0,0,12,2024,2024-12
Bermuda,T20I,Bermuda v Mexico,Mexico,Won,6 wickets,2024-12-10,"Hurlingham Club Ground, Buenos Aires",Neutral,1,1,0,0,0,12,2024,2024-12
Mexico,T20I,Bermuda v Mexico,Bermuda,Lost,6 wickets,2024-12-10,"Hurlingham Club Ground, Buenos Aires",Neutral,1,0,1,0,0,12,2024,2024-12
Argentina,T20I,Argentina v Panama,Panama,Won,6 wickets,2024-12-10,"St Albans Club, Buenos Aires",Neutral,1,1,0,0,0,12,2024,2024-12
Panama,T20I,Argentina v Panama,Argentina,Lost,6 wickets,2024-12-10,"St Albans Club, Buenos Aires",Neutral,1,0,1,0,0,12,2024,2024-12
Cayman Islands,T20I,Cayman Islands v Mexico,Mexico,Won,7 wickets,2024-12-11,"St George's College Ground, Buenos Aires",Neutral,1,1,0,0,0,12,2024,2024-12
Mexico,T20I,Cayman Islands v Mexico,Cayman Islands,Lost,7 wickets,2024-12-11,"St George's College Ground, Buenos Aires",Neutral,1,0,1,0,0,12,2024,2024-12
Bahamas,T20I,Bahamas v Panama,Panama,Won,21 runs,2024-12-11,"Hurlingham Club Ground, Buenos Aires",Neutral,1,1,0,0,0,12,2024,2024-12
Panama,T20I,Bahamas v Panama,Bahamas,Lost,21 runs,2024-12-11,"Hurlingham Club Ground, Buenos Aires",Neutral,1,0,1,0,0,12,2024,2024-12
Bermuda,T20I,Bermuda v Brazil,Brazil,Won,87 runs,2024-12-11,"St George's College Ground, Buenos Aires",Neutral,1,1,0,0,0,12,2024,2024-12
Brazil,T20I,Bermuda v Brazil,Bermuda,Lost,87 runs,2024-12-11,"St George's College Ground, Buenos Aires",Neutral,1,0,1,0,0,12,2024,2024-12
Argentina,T20I,Argentina v Suriname,Suriname,Won,6 wickets,2024-12-11,"Hurlingham Club Ground, Buenos Aires",Neutral,1,1,0,0,0,12,2024,2024-12
Suriname,T20I,Argentina v Suriname,Argentina,Lost,6 wickets,2024-12-11,"Hurlingham Club Ground, Buenos Aires",Neutral,1,0,1,0,0,12,2024,2024-12
Nigeria,T20I,Nigeria v Uganda,Uganda,Lost,23 runs,2024-12-11,"Gahanga International Cricket Stadium, Rwanda",Neutral,1,0,1,0,0,12,2024,2024-12
Uganda,T20I,Nigeria v Uganda,Nigeria,Won,23 runs,2024-12-11,"Gahanga International Cricket Stadium, Rwanda",Neutral,1,1,0,0,0,12,2024,2024-12
Botswana,T20I,Botswana v Rwanda,Rwanda,Lost,25 runs,2024-12-11,"Gahanga International Cricket Stadium, Rwanda",Neutral,1,0,1,0,0,12,2024,2024-12
Rwanda,T20I,Botswana v Rwanda,Botswana,Won,25 runs,2024-12-11,"Gahanga International Cricket Stadium, Rwanda",Neutral,1,1,0,0,0,12,2024,2024-12
Brazil,T20I,Brazil v Panama,Panama,Won,6 wickets,2024-12-12,"Belgrano Athletic Club Ground, Buenos Aires",Neutral,1,1,0,0,0,12,2024,2024-12
Panama,T20I,Brazil v Panama,Brazil,Lost,6 wickets,2024-12-12,"Belgrano Athletic Club Ground, Buenos Aires",Neutral,1,0,1,0,0,12,2024,2024-12
Mexico,T20I,Mexico v Suriname,Suriname,Won,8 wickets,2024-12-12,"St George's College Ground, Buenos Aires",Neutral,1,1,0,0,0,12,2024,2024-12
Suriname,T20I,Mexico v Suriname,Mexico,Lost,8 wickets,2024-12-12,"St George's College Ground, Buenos Aires",Neutral,1,0,1,0,0,12,2024,2024-12
Bahamas,T20I,Bahamas v Cayman Islands,Cayman Islands,Lost,10 wickets,2024-12-12,"Belgrano Athletic Club Ground, Buenos Aires",Neutral,1,0,1,0,0,12,2024,2024-12
Cayman Islands,T20I,Bahamas v Cayman Islands,Bahamas,Won,10 wickets,2024-12-12,"Belgrano Athletic Club Ground, Buenos Aires",Neutral,1,1,0,0,0,12,2024,2024-12
Belize,T20I,Belize v Bermuda,Bermuda,Lost,71 runs,2024-12-12,"St George's College Ground, Buenos Aires",Neutral,1,0,1,0,0,12,2024,2024-12
Bermuda,T20I,Belize v Bermuda,Belize,Won,71 runs,2024-12-12,"St George's College Ground, Buenos Aires",Neutral,1,1,0,0,0,12,2024,2024-12
Botswana,T20I,Botswana v Nigeria,Nigeria,Lost,10 wickets,2024-12-12,"Gahanga International Cricket Stadium, Rwanda",Neutral,1,0,1,0,0,12,2024,2024-12
Nigeria,T20I,Botswana v Nigeria,Botswana,Won,10 wickets,2024-12-12,"Gahanga International Cricket Stadium, Rwanda",Neutral,1,1,0,0,0,12,2024,2024-12
Rwanda,T20I,Rwanda v Uganda,Uganda,Lost,50 runs,2024-12-12,"Gahanga International Cricket Stadium, Rwanda",Neutral,1,0,1,0,0,12,2024,2024-12
Uganda,T20I,Rwanda v Uganda,Rwanda,Won,50 runs,2024-12-12,"Gahanga International Cricket Stadium, Rwanda",Neutral,1,1,0,0,0,12,2024,2024-12
Pakistan,T20I,Pakistan v South Africa,South Africa,Lost,7 wickets,2024-12-13,"SuperSport Park, Centurion",Neutral,1,0,1,0,0,12,2024,2024-12
South Africa,T20I,Pakistan v South Africa,Pakistan,Won,7 wickets,2024-12-13,"SuperSport Park, Centurion",Neutral,1,1,0,0,0,12,2024,2024-12
Nigeria,T20I,Nigeria v Rwanda,Rwanda,Won,37 runs,2024-12-13,"Gahanga International Cricket Stadium, Rwanda",Neutral,1,1,0,0,0,12,2024,2024-12
Rwanda,T20I,Nigeria v Rwanda,Nigeria,Lost,37 runs,2024-12-13,"Gahanga International Cricket Stadium, Rwanda",Neutral,1,0,1,0,0,12,2024,2024-12
Botswana,T20I,Botswana v Uganda,Uganda,Lost,32 runs,2024-12-13,"Gahanga International Cricket Stadium, Rwanda",Neutral,1,0,1,0,0,12,2024,2024-12
Uganda,T20I,Botswana v Uganda,Botswana,Won,32 runs,2024-12-13,"Gahanga International Cricket Stadium, Rwanda",Neutral,1,1,0,0,0,12,2024,2024-12
Bahrain,T20I,Bahrain v United Arab Emirates,United Arab Emirates,Lost,8 wickets,2024-12-13,"ICC Academy, Dubai",Neutral,1,0,1,0,0,12,2024,2024-12
United Arab Emirates,T20I,Bahrain v United Arab Emirates,Bahrain,Won,8 wickets,2024-12-13,"ICC Academy, Dubai",Neutral,1,1,0,0,0,12,2024,2024-12
Kuwait,T20I,Kuwait v Saudi Arabia,Saudi Arabia,Won,6 wickets,2024-12-13,"ICC Academy, Dubai",Neutral,1,1,0,0,0,12,2024,2024-12
Saudi Arabia,T20I,Kuwait v Saudi Arabia,Kuwait,Lost,6 wickets,2024-12-13,"ICC Academy, Dubai",Neutral,1,0,1,0,0,12,2024,2024-12
Brazil,T20I,Brazil v Cayman Islands,Cayman Islands,Lost,159 runs,2024-12-14,"St Albans Club, Buenos Aires",Neutral,1,0,1,0,0,12,2024,2024-12
Cayman Islands,T20I,Brazil v Cayman Islands,Brazil,Won,159 runs,2024-12-14,"St Albans Club, Buenos Aires",Neutral,1,1,0,0,0,12,2024,2024-12
Bahamas,T20I,Bahamas v Suriname,Suriname,Won,26 runs,2024-12-14,"Belgrano Athletic Club Ground, Buenos Aires",Neutral,1,1,0,0,0,12,2024,2024-12
Suriname,T20I,Bahamas v Suriname,Bahamas,Lost,26 runs,2024-12-14,"Belgrano Athletic Club Ground, Buenos Aires",Neutral,1,0,1,0,0,12,2024,2024-12
Belize,T20I,Belize v Panama,Panama,Won,7 wickets,2024-12-14,"St Albans Club, Buenos Aires",Neutral,1,1,0,0,0,12,2024,2024-12
Panama,T20I,Belize v Panama,Belize,Lost,7 wickets,2024-12-14,"St Albans Club, Buenos Aires",Neutral,1,0,1,0,0,12,2024,2024-12
Argentina,T20I,Argentina v Mexico,Mexico,Won,23 runs,2024-12-14,"Belgrano Athletic Club Ground, Buenos Aires",Neutral,1,1,0,0,0,12,2024,2024-12
Mexico,T20I,Argentina v Mexico,Argentina,Lost,23 runs,2024-12-14,"Belgrano Athletic Club Ground, Buenos Aires",Neutral,1,0,1,0,0,12,2024,2024-12
Nigeria,T20I,Nigeria v Uganda,Uganda,Lost,6 wickets,2024-12-14,"Gahanga International Cricket Stadium, Rwanda",Neutral,1,0,1,0,0,12,2024,2024-12
Uganda,T20I,Nigeria v Uganda,Nigeria,Won,6 wickets,2024-12-14,"Gahanga International Cricket Stadium, Rwanda",Neutral,1,1,0,0,0,12,2024,2024-12
Bahrain,T20I,Bahrain v Kuwait,Kuwait,Won,4 runs,2024-12-14,"ICC Academy, Dubai",Neutral,1,1,0,0,0,12,2024,2024-12
Kuwait,T20I,Bahrain v Kuwait,Bahrain,Lost,4 runs,2024-12-14,"ICC Academy, Dubai",Neutral,1,0,1,0,0,12,2024,2024-12
Oman,T20I,Oman v Qatar,Qatar,Won,35 runs,2024-12-14,"ICC Academy, Dubai",Neutral,1,1,0,0,0,12,2024,2024-12
Qatar,T20I,Oman v Qatar,Oman,Lost,35 runs,2024-12-14,"ICC Academy, Dubai",Neutral,1,0,1,0,0,12,2024,2024-12
Bangladesh,T20I,Bangladesh v West Indies,West Indies,Won,7 runs,2024-12-15,"Arnos Vale Ground, Kingstown, St Vincent",Neutral,1,1,0,0,0,12,2024,2024-12
West Indies,T20I,Bangladesh v West Indies,Bangladesh,Lost,7 runs,2024-12-15,"Arnos Vale Ground, Kingstown, St Vincent",Neutral,1,0,1,0,0,12,2024,2024-12
Belize,T20I,Belize v Brazil,Brazil,Won,6 wickets,2024-12-15,"Belgrano Athletic Club Ground, Buenos Aires",Neutral,1,1,0,0,0,12,2024,2024-12
Brazil,T20I,Belize v Brazil,Belize,Lost,6 wickets,2024-12-15,"Belgrano Athletic Club Ground, Buenos Aires",Neutral,1,0,1,0,0,12,2024,2024-12
Argentina,T20I,Argentina v Cayman Islands,Cayman Islands,Lost,22 runs,2024-12-15,"Hurlingham Club Ground, Buenos Aires",Neutral,1,0,1,0,0,12,2024,2024-12
Cayman Islands,T20I,Argentina v Cayman Islands,Argentina,Won,22 runs,2024-12-15,"Hurlingham Club Ground, Buenos Aires",Neutral,1,1,0,0,0,12,2024,2024-12
Bahamas,T20I,Bahamas v Bermuda,Bermuda,Lost,62 runs,2024-12-15,"Belgrano Athletic Club Ground, Buenos Aires",Neutral,1,0,1,0,0,12,2024,2024-12
Bermuda,T20I,Bahamas v Bermuda,Bahamas,Won,62 runs,2024-12-15,"Belgrano Athletic Club Ground, Buenos Aires",Neutral,1,1,0,0,0,12,2024,2024-12
Mexico,T20I,Mexico v Panama,Panama,Lost,48 runs,2024-12-15,"Hurlingham Club Ground, Buenos Aires",Neutral,1,0,1,0,0,12,2024,2024-12
Panama,T20I,Mexico v Panama,Mexico,Won,48 runs,2024-12-15,"Hurlingham Club Ground, Buenos Aires",Neutral,1,1,0,0,0,12,2024,2024-12
Oman,T20I,Oman v United Arab Emirates,United Arab Emirates,Lost,24 runs,2024-12-15,"ICC Academy, Dubai",Neutral,1,0,1,0,0,12,2024,2024-12
United Arab Emirates,T20I,Oman v United Arab Emirates,Oman,Won,24 runs,2024-12-15,"ICC Academy, Dubai",Neutral,1,1,0,0,0,12,2024,2024-12
Qatar,T20I,Qatar v Saudi Arabia,Saudi Arabia,Lost,9 wickets,2024-12-15,"ICC Academy, Dubai",Neutral,1,0,1,0,0,12,2024,2024-12
Saudi Arabia,T20I,Qatar v Saudi Arabia,Qatar,Won,9 wickets,2024-12-15,"ICC Academy, Dubai",Neutral,1,1,0,0,0,12,2024,2024-12
Bermuda,T20I,Bermuda v Cayman Islands,Cayman Islands,Won,13 runs,2024-12-16,"St Albans Club, Buenos Aires",Neutral,1,1,0,0,0,12,2024,2024-12
Cayman Islands,T20I,Bermuda v Cayman Islands,Bermuda,Lost,13 runs,2024-12-16,"St Albans Club, Buenos Aires",Neutral,1,0,1,0,0,12,2024,2024-12
Bahamas,T20I,Bahamas v Mexico,Mexico,Won,24 runs,2024-12-16,"St George's College Ground, Buenos Aires",Neutral,1,1,0,0,0,12,2024,2024-12
Mexico,T20I,Bahamas v Mexico,Bahamas,Lost,24 runs,2024-12-16,"St George's College Ground, Buenos Aires",Neutral,1,0,1,0,0,12,2024,2024-12
Belize,T20I,Belize v Suriname,Suriname,Lost,4 wickets,2024-12-16,"St Albans Club, Buenos Aires",Neutral,1,0,1,0,0,12,2024,2024-12
Suriname,T20I,Belize v Suriname,Belize,Won,4 wickets,2024-12-16,"St Albans Club, Buenos Aires",Neutral,1,1,0,0,0,12,2024,2024-12
Argentina,T20I,Argentina v Brazil,Brazil,Won,11 runs,2024-12-16,"St George's College Ground, Buenos Aires",Neutral,1,1,0,0,0,12,2024,2024-12
Brazil,T20I,Argentina v Brazil,Argentina,Lost,11 runs,2024-12-16,"St George's College Ground, Buenos Aires",Neutral,1,0,1,0,0,12,2024,2024-12
Bahrain,T20I,Bahrain v Saudi Arabia,Saudi Arabia,Won,8 wickets,2024-12-16,"ICC Academy, Dubai",Neutral,1,1,0,0,0,12,2024,2024-12
Saudi Arabia,T20I,Bahrain v Saudi Arabia,Bahrain,Lost,8 wickets,2024-12-16,"ICC Academy, Dubai",Neutral,1,0,1,0,0,12,2024,2024-12
Kuwait,T20I,Kuwait v United Arab Emirates,United Arab Emirates,Lost,11 runs,2024-12-16,"ICC Academy, Dubai",Neutral,1,0,1,0,0,12,2024,2024-12
United Arab Emirates,T20I,Kuwait v United Arab Emirates,Kuwait,Won,11 runs,2024-12-16,"ICC Academy, Dubai",Neutral,1,1,0,0,0,12,2024,2024-12
Bangladesh,T20I,Bangladesh v West Indies,West Indies,Won,27 runs,2024-12-17,"Arnos Vale Ground, Kingstown, St Vincent",Neutral,1,1,0,0,0,12,2024,2024-12
West Indies,T20I,Bangladesh v West Indies,Bangladesh,Lost,27 runs,2024-12-17,"Arnos Vale Ground, Kingstown, St Vincent",Neutral,1,0,1,0,0,12,2024,2024-12
Kuwait,T20I,Kuwait v Qatar,Qatar,Won,6 wickets,2024-12-17,"ICC Academy, Dubai",Neutral,1,1,0,0,0,12,2024,2024-12
Qatar,T20I,Kuwait v Qatar,Kuwait,Lost,6 wickets,2024-12-17,"ICC Academy, Dubai",Neutral,1,0,1,0,0,12,2024,2024-12
Bahrain,T20I,Bahrain v Oman,Oman,Lost,2 runs,2024-12-17,"ICC Academy, Dubai",Neutral,1,0,1,0,0,12,2024,2024-12
Oman,T20I,Bahrain v Oman,Bahrain,Won,2 runs,2024-12-17,"ICC Academy, Dubai",Neutral,1,1,0,0,0,12,2024,2024-12
Oman,T20I,Oman v Saudi Arabia,Saudi Arabia,Lost,8 wickets,2024-12-18,"ICC Academy, Dubai",Neutral,1,0,1,0,0,12,2024,2024-12
Saudi Arabia,T20I,Oman v Saudi Arabia,Oman,Won,8 wickets,2024-12-18,"ICC Academy, Dubai",Neutral,1,1,0,0,0,12,2024,2024-12
Qatar,T20I,Qatar v United Arab Emirates,United Arab Emirates,Lost,23 runs,2024-12-18,"ICC Academy, Dubai",Neutral,1,0,1,0,0,12,2024,2024-12
United Arab Emirates,T20I,Qatar v United Arab Emirates,Qatar,Won,23 runs,2024-12-18,"ICC Academy, Dubai",Neutral,1,1,0,0,0,12,2024,2024-12
Bangladesh,T20I,Bangladesh v West Indies,West Indies,Won,80 runs,2024-12-19,"Arnos Vale Ground, Kingstown, St Vincent",Neutral,1,1,0,0,0,12,2024,2024-12
West Indies,T20I,Bangladesh v West Indies,Bangladesh,Lost,80 runs,2024-12-19,"Arnos Vale Ground, Kingstown, St Vincent",Neutral,1,0,1,0,0,12,2024,2024-12
Saudi Arabia,T20I,Saudi Arabia v United Arab Emirates,United Arab Emirates,Won,11 runs,2024-12-19,"ICC Academy, Dubai",Neutral,1,1,0,0,0,12,2024,2024-12
United Arab Emirates,T20I,Saudi Arabia v United Arab Emirates,Saudi Arabia,Lost,11 runs,2024-12-19,"ICC Academy, Dubai",Neutral,1,0,1,0,0,12,2024,2024-12
Bahrain,T20I,Bahrain v Qatar,Qatar,Lost,6 wickets,2024-12-20,"ICC Academy, Dubai",Neutral,1,0,1,0,0,12,2024,2024-12
Qatar,T20I,Bahrain v Qatar,Bahrain,Won,6 wickets,2024-12-20,"ICC Academy, Dubai",Neutral,1,1,0,0,0,12,2024,2024-12
Kuwait,T20I,Kuwait v Oman,Oman,Won,3 wickets,2024-12-20,"ICC Academy, Dubai",Neutral,1,1,0,0,0,12,2024,2024-12
Oman,T20I,Kuwait v Oman,Kuwait,Lost,3 wickets,2024-12-20,"ICC Academy, Dubai",Neutral,1,0,1,0,0,12,2024,2024-12
Kuwait,T20I,Kuwait v United Arab Emirates,United Arab Emirates,Lost,2 runs,2024-12-21,Dubai International Cricket Stadium,Neutral,1,0,1,0,0,12,2024,2024-12
United Arab Emirates,T20I,Kuwait v United Arab Emirates,Kuwait,Won,2 runs,2024-12-21,Dubai International Cricket Stadium,Neutral,1,1,0,0,0,12,2024,2024-12
New Zealand,T20I,New Zealand v Sri Lanka,Sri Lanka,Won,8 runs,2024-12-28,"Bay Oval, Mount Maunganui",Neutral,1,1,0,0,0,12,2024,2024-12
Sri Lanka,T20I,New Zealand v Sri Lanka,New Zealand,Lost,8 runs,2024-12-28,"Bay Oval, Mount Maunganui",Neutral,1,0,1,0,0,12,2024,2024-12
New Zealand,T20I,New Zealand v Sri Lanka,Sri Lanka,Won,45 runs,2024-12-30,"Bay Oval, Mount Maunganui",Neutral,1,1,0,0,0,12,2024,2024-12
Sri Lanka,T20I,New Zealand v Sri Lanka,New Zealand,Lost,45 runs,2024-12-30,"Bay Oval, Mount Maunganui",Neutral,1,0,1,0,0,12,2024,2024-12
New Zealand,T20I,New Zealand v Sri Lanka,Sri Lanka,Lost,7 runs,2025-01-02,"Saxton Oval, Nelson",Neutral,1,0,1,0,0,1,2025,2025-01
Sri Lanka,T20I,New Zealand v Sri Lanka,New Zealand,Won,7 runs,2025-01-02,"Saxton Oval, Nelson",Neutral,1,1,0,0,0,1,2025,2025-01
England,T20I,England v India,India,Lost,7 wickets,2025-01-22,"Eden Gardens, Kolkata",Neutral,1,0,1,0,0,1,2025,2025-01
India,T20I,England v India,England,Won,7 wickets,2025-01-22,"Eden Gardens, Kolkata",Neutral,1,1,0,0,0,1,2025,2025-01
England,T20I,England v India,India,Lost,2 wickets,2025-01-25,"MA Chidambaram Stadium, Chepauk, Chennai",Neutral,1,0,1,0,0,1,2025,2025-01
India,T20I,England v India,England,Won,2 wickets,2025-01-25,"MA Chidambaram Stadium, Chepauk, Chennai",Neutral,1,1,0,0,0,1,2025,2025-01
England,T20I,England v India,India,Won,26 runs,2025-01-28,"Saurashtra Cricket Association Stadium, Rajkot",Neutral,1,1,0,0,0,1,2025,2025-01
India,T20I,England v India,England,Lost,26 runs,2025-01-28,"Saurashtra Cricket Association Stadium, Rajkot",Neutral,1,0,1,0,0,1,2025,2025-01
England,T20I,England v India,India,Lost,15 runs,2025-01-31,"Maharashtra Cricket Association Stadium, Pune",Neutral,1,0,1,0,0,1,2025,2025-01
India,T20I,England v India,England,Won,15 runs,2025-01-31,"Maharashtra Cricket Association Stadium, Pune",Neutral,1,1,0,0,0,1,2025,2025-01
England,T20I,England v India,India,Lost,150 runs,2025-02-02,"Wankhede Stadium, Mumbai",Neutral,1,0,1,0,0,2,2025,2025-02
India,T20I,England v India,England,Won,150 runs,2025-02-02,"Wankhede Stadium, Mumbai",Neutral,1,1,0,0,0,2,2025,2025-02
Hungary,T20I,Hungary v Malta,Malta,Won,8 runs,2025-02-03,Marsa Sports Club,Neutral,1,1,0,0,0,2,2025,2025-02
Malta,T20I,Hungary v Malta,Hungary,Lost,8 runs,2025-02-03,Marsa Sports Club,Neutral,1,0,1,0,0,2,2025,2025-02
Austria,T20I,Austria v Malta,Malta,Won,6 wickets,2025-02-03,Marsa Sports Club,Neutral,1,1,0,0,0,2,2025,2025-02
Malta,T20I,Austria v Malta,Austria,Lost,6 wickets,2025-02-03,Marsa Sports Club,Neutral,1,0,1,0,0,2,2025,2025-02
Austria,T20I,Austria v Hungary,Hungary,Won,6 wickets,2025-02-04,Marsa Sports Club,Neutral,1,1,0,0,0,2,2025,2025-02
Hungary,T20I,Austria v Hungary,Austria,Lost,6 wickets,2025-02-04,Marsa Sports Club,Neutral,1,0,1,0,0,2,2025,2025-02
Hungary,T20I,Hungary v Malta,Malta,Won,8 wickets,2025-02-04,Marsa Sports Club,Neutral,1,1,0,0,0,2,2025,2025-02
Malta,T20I,Hungary v Malta,Hungary,Lost,8 wickets,2025-02-04,Marsa Sports Club,Neutral,1,0,1,0,0,2,2025,2025-02
Austria,T20I,Austria v Malta,Malta,Won,6 wickets,2025-02-05,Marsa Sports Club,Neutral,1,1,0,0,0,2,2025,2025-02
Malta,T20I,Austria v Malta,Austria,Lost,6 wickets,2025-02-05,Marsa Sports Club,Neutral,1,0,1,0,0,2,2025,2025-02
Austria,T20I,Austria v Hungary,Hungary,Lost,2 wickets,2025-02-05,Marsa Sports Club,Neutral,1,0,1,0,0,2,2025,2025-02
Hungary,T20I,Austria v Hungary,Austria,Won,2 wickets,2025-02-05,Marsa Sports Club,Neutral,1,1,0,0,0,2,2025,2025-02
Bahrain,T20I,Bahrain v Indonesia,Indonesia,Won,63 runs,2025-02-19,Udayana Cricket Ground,Neutral,1,1,0,0,0,2,2025,2025-02
Indonesia,T20I,Bahrain v Indonesia,Bahrain,Lost,63 runs,2025-02-19,Udayana Cricket Ground,Neutral,1,0,1,0,0,2,2025,2025-02
Bahrain,T20I,Bahrain v Indonesia,Indonesia,Won,10 wickets,2025-02-20,Udayana Cricket Ground,Neutral,1,1,0,0,0,2,2025,2025-02
Indonesia,T20I,Bahrain v Indonesia,Bahrain,Lost,10 wickets,2025-02-20,Udayana Cricket Ground,Neutral,1,0,1,0,0,2,2025,2025-02
Oman,T20I,Oman v United States of America,United States of America,Lost,7 wickets,2025-02-20,Al Amerat Cricket Ground Oman Cricket (Ministry Turf 1),Neutral,1,0,1,0,0,2,2025,2025-02
United States of America,T20I,Oman v United States of America,Oman,Won,7 wickets,2025-02-20,Al Amerat Cricket Ground Oman Cricket (Ministry Turf 1),Neutral,1,1,0,0,0,2,2025,2025-02
Oman,T20I,Oman v United States of America,United States of America,Lost,4 wickets,2025-02-21,Al Amerat Cricket Ground Oman Cricket (Ministry Turf 1),Neutral,1,0,1,0,0,2,2025,2025-02
United States of America,T20I,Oman v United States of America,Oman,Won,4 wickets,2025-02-21,Al Amerat Cricket Ground Oman Cricket (Ministry Turf 1),Neutral,1,1,0,0,0,2,2025,2025-02
Ireland,T20I,Ireland v Zimbabwe,Zimbabwe,No Result,No Result,2025-02-22,Harare Sports Club,Neutral,1,0,0,0,1,2,2025,2025-02
Zimbabwe,T20I,Ireland v Zimbabwe,Ireland,No Result,No Result,2025-02-22,Harare Sports Club,Neutral,1,0,0,0,1,2,2025,2025-02
Bahrain,T20I,Bahrain v Indonesia,Indonesia,Lost,8 wickets,2025-02-22,Udayana Cricket Ground,Neutral,1,0,1,0,0,2,2025,2025-02
Indonesia,T20I,Bahrain v Indonesia,Bahrain,Won,8 wickets,2025-02-22,Udayana Cricket Ground,Neutral,1,1,0,0,0,2,2025,2025-02
Ireland,T20I,Ireland v Zimbabwe,Zimbabwe,Lost,3 wickets,2025-02-23,Harare Sports Club,Neutral,1,0,1,0,0,2,2025,2025-02
Zimbabwe,T20I,Ireland v Zimbabwe,Ireland,Won,3 wickets,2025-02-23,Harare Sports Club,Neutral,1,1,0,0,0,2,2025,2025-02
Bahrain,T20I,Bahrain v Indonesia,Indonesia,Won,112 runs,2025-02-23,Udayana Cricket Ground,Neutral,1,1,0,0,0,2,2025,2025-02
Indonesia,T20I,Bahrain v Indonesia,Bahrain,Lost,112 runs,2025-02-23,Udayana Cricket Ground,Neutral,1,0,1,0,0,2,2025,2025-02
Oman,T20I,Oman v United States of America,United States of America,Lost,8 wickets,2025-02-23,Al Amerat Cricket Ground Oman Cricket (Ministry Turf 1),Neutral,1,0,1,0,0,2,2025,2025-02
United States of America,T20I,Oman v United States of America,Oman,Won,8 wickets,2025-02-23,Al Amerat Cricket Ground Oman Cricket (Ministry Turf 1),Neutral,1,1,0,0,0,2,2025,2025-02
Bahrain,T20I,Bahrain v Indonesia,Indonesia,Won,5 wickets,2025-02-24,Udayana Cricket Ground,Neutral,1,1,0,0,0,2,2025,2025-02
Indonesia,T20I,Bahrain v Indonesia,Bahrain,Lost,5 wickets,2025-02-24,Udayana Cricket Ground,Neutral,1,0,1,0,0,2,2025,2025-02
Ireland,T20I,Ireland v Zimbabwe,Zimbabwe,No Result,No Result,2025-02-25,Harare Sports Club,Neutral,1,0,0,0,1,2,2025,2025-02
Zimbabwe,T20I,Ireland v Zimbabwe,Ireland,No Result,No Result,2025-02-25,Harare Sports Club,Neutral,1,0,0,0,1,2,2025,2025-02
Bahrain,T20I,Bahrain v Singapore,Singapore,Won,31 runs,2025-02-28,Singapore National Cricket Ground,Neutral,1,1,0,0,0,2,2025,2025-02
Singapore,T20I,Bahrain v Singapore,Bahrain,Lost,31 runs,2025-02-28,Singapore National Cricket Ground,Neutral,1,0,1,0,0,2,2025,2025-02
Bahrain,T20I,Bahrain v Singapore,Singapore,Won,7 wickets,2025-03-01,Singapore National Cricket Ground,Neutral,1,1,0,0,0,3,2025,2025-03
Singapore,T20I,Bahrain v Singapore,Bahrain,Lost,7 wickets,2025-03-01,Singapore National Cricket Ground,Neutral,1,0,1,0,0,3,2025,2025-03
Bahrain,T20I,Bahrain v Singapore,Singapore,Won,8 wickets,2025-03-02,Singapore National Cricket Ground,Neutral,1,1,0,0,0,3,2025,2025-03
Singapore,T20I,Bahrain v Singapore,Bahrain,Lost,8 wickets,2025-03-02,Singapore National Cricket Ground,Neutral,1,0,1,0,0,3,2025,2025-03
Bahrain,T20I,Bahrain v Singapore,Singapore,No Result,No Result,2025-03-04,Singapore National Cricket Ground,Neutral,1,0,0,0,1,3,2025,2025-03
Singapore,T20I,Bahrain v Singapore,Bahrain,No Result,No Result,2025-03-04,Singapore National Cricket Ground,Neutral,1,0,0,0,1,3,2025,2025-03
Bahrain,T20I,Bahrain v Malaysia,Malaysia,Won,6 wickets,2025-03-10,"Bayuemas Oval, Kuala Lumpur",Neutral,1,1,0,0,0,3,2025,2025-03
Malaysia,T20I,Bahrain v Malaysia,Bahrain,Lost,6 wickets,2025-03-10,"Bayuemas Oval, Kuala Lumpur",Neutral,1,0,1,0,0,3,2025,2025-03
Bahrain,T20I,Bahrain v Hong Kong,Hong Kong,Won,8 wickets,2025-03-11,"Bayuemas Oval, Kuala Lumpur",Neutral,1,1,0,0,0,3,2025,2025-03
Hong Kong,T20I,Bahrain v Hong Kong,Bahrain,Lost,8 wickets,2025-03-11,"Bayuemas Oval, Kuala Lumpur",Neutral,1,0,1,0,0,3,2025,2025-03
Hong Kong,T20I,Hong Kong v Malaysia,Malaysia,Won,42 runs,2025-03-12,"Bayuemas Oval, Kuala Lumpur",Neutral,1,1,0,0,0,3,2025,2025-03
Malaysia,T20I,Hong Kong v Malaysia,Hong Kong,Lost,42 runs,2025-03-12,"Bayuemas Oval, Kuala Lumpur",Neutral,1,0,1,0,0,3,2025,2025-03
Bahrain,T20I,Bahrain v Malaysia,Malaysia,Won,35 runs,2025-03-13,"Bayuemas Oval, Kuala Lumpur",Neutral,1,1,0,0,0,3,2025,2025-03
Malaysia,T20I,Bahrain v Malaysia,Bahrain,Lost,35 runs,2025-03-13,"Bayuemas Oval, Kuala Lumpur",Neutral,1,0,1,0,0,3,2025,2025-03
Bahrain,T20I,Bahrain v Hong Kong,Hong Kong,Tied,Tie,2025-03-14,"Bayuemas Oval, Kuala Lumpur",Neutral,1,0,0,1,0,3,2025,2025-03
Hong Kong,T20I,Bahrain v Hong Kong,Bahrain,Tied,Tie,2025-03-14,"Bayuemas Oval, Kuala Lumpur",Neutral,1,0,0,1,0,3,2025,2025-03
Hong Kong,T20I,Hong Kong v Malaysia,Malaysia,Won,8 wickets,2025-03-15,"Bayuemas Oval, Kuala Lumpur",Neutral,1,1,0,0,0,3,2025,2025-03
Malaysia,T20I,Hong Kong v Malaysia,Hong Kong,Lost,8 wickets,2025-03-15,"Bayuemas Oval, Kuala Lumpur",Neutral,1,0,1,0,0,3,2025,2025-03
New Zealand,T20I,New Zealand v Pakistan,Pakistan,Won,9 wickets,2025-03-16,"Hagley Oval, Christchurch",Neutral,1,1,0,0,0,3,2025,2025-03
Pakistan,T20I,New Zealand v Pakistan,New Zealand,Lost,9 wickets,2025-03-16,"Hagley Oval, Christchurch",Neutral,1,0,1,0,0,3,2025,2025-03
Bahrain,T20I,Bahrain v Hong Kong,Hong Kong,Won,8 wickets,2025-03-17,"Bayuemas Oval, Kuala Lumpur",Neutral,1,1,0,0,0,3,2025,2025-03
Hong Kong,T20I,Bahrain v Hong Kong,Bahrain,Lost,8 wickets,2025-03-17,"Bayuemas Oval, Kuala Lumpur",Neutral,1,0,1,0,0,3,2025,2025-03
New Zealand,T20I,New Zealand v Pakistan,Pakistan,Won,5 wickets,2025-03-18,"University Oval, Dunedin",Neutral,1,1,0,0,0,3,2025,2025-03
Pakistan,T20I,New Zealand v Pakistan,New Zealand,Lost,5 wickets,2025-03-18,"University Oval, Dunedin",Neutral,1,0,1,0,0,3,2025,2025-03
Canada,T20I,Canada v Namibia,Namibia,Lost,3 wickets,2025-03-19,"Namibia Cricket Ground, Windhoek",Neutral,1,0,1,0,0,3,2025,2025-03
Namibia,T20I,Canada v Namibia,Canada,Won,3 wickets,2025-03-19,"Namibia Cricket Ground, Windhoek",Neutral,1,1,0,0,0,3,2025,2025-03
New Zealand,T20I,New Zealand v Pakistan,Pakistan,Lost,9 wickets,2025-03-21,"Eden Park, Auckland",Neutral,1,0,1,0,0,3,2025,2025-03
Pakistan,T20I,New Zealand v Pakistan,New Zealand,Won,9 wickets,2025-03-21,"Eden Park, Auckland",Neutral,1,1,0,0,0,3,2025,2025-03
Canada,T20I,Canada v Namibia,Namibia,Lost,10 wickets,2025-03-22,"Namibia Cricket Ground, Windhoek",Neutral,1,0,1,0,0,3,2025,2025-03
Namibia,T20I,Canada v Namibia,Canada,Won,10 wickets,2025-03-22,"Namibia Cricket Ground, Windhoek",Neutral,1,1,0,0,0,3,2025,2025-03
New Zealand,T20I,New Zealand v Pakistan,Pakistan,Won,115 runs,2025-03-23,"Bay Oval, Mount Maunganui",Neutral,1,1,0,0,0,3,2025,2025-03
Pakistan,T20I,New Zealand v Pakistan,New Zealand,Lost,115 runs,2025-03-23,"Bay Oval, Mount Maunganui",Neutral,1,0,1,0,0,3,2025,2025-03
Canada,T20I,Canada v Namibia,Namibia,Lost,8 wickets,2025-03-23,"Namibia Cricket Ground, Windhoek",Neutral,1,0,1,0,0,3,2025,2025-03
Namibia,T20I,Canada v Namibia,Canada,Won,8 wickets,2025-03-23,"Namibia Cricket Ground, Windhoek",Neutral,1,1,0,0,0,3,2025,2025-03
New Zealand,T20I,New Zealand v Pakistan,Pakistan,Won,8 wickets,2025-03-26,"Sky Stadium, Wellington",Neutral,1,1,0,0,0,3,2025,2025-03
Pakistan,T20I,New Zealand v Pakistan,New Zealand,Lost,8 wickets,2025-03-26,"Sky Stadium, Wellington",Neutral,1,0,1,0,0,3,2025,2025-03
Norway,T20I,Norway v Portugal,Portugal,Won,39 runs,2025-04-07,Santarem Cricket Ground,Neutral,1,1,0,0,0,4,2025,2025-04
Portugal,T20I,Norway v Portugal,Norway,Lost,39 runs,2025-04-07,Santarem Cricket Ground,Neutral,1,0,1,0,0,4,2025,2025-04
Norway,T20I,Norway v Portugal,Portugal,Lost,4 wickets,2025-04-08,Santarem Cricket Ground,Neutral,1,0,1,0,0,4,2025,2025-04
Portugal,T20I,Norway v Portugal,Norway,Won,4 wickets,2025-04-08,Santarem Cricket Ground,Neutral,1,1,0,0,0,4,2025,2025-04
Norway,T20I,Norway v Portugal,Portugal,Lost,54 runs,2025-04-09,Santarem Cricket Ground,Neutral,1,0,1,0,0,4,2025,2025-04
Portugal,T20I,Norway v Portugal,Norway,Won,54 runs,2025-04-09,Santarem Cricket Ground,Neutral,1,1,0,0,0,4,2025,2025-04
Nepal,T20I,Nepal v Qatar,Qatar,Won,8 wickets,2025-04-09,"Mission Road Ground, Mong Kok, Hong Kong",Neutral,1,1,0,0,0,4,2025,2025-04
Qatar,T20I,Nepal v Qatar,Nepal,Lost,8 wickets,2025-04-09,"Mission Road Ground, Mong Kok, Hong Kong",Neutral,1,0,1,0,0,4,2025,2025-04
Hong Kong,T20I,Hong Kong v Kuwait,Kuwait,Lost,4 wickets,2025-04-09,"Mission Road Ground, Mong Kok, Hong Kong",Neutral,1,0,1,0,0,4,2025,2025-04
Kuwait,T20I,Hong Kong v Kuwait,Hong Kong,Won,4 wickets,2025-04-09,"Mission Road Ground, Mong Kok, Hong Kong",Neutral,1,1,0,0,0,4,2025,2025-04
Kuwait,T20I,Kuwait v Nepal,Nepal,Lost,6 wickets,2025-04-10,"Mission Road Ground, Mong Kok, Hong Kong",Neutral,1,0,1,0,0,4,2025,2025-04
Nepal,T20I,Kuwait v Nepal,Kuwait,Won,6 wickets,2025-04-10,"Mission Road Ground, Mong Kok, Hong Kong",Neutral,1,1,0,0,0,4,2025,2025-04
Hong Kong,T20I,Hong Kong v Qatar,Qatar,Won,68 runs,2025-04-10,"Mission Road Ground, Mong Kok, Hong Kong",Neutral,1,1,0,0,0,4,2025,2025-04
Qatar,T20I,Hong Kong v Qatar,Hong Kong,Lost,68 runs,2025-04-10,"Mission Road Ground, Mong Kok, Hong Kong",Neutral,1,0,1,0,0,4,2025,2025-04
Kuwait,T20I,Kuwait v Qatar,Qatar,Won,6 wickets,2025-04-12,"Mission Road Ground, Mong Kok, Hong Kong",Neutral,1,1,0,0,0,4,2025,2025-04
Qatar,T20I,Kuwait v Qatar,Kuwait,Lost,6 wickets,2025-04-12,"Mission Road Ground, Mong Kok, Hong Kong",Neutral,1,0,1,0,0,4,2025,2025-04
Hong Kong,T20I,Hong Kong v Nepal,Nepal,No Result,No Result,2025-04-12,"Mission Road Ground, Mong Kok, Hong Kong",Neutral,1,0,0,0,1,4,2025,2025-04
Nepal,T20I,Hong Kong v Nepal,Hong Kong,No Result,No Result,2025-04-12,"Mission Road Ground, Mong Kok, Hong Kong",Neutral,1,0,0,0,1,4,2025,2025-04
Hong Kong,T20I,Hong Kong v Qatar,Qatar,Won,1 runs,2025-04-13,"Mission Road Ground, Mong Kok, Hong Kong",Neutral,1,1,0,0,0,4,2025,2025-04
Qatar,T20I,Hong Kong v Qatar,Hong Kong,Lost,1 runs,2025-04-13,"Mission Road Ground, Mong Kok, Hong Kong",Neutral,1,0,1,0,0,4,2025,2025-04
Kuwait,T20I,Kuwait v Nepal,Nepal,Won,3 runs,2025-04-13,"Mission Road Ground, Mong Kok, Hong Kong",Neutral,1,1,0,0,0,4,2025,2025-04
Nepal,T20I,Kuwait v Nepal,Kuwait,Lost,3 runs,2025-04-13,"Mission Road Ground, Mong Kok, Hong Kong",Neutral,1,0,1,0,0,4,2025,2025-04
Costa Rica,T20I,Costa Rica v Mexico,Mexico,Lost,124 runs,2025-04-17,"Clayton Panama, Panama City",Neutral,1,0,1,0,0,4,2025,2025-04
Mexico,T20I,Costa Rica v Mexico,Costa Rica,Won,124 runs,2025-04-17,"Clayton Panama, Panama City",Neutral,1,1,0,0,0,4,2025,2025-04
Panama,T20I,Panama v Turks and Caicos Island,Turks and Caicos Island,Won,49 runs,2025-04-17,"Clayton Panama, Panama City",Neutral,1,1,0,0,0,4,2025,2025-04
Turks and Caicos Island,T20I,Panama v Turks and Caicos Island,Panama,Lost,49 runs,2025-04-17,"Clayton Panama, Panama City",Neutral,1,0,1,0,0,4,2025,2025-04
Costa Rica,T20I,Costa Rica v Panama,Panama,Lost,9 wickets,2025-04-18,"Clayton Panama, Panama City",Neutral,1,0,1,0,0,4,2025,2025-04
Panama,T20I,Costa Rica v Panama,Costa Rica,Won,9 wickets,2025-04-18,"Clayton Panama, Panama City",Neutral,1,1,0,0,0,4,2025,2025-04
Mexico,T20I,Mexico v Turks and Caicos Island,Turks and Caicos Island,Won,8 wickets,2025-04-18,"Clayton Panama, Panama City",Neutral,1,1,0,0,0,4,2025,2025-04
Turks and Caicos Island,T20I,Mexico v Turks and Caicos Island,Mexico,Lost,8 wickets,2025-04-18,"Clayton Panama, Panama City",Neutral,1,0,1,0,0,4,2025,2025-04
Costa Rica,T20I,Costa Rica v Turks and Caicos Island,Turks and Caicos Island,Lost,10 wickets,2025-04-19,"Clayton Panama, Panama City",Neutral,1,0,1,0,0,4,2025,2025-04
Turks and Caicos Island,T20I,Costa Rica v Turks and Caicos Island,Costa Rica,Won,10 wickets,2025-04-19,"Clayton Panama, Panama City",Neutral,1,1,0,0,0,4,2025,2025-04
Mexico,T20I,Mexico v Panama,Panama,Lost,6 runs,2025-04-19,"Clayton Panama, Panama City",Neutral,1,0,1,0,0,4,2025,2025-04
Panama,T20I,Mexico v Panama,Mexico,Won,6 runs,2025-04-19,"Clayton Panama, Panama City",Neutral,1,1,0,0,0,4,2025,2025-04
Cayman Islands,T20I,Cayman Islands v United States of America,United States of America,Lost,79 runs,2025-04-19,"Jimmy Powell Oval, Cayman Islands",Neutral,1,0,1,0,0,4,2025,2025-04
United States of America,T20I,Cayman Islands v United States of America,Cayman Islands,Won,79 runs,2025-04-19,"Jimmy Powell Oval, Cayman Islands",Neutral,1,1,0,0,0,4,2025,2025-04
Bermuda,T20I,Bermuda v Canada,Canada,Lost,5 wickets,2025-04-19,"Jimmy Powell Oval, Cayman Islands",Neutral,1,0,1,0,0,4,2025,2025-04
Canada,T20I,Bermuda v Canada,Bermuda,Won,5 wickets,2025-04-19,"Jimmy Powell Oval, Cayman Islands",Neutral,1,1,0,0,0,4,2025,2025-04
Costa Rica,T20I,Costa Rica v Turks and Caicos Island,Turks and Caicos Island,Won,21 runs,2025-04-20,"Clayton Panama, Panama City",Neutral,1,1,0,0,0,4,2025,2025-04
Turks and Caicos Island,T20I,Costa Rica v Turks and Caicos Island,Costa Rica,Lost,21 runs,2025-04-20,"Clayton Panama, Panama City",Neutral,1,0,1,0,0,4,2025,2025-04
Bahamas,T20I,Bahamas v United States of America,United States of America,Lost,149 runs,2025-04-20,"Jimmy Powell Oval, Cayman Islands",Neutral,1,0,1,0,0,4,2025,2025-04
United States of America,T20I,Bahamas v United States of America,Bahamas,Won,149 runs,2025-04-20,"Jimmy Powell Oval, Cayman Islands",Neutral,1,1,0,0,0,4,2025,2025-04
Bermuda,T20I,Bermuda v Cayman Islands,Cayman Islands,Won,30 runs,2025-04-20,"Jimmy Powell Oval, Cayman Islands",Neutral,1,1,0,0,0,4,2025,2025-04
Cayman Islands,T20I,Bermuda v Cayman Islands,Bermuda,Lost,30 runs,2025-04-20,"Jimmy Powell Oval, Cayman Islands",Neutral,1,0,1,0,0,4,2025,2025-04
Bahamas,T20I,Bahamas v Canada,Canada,Lost,10 wickets,2025-04-21,"Jimmy Powell Oval, Cayman Islands",Neutral,1,0,1,0,0,4,2025,2025-04
Canada,T20I,Bahamas v Canada,Bahamas,Won,10 wickets,2025-04-21,"Jimmy Powell Oval, Cayman Islands",Neutral,1,1,0,0,0,4,2025,2025-04
Bermuda,T20I,Bermuda v United States of America,United States of America,Lost,10 wickets,2025-04-21,"Jimmy Powell Oval, Cayman Islands",Neutral,1,0,1,0,0,4,2025,2025-04
United States of America,T20I,Bermuda v United States of America,Bermuda,Won,10 wickets,2025-04-21,"Jimmy Powell Oval, Cayman Islands",Neutral,1,1,0,0,0,4,2025,2025-04
Canada,T20I,Canada v Cayman Islands,Cayman Islands,Won,94 runs,2025-04-23,"Jimmy Powell Oval, Cayman Islands",Neutral,1,1,0,0,0,4,2025,2025-04
Cayman Islands,T20I,Canada v Cayman Islands,Canada,Lost,94 runs,2025-04-23,"Jimmy Powell Oval, Cayman Islands",Neutral,1,0,1,0,0,4,2025,2025-04
Bahamas,T20I,Bahamas v Bermuda,Bermuda,Lost,10 wickets,2025-04-23,"Jimmy Powell Oval, Cayman Islands",Neutral,1,0,1,0,0,4,2025,2025-04
Bermuda,T20I,Bahamas v Bermuda,Bahamas,Won,10 wickets,2025-04-23,"Jimmy Powell Oval, Cayman Islands",Neutral,1,1,0,0,0,4,2025,2025-04
Bahamas,T20I,Bahamas v Cayman Islands,Cayman Islands,Lost,79 runs,2025-04-24,"Jimmy Powell Oval, Cayman Islands",Neutral,1,0,1,0,0,4,2025,2025-04
Cayman Islands,T20I,Bahamas v Cayman Islands,Bahamas,Won,79 runs,2025-04-24,"Jimmy Powell Oval, Cayman Islands",Neutral,1,1,0,0,0,4,2025,2025-04
Canada,T20I,Canada v United States of America,United States of America,Won,17 runs,2025-04-24,"Jimmy Powell Oval, Cayman Islands",Neutral,1,1,0,0,0,4,2025,2025-04
United States of America,T20I,Canada v United States of America,Canada,Lost,17 runs,2025-04-24,"Jimmy Powell Oval, Cayman Islands",Neutral,1,0,1,0,0,4,2025,2025-04
Saudi Arabia,T20I,Saudi Arabia v Thailand,Thailand,Won,66 runs,2025-04-24,"Bayuemas Oval, Kuala Lumpur",Neutral,1,1,0,0,0,4,2025,2025-04
Thailand,T20I,Saudi Arabia v Thailand,Saudi Arabia,Lost,66 runs,2025-04-24,"Bayuemas Oval, Kuala Lumpur",Neutral,1,0,1,0,0,4,2025,2025-04
Malaysia,T20I,Malaysia v Singapore,Singapore,Won,28 runs,2025-04-24,"Bayuemas Oval, Kuala Lumpur",Neutral,1,1,0,0,0,4,2025,2025-04
Singapore,T20I,Malaysia v Singapore,Malaysia,Lost,28 runs,2025-04-24,"Bayuemas Oval, Kuala Lumpur",Neutral,1,0,1,0,0,4,2025,2025-04
Malaysia,T20I,Malaysia v Thailand,Thailand,Won,7 wickets,2025-04-25,"Bayuemas Oval, Kuala Lumpur",Neutral,1,1,0,0,0,4,2025,2025-04
Thailand,T20I,Malaysia v Thailand,Malaysia,Lost,7 wickets,2025-04-25,"Bayuemas Oval, Kuala Lumpur",Neutral,1,0,1,0,0,4,2025,2025-04
Saudi Arabia,T20I,Saudi Arabia v Singapore,Singapore,Won,96 runs,2025-04-25,"Bayuemas Oval, Kuala Lumpur",Neutral,1,1,0,0,0,4,2025,2025-04
Singapore,T20I,Saudi Arabia v Singapore,Saudi Arabia,Lost,96 runs,2025-04-25,"Bayuemas Oval, Kuala Lumpur",Neutral,1,0,1,0,0,4,2025,2025-04
Canada,T20I,Canada v Cayman Islands,Cayman Islands,Won,10 wickets,2025-04-26,"Jimmy Powell Oval, Cayman Islands",Neutral,1,1,0,0,0,4,2025,2025-04
Cayman Islands,T20I,Canada v Cayman Islands,Canada,Lost,10 wickets,2025-04-26,"Jimmy Powell Oval, Cayman Islands",Neutral,1,0,1,0,0,4,2025,2025-04
Bermuda,T20I,Bermuda v United States of America,United States of America,Lost,10 wickets,2025-04-26,"Jimmy Powell Oval, Cayman Islands",Neutral,1,0,1,0,0,4,2025,2025-04
United States of America,T20I,Bermuda v United States of America,Bermuda,Won,10 wickets,2025-04-26,"Jimmy Powell Oval, Cayman Islands",Neutral,1,1,0,0,0,4,2025,2025-04
Malaysia,T20I,Malaysia v Saudi Arabia,Saudi Arabia,Won,5 wickets,2025-04-26,"Bayuemas Oval, Kuala Lumpur",Neutral,1,1,0,0,0,4,2025,2025-04
Saudi Arabia,T20I,Malaysia v Saudi Arabia,Malaysia,Lost,5 wickets,2025-04-26,"Bayuemas Oval, Kuala Lumpur",Neutral,1,0,1,0,0,4,2025,2025-04
Singapore,T20I,Singapore v Thailand,Thailand,Won,10 runs,2025-04-26,"Bayuemas Oval, Kuala Lumpur",Neutral,1,1,0,0,0,4,2025,2025-04
Thailand,T20I,Singapore v Thailand,Singapore,Lost,10 runs,2025-04-26,"Bayuemas Oval, Kuala Lumpur",Neutral,1,0,1,0,0,4,2025,2025-04
Canada,T20I,Canada v United States of America,United States of America,Lost,6 wickets,2025-04-27,"Jimmy Powell Oval, Cayman Islands",Neutral,1,0,1,0,0,4,2025,2025-04
United States of America,T20I,Canada v United States of America,Canada,Won,6 wickets,2025-04-27,"Jimmy Powell Oval, Cayman Islands",Neutral,1,1,0,0,0,4,2025,2025-04
Saudi Arabia,T20I,Saudi Arabia v Thailand,Thailand,Won,39 runs,2025-04-28,"Bayuemas Oval, Kuala Lumpur",Neutral,1,1,0,0,0,4,2025,2025-04
Thailand,T20I,Saudi Arabia v Thailand,Saudi Arabia,Lost,39 runs,2025-04-28,"Bayuemas Oval, Kuala Lumpur",Neutral,1,0,1,0,0,4,2025,2025-04
Malaysia,T20I,Malaysia v Singapore,Singapore,No Result,No Result,2025-04-28,"Bayuemas Oval, Kuala Lumpur",Neutral,1,0,0,0,1,4,2025,2025-04
Singapore,T20I,Malaysia v Singapore,Malaysia,No Result,No Result,2025-04-28,"Bayuemas Oval, Kuala Lumpur",Neutral,1,0,0,0,1,4,2025,2025-04
Malaysia,T20I,Malaysia v Thailand,Thailand,Won,70 runs,2025-04-29,"Bayuemas Oval, Kuala Lumpur",Neutral,1,1,0,0,0,4,2025,2025-04
Thailand,T20I,Malaysia v Thailand,Malaysia,Lost,70 runs,2025-04-29,"Bayuemas Oval, Kuala Lumpur",Neutral,1,0,1,0,0,4,2025,2025-04
Saudi Arabia,T20I,Saudi Arabia v Singapore,Singapore,Won,7 wickets,2025-04-29,"Bayuemas Oval, Kuala Lumpur",Neutral,1,1,0,0,0,4,2025,2025-04
Singapore,T20I,Saudi Arabia v Singapore,Saudi Arabia,Lost,7 wickets,2025-04-29,"Bayuemas Oval, Kuala Lumpur",Neutral,1,0,1,0,0,4,2025,2025-04
Malaysia,T20I,Malaysia v Saudi Arabia,Saudi Arabia,Lost,7 wickets,2025-04-30,"Bayuemas Oval, Kuala Lumpur",Neutral,1,0,1,0,0,4,2025,2025-04
Saudi Arabia,T20I,Malaysia v Saudi Arabia,Malaysia,Won,7 wickets,2025-04-30,"Bayuemas Oval, Kuala Lumpur",Neutral,1,1,0,0,0,4,2025,2025-04
Singapore,T20I,Singapore v Thailand,Thailand,Won,30 runs,2025-05-02,"Bayuemas Oval, Kuala Lumpur",Neutral,1,1,0,0,0,5,2025,2025-05
Thailand,T20I,Singapore v Thailand,Singapore,Lost,30 runs,2025-05-02,"Bayuemas Oval, Kuala Lumpur",Neutral,1,0,1,0,0,5,2025,2025-05
Malaysia,T20I,Malaysia v Saudi Arabia,Saudi Arabia,Won,18 runs,2025-05-02,"Bayuemas Oval, Kuala Lumpur",Neutral,1,1,0,0,0,5,2025,2025-05
Saudi Arabia,T20I,Malaysia v Saudi Arabia,Malaysia,Lost,18 runs,2025-05-02,"Bayuemas Oval, Kuala Lumpur",Neutral,1,0,1,0,0,5,2025,2025-05
Estonia,T20I,Estonia v Malta,Malta,Lost,26 runs,2025-05-06,Marsa Sports Club,Neutral,1,0,1,0,0,5,2025,2025-05
Malta,T20I,Estonia v Malta,Estonia,Won,26 runs,2025-05-06,Marsa Sports Club,Neutral,1,1,0,0,0,5,2025,2025-05
Estonia,T20I,Estonia v Malta,Malta,Won,4 wickets,2025-05-06,Marsa Sports Club,Neutral,1,1,0,0,0,5,2025,2025-05
Malta,T20I,Estonia v Malta,Estonia,Lost,4 wickets,2025-05-06,Marsa Sports Club,Neutral,1,0,1,0,0,5,2025,2025-05
Cook Islands,T20I,Cook Islands v Thailand,Thailand,Won,3 wickets,2025-05-07,Sano International Cricket Ground,Neutral,1,1,0,0,0,5,2025,2025-05
Thailand,T20I,Cook Islands v Thailand,Cook Islands,Lost,3 wickets,2025-05-07,Sano International Cricket Ground,Neutral,1,0,1,0,0,5,2025,2025-05
Estonia,T20I,Estonia v Malta,Malta,Lost,101 runs,2025-05-07,Marsa Sports Club,Neutral,1,0,1,0,0,5,2025,2025-05
Malta,T20I,Estonia v Malta,Estonia,Won,101 runs,2025-05-07,Marsa Sports Club,Neutral,1,1,0,0,0,5,2025,2025-05
Japan,T20I,Japan v Thailand,Thailand,Won,61 runs,2025-05-08,Sano International Cricket Ground,Neutral,1,1,0,0,0,5,2025,2025-05
Thailand,T20I,Japan v Thailand,Japan,Lost,61 runs,2025-05-08,Sano International Cricket Ground,Neutral,1,0,1,0,0,5,2025,2025-05
Cook Islands,T20I,Cook Islands v Thailand,Thailand,Lost,8 wickets,2025-05-09,Sano International Cricket Ground,Neutral,1,0,1,0,0,5,2025,2025-05
Thailand,T20I,Cook Islands v Thailand,Cook Islands,Won,8 wickets,2025-05-09,Sano International Cricket Ground,Neutral,1,1,0,0,0,5,2025,2025-05
Cook Islands,T20I,Cook Islands v Japan,Japan,Lost,34 runs,2025-05-09,Sano International Cricket Ground,Neutral,1,0,1,0,0,5,2025,2025-05
Japan,T20I,Cook Islands v Japan,Cook Islands,Won,34 runs,2025-05-09,Sano International Cricket Ground,Neutral,1,1,0,0,0,5,2025,2025-05
Japan,T20I,Japan v Thailand,Thailand,Lost,6 wickets,2025-05-11,Sano International Cricket Ground,Neutral,1,0,1,0,0,5,2025,2025-05
Thailand,T20I,Japan v Thailand,Japan,Won,6 wickets,2025-05-11,Sano International Cricket Ground,Neutral,1,1,0,0,0,5,2025,2025-05
Cook Islands,T20I,Cook Islands v Japan,Japan,Lost,2 wickets,2025-05-13,Sano International Cricket Ground,Neutral,1,0,1,0,0,5,2025,2025-05
Japan,T20I,Cook Islands v Japan,Cook Islands,Won,2 wickets,2025-05-13,Sano International Cricket Ground,Neutral,1,1,0,0,0,5,2025,2025-05
Cook Islands,T20I,Cook Islands v Japan,Japan,Lost,42 runs,2025-05-14,Sano International Cricket Ground,Neutral,1,0,1,0,0,5,2025,2025-05
Japan,T20I,Cook Islands v Japan,Cook Islands,Won,42 runs,2025-05-14,Sano International Cricket Ground,Neutral,1,1,0,0,0,5,2025,2025-05
Bangladesh,T20I,Bangladesh v United Arab Emirates,United Arab Emirates,Won,27 runs,2025-05-17,Sharjah Cricket Stadium,Neutral,1,1,0,0,0,5,2025,2025-05
United Arab Emirates,T20I,Bangladesh v United Arab Emirates,Bangladesh,Lost,27 runs,2025-05-17,Sharjah Cricket Stadium,Neutral,1,0,1,0,0,5,2025,2025-05
Austria,T20I,Austria v Slovenia,Slovenia,Won,75 runs,2025-05-17,"Velden Cricket Ground, Latschach",Neutral,1,1,0,0,0,5,2025,2025-05
Slovenia,T20I,Austria v Slovenia,Austria,Lost,75 runs,2025-05-17,"Velden Cricket Ground, Latschach",Neutral,1,0,1,0,0,5,2025,2025-05
Austria,T20I,Austria v Slovenia,Slovenia,Won,5 wickets,2025-05-18,"Ballpark Ground, Graz",Neutral,1,1,0,0,0,5,2025,2025-05
Slovenia,T20I,Austria v Slovenia,Austria,Lost,5 wickets,2025-05-18,"Ballpark Ground, Graz",Neutral,1,0,1,0,0,5,2025,2025-05
Austria,T20I,Austria v Slovenia,Slovenia,Won,168 runs,2025-05-18,"Ballpark Ground, Graz",Neutral,1,1,0,0,0,5,2025,2025-05
Slovenia,T20I,Austria v Slovenia,Austria,Lost,168 runs,2025-05-18,"Ballpark Ground, Graz",Neutral,1,0,1,0,0,5,2025,2025-05
Bangladesh,T20I,Bangladesh v United Arab Emirates,United Arab Emirates,Lost,2 wickets,2025-05-19,Sharjah Cricket Stadium,Neutral,1,0,1,0,0,5,2025,2025-05
United Arab Emirates,T20I,Bangladesh v United Arab Emirates,Bangladesh,Won,2 wickets,2025-05-19,Sharjah Cricket Stadium,Neutral,1,1,0,0,0,5,2025,2025-05
Bangladesh,T20I,Bangladesh v United Arab Emirates,United Arab Emirates,Lost,7 wickets,2025-05-21,Sharjah Cricket Stadium,Neutral,1,0,1,0,0,5,2025,2025-05
United Arab Emirates,T20I,Bangladesh v United Arab Emirates,Bangladesh,Won,7 wickets,2025-05-21,Sharjah Cricket Stadium,Neutral,1,1,0,0,0,5,2025,2025-05
Bangladesh,T20I,Bangladesh v Pakistan,Pakistan,Lost,37 runs,2025-05-28,"Gaddafi Stadium, Lahore",Neutral,1,0,1,0,0,5,2025,2025-05
Pakistan,T20I,Bangladesh v Pakistan,Bangladesh,Won,37 runs,2025-05-28,"Gaddafi Stadium, Lahore",Neutral,1,1,0,0,0,5,2025,2025-05
Bangladesh,T20I,Bangladesh v Pakistan,Pakistan,Lost,57 runs,2025-05-30,"Gaddafi Stadium, Lahore",Neutral,1,0,1,0,0,5,2025,2025-05
Pakistan,T20I,Bangladesh v Pakistan,Bangladesh,Won,57 runs,2025-05-30,"Gaddafi Stadium, Lahore",Neutral,1,1,0,0,0,5,2025,2025-05
Austria,T20I,Austria v Switzerland,Switzerland,Won,29 runs,2025-05-30,"Velden Cricket Ground, Latschach",Neutral,1,1,0,0,0,5,2025,2025-05
Switzerland,T20I,Austria v Switzerland,Austria,Lost,29 runs,2025-05-30,"Velden Cricket Ground, Latschach",Neutral,1,0,1,0,0,5,2025,2025-05
Belgium,T20I,Belgium v Portugal,Portugal,Lost,5 wickets,2025-05-30,"Stars Arena Hofstade, Zemst",Neutral,1,0,1,0,0,5,2025,2025-05
Portugal,T20I,Belgium v Portugal,Belgium,Won,5 wickets,2025-05-30,"Stars Arena Hofstade, Zemst",Neutral,1,1,0,0,0,5,2025,2025-05
Malta,T20I,Malta v Portugal,Portugal,Lost,8 wickets,2025-05-30,"Stars Arena Hofstade, Zemst",Neutral,1,0,1,0,0,5,2025,2025-05
Portugal,T20I,Malta v Portugal,Malta,Won,8 wickets,2025-05-30,"Stars Arena Hofstade, Zemst",Neutral,1,1,0,0,0,5,2025,2025-05
Belgium,T20I,Belgium v Malta,Malta,Won,6 wickets,2025-05-30,"Stars Arena Hofstade, Zemst",Neutral,1,1,0,0,0,5,2025,2025-05
Malta,T20I,Belgium v Malta,Belgium,Lost,6 wickets,2025-05-30,"Stars Arena Hofstade, Zemst",Neutral,1,0,1,0,0,5,2025,2025-05
Austria,T20I,Austria v Switzerland,Switzerland,Won,17 runs,2025-05-31,"Velden Cricket Ground, Latschach",Neutral,1,1,0,0,0,5,2025,2025-05
Switzerland,T20I,Austria v Switzerland,Austria,Lost,17 runs,2025-05-31,"Velden Cricket Ground, Latschach",Neutral,1,0,1,0,0,5,2025,2025-05
Belgium,T20I,Belgium v Portugal,Portugal,Lost,5 wickets,2025-05-31,"Stars Arena Hofstade, Zemst",Neutral,1,0,1,0,0,5,2025,2025-05
Portugal,T20I,Belgium v Portugal,Belgium,Won,5 wickets,2025-05-31,"Stars Arena Hofstade, Zemst",Neutral,1,1,0,0,0,5,2025,2025-05
Malta,T20I,Malta v Portugal,Portugal,Lost,8 wickets,2025-05-31,"Stars Arena Hofstade, Zemst",Neutral,1,0,1,0,0,5,2025,2025-05
Portugal,T20I,Malta v Portugal,Malta,Won,8 wickets,2025-05-31,"Stars Arena Hofstade, Zemst",Neutral,1,1,0,0,0,5,2025,2025-05
Belgium,T20I,Belgium v Malta,Malta,Won,103 runs,2025-05-31,"Stars Arena Hofstade, Zemst",Neutral,1,1,0,0,0,5,2025,2025-05
Malta,T20I,Belgium v Malta,Belgium,Lost,103 runs,2025-05-31,"Stars Arena Hofstade, Zemst",Neutral,1,0,1,0,0,5,2025,2025-05
Austria,T20I,Austria v Switzerland,Switzerland,Lost,3 wickets,2025-05-31,"Velden Cricket Ground, Latschach",Neutral,1,0,1,0,0,5,2025,2025-05
Switzerland,T20I,Austria v Switzerland,Austria,Won,3 wickets,2025-05-31,"Velden Cricket Ground, Latschach",Neutral,1,1,0,0,0,5,2025,2025-05
Bangladesh,T20I,Bangladesh v Pakistan,Pakistan,Lost,7 wickets,2025-06-01,"Gaddafi Stadium, Lahore",Neutral,1,0,1,0,0,6,2025,2025-06
Pakistan,T20I,Bangladesh v Pakistan,Bangladesh,Won,7 wickets,2025-06-01,"Gaddafi Stadium, Lahore",Neutral,1,1,0,0,0,6,2025,2025-06
Belgium,T20I,Belgium v Portugal,Portugal,Won,44 runs,2025-06-01,"Stars Arena Hofstade, Zemst",Neutral,1,1,0,0,0,6,2025,2025-06
Portugal,T20I,Belgium v Portugal,Belgium,Lost,44 runs,2025-06-01,"Stars Arena Hofstade, Zemst",Neutral,1,0,1,0,0,6,2025,2025-06
Austria,T20I,Austria v Switzerland,Switzerland,Won,17 runs,2025-06-01,"Velden Cricket Ground, Latschach",Neutral,1,1,0,0,0,6,2025,2025-06
Switzerland,T20I,Austria v Switzerland,Austria,Lost,17 runs,2025-06-01,"Velden Cricket Ground, Latschach",Neutral,1,0,1,0,0,6,2025,2025-06
England,T20I,England v West Indies,West Indies,Won,21 runs,2025-06-06,"Riverside Ground, Chester-le-Street",Neutral,1,1,0,0,0,6,2025,2025-06
West Indies,T20I,England v West Indies,England,Lost,21 runs,2025-06-06,"Riverside Ground, Chester-le-Street",Neutral,1,0,1,0,0,6,2025,2025-06
Guernsey,T20I,Guernsey v Jersey,Jersey,Won,13 runs,2025-06-06,"Grainville, St Saviour",Neutral,1,1,0,0,0,6,2025,2025-06
Jersey,T20I,Guernsey v Jersey,Guernsey,Lost,13 runs,2025-06-06,"Grainville, St Saviour",Neutral,1,0,1,0,0,6,2025,2025-06
Serbia,T20I,Serbia v Slovenia,Slovenia,Won,9 wickets,2025-06-07,Lisicji Jarak Cricket Ground,Neutral,1,1,0,0,0,6,2025,2025-06
Slovenia,T20I,Serbia v Slovenia,Serbia,Lost,9 wickets,2025-06-07,Lisicji Jarak Cricket Ground,Neutral,1,0,1,0,0,6,2025,2025-06
Guernsey,T20I,Guernsey v Jersey,Jersey,Lost,7 wickets,2025-06-07,"Grainville, St Saviour",Neutral,1,0,1,0,0,6,2025,2025-06
Jersey,T20I,Guernsey v Jersey,Guernsey,Won,7 wickets,2025-06-07,"Grainville, St Saviour",Neutral,1,1,0,0,0,6,2025,2025-06
Guernsey,T20I,Guernsey v Jersey,Jersey,Lost,3 runs,2025-06-07,"Grainville, St Saviour",Neutral,1,0,1,0,0,6,2025,2025-06
Jersey,T20I,Guernsey v Jersey,Guernsey,Won,3 runs,2025-06-07,"Grainville, St Saviour",Neutral,1,1,0,0,0,6,2025,2025-06
England,T20I,England v West Indies,West Indies,Won,4 wickets,2025-06-08,"County Ground, Bristol",Neutral,1,1,0,0,0,6,2025,2025-06
West Indies,T20I,England v West Indies,England,Lost,4 wickets,2025-06-08,"County Ground, Bristol",Neutral,1,0,1,0,0,6,2025,2025-06
Austria,T20I,Austria v Czech Republic,Czech Republic,Won,10 wickets,2025-06-08,"Scott Page Field, Vinor",Neutral,1,1,0,0,0,6,2025,2025-06
Czech Republic,T20I,Austria v Czech Republic,Austria,Lost,10 wickets,2025-06-08,"Scott Page Field, Vinor",Neutral,1,0,1,0,0,6,2025,2025-06
Czech Republic,T20I,Czech Republic v Norway,Norway,Lost,37 runs,2025-06-08,"Scott Page Field, Vinor",Neutral,1,0,1,0,0,6,2025,2025-06
Norway,T20I,Czech Republic v Norway,Czech Republic,Won,37 runs,2025-06-08,"Scott Page Field, Vinor",Neutral,1,1,0,0,0,6,2025,2025-06
Serbia,T20I,Serbia v Slovenia,Slovenia,Won,24 runs,2025-06-08,Lisicji Jarak Cricket Ground,Neutral,1,1,0,0,0,6,2025,2025-06
Slovenia,T20I,Serbia v Slovenia,Serbia,Lost,24 runs,2025-06-08,Lisicji Jarak Cricket Ground,Neutral,1,0,1,0,0,6,2025,2025-06
Austria,T20I,Austria v Norway,Norway,Lost,22 runs,2025-06-09,"Scott Page Field, Vinor",Neutral,1,0,1,0,0,6,2025,2025-06
Norway,T20I,Austria v Norway,Austria,Won,22 runs,2025-06-09,"Scott Page Field, Vinor",Neutral,1,1,0,0,0,6,2025,2025-06
Austria,T20I,Austria v Czech Republic,Czech Republic,Won,161 runs,2025-06-09,"Scott Page Field, Vinor",Neutral,1,1,0,0,0,6,2025,2025-06
Czech Republic,T20I,Austria v Czech Republic,Austria,Lost,161 runs,2025-06-09,"Scott Page Field, Vinor",Neutral,1,0,1,0,0,6,2025,2025-06
England,T20I,England v West Indies,West Indies,Won,37 runs,2025-06-10,"The Rose Bowl, Southampton",Neutral,1,1,0,0,0,6,2025,2025-06
West Indies,T20I,England v West Indies,England,Lost,37 runs,2025-06-10,"The Rose Bowl, Southampton",Neutral,1,0,1,0,0,6,2025,2025-06
Czech Republic,T20I,Czech Republic v Norway,Norway,Lost,41 runs,2025-06-10,"Scott Page Field, Vinor",Neutral,1,0,1,0,0,6,2025,2025-06
Norway,T20I,Czech Republic v Norway,Czech Republic,Won,41 runs,2025-06-10,"Scott Page Field, Vinor",Neutral,1,1,0,0,0,6,2025,2025-06
Austria,T20I,Austria v Norway,Norway,Won,9 wickets,2025-06-10,"Scott Page Field, Vinor",Neutral,1,1,0,0,0,6,2025,2025-06
Norway,T20I,Austria v Norway,Austria,Lost,9 wickets,2025-06-10,"Scott Page Field, Vinor",Neutral,1,0,1,0,0,6,2025,2025-06
Cambodia,T20I,Cambodia v Indonesia,Indonesia,Won,8 wickets,2025-06-11,Udayana Cricket Ground,Neutral,1,1,0,0,0,6,2025,2025-06
Indonesia,T20I,Cambodia v Indonesia,Cambodia,Lost,8 wickets,2025-06-11,Udayana Cricket Ground,Neutral,1,0,1,0,0,6,2025,2025-06
Cambodia,T20I,Cambodia v Indonesia,Indonesia,Won,5 wickets,2025-06-12,Udayana Cricket Ground,Neutral,1,1,0,0,0,6,2025,2025-06
Indonesia,T20I,Cambodia v Indonesia,Cambodia,Lost,5 wickets,2025-06-12,Udayana Cricket Ground,Neutral,1,0,1,0,0,6,2025,2025-06
Cambodia,T20I,Cambodia v Indonesia,Indonesia,Won,6 wickets,2025-06-12,Udayana Cricket Ground,Neutral,1,1,0,0,0,6,2025,2025-06
Indonesia,T20I,Cambodia v Indonesia,Cambodia,Lost,6 wickets,2025-06-12,Udayana Cricket Ground,Neutral,1,0,1,0,0,6,2025,2025-06
Bahamas,T20I,Bahamas v Canada,Canada,Lost,107 runs,2025-06-12,"Maple Leaf North-East Ground, King City",Neutral,1,0,1,0,0,6,2025,2025-06
Canada,T20I,Bahamas v Canada,Bahamas,Won,107 runs,2025-06-12,"Maple Leaf North-East Ground, King City",Neutral,1,1,0,0,0,6,2025,2025-06
Bermuda,T20I,Bermuda v Cayman Islands,Cayman Islands,Won,30 runs,2025-06-12,"Maple Leaf North-East Ground, King City",Neutral,1,1,0,0,0,6,2025,2025-06
Cayman Islands,T20I,Bermuda v Cayman Islands,Bermuda,Lost,30 runs,2025-06-12,"Maple Leaf North-East Ground, King City",Neutral,1,0,1,0,0,6,2025,2025-06
Denmark,T20I,Denmark v Finland,Finland,Won,121 runs,2025-06-13,"Ishoj Cricket Club, Vejledalen",Neutral,1,1,0,0,0,6,2025,2025-06
Finland,T20I,Denmark v Finland,Denmark,Lost,121 runs,2025-06-13,"Ishoj Cricket Club, Vejledalen",Neutral,1,0,1,0,0,6,2025,2025-06
Bahamas,T20I,Bahamas v Bermuda,Bermuda,Lost,18 runs,2025-06-13,"Maple Leaf North-East Ground, King City",Neutral,1,0,1,0,0,6,2025,2025-06
Bermuda,T20I,Bahamas v Bermuda,Bahamas,Won,18 runs,2025-06-13,"Maple Leaf North-East Ground, King City",Neutral,1,1,0,0,0,6,2025,2025-06
Canada,T20I,Canada v Cayman Islands,Cayman Islands,Won,126 runs,2025-06-13,"Maple Leaf North-East Ground, King City",Neutral,1,1,0,0,0,6,2025,2025-06
Cayman Islands,T20I,Canada v Cayman Islands,Canada,Lost,126 runs,2025-06-13,"Maple Leaf North-East Ground, King City",Neutral,1,0,1,0,0,6,2025,2025-06
Cambodia,T20I,Cambodia v Indonesia,Indonesia,Lost,9 wickets,2025-06-14,Udayana Cricket Ground,Neutral,1,0,1,0,0,6,2025,2025-06
Indonesia,T20I,Cambodia v Indonesia,Cambodia,Won,9 wickets,2025-06-14,Udayana Cricket Ground,Neutral,1,1,0,0,0,6,2025,2025-06
Cambodia,T20I,Cambodia v Indonesia,Indonesia,No Result,No Result,2025-06-14,Udayana Cricket Ground,Neutral,1,0,0,0,1,6,2025,2025-06
Indonesia,T20I,Cambodia v Indonesia,Cambodia,No Result,No Result,2025-06-14,Udayana Cricket Ground,Neutral,1,0,0,0,1,6,2025,2025-06
Finland,T20I,Finland v Norway,Norway,Won,11 runs,2025-06-14,"Ishoj Cricket Club, Vejledalen",Neutral,1,1,0,0,0,6,2025,2025-06
Norway,T20I,Finland v Norway,Finland,Lost,11 runs,2025-06-14,"Ishoj Cricket Club, Vejledalen",Neutral,1,0,1,0,0,6,2025,2025-06
Denmark,T20I,Denmark v Sweden,Sweden,Won,18 runs,2025-06-14,Koge Cricket Club,Neutral,1,1,0,0,0,6,2025,2025-06
Sweden,T20I,Denmark v Sweden,Denmark,Lost,18 runs,2025-06-14,Koge Cricket Club,Neutral,1,0,1,0,0,6,2025,2025-06
Denmark,T20I,Denmark v Norway,Norway,Lost,9 wickets,2025-06-14,Koge Cricket Club,Neutral,1,0,1,0,0,6,2025,2025-06
Norway,T20I,Denmark v Norway,Denmark,Won,9 wickets,2025-06-14,Koge Cricket Club,Neutral,1,1,0,0,0,6,2025,2025-06
Finland,T20I,Finland v Sweden,Sweden,Lost,71 runs,2025-06-14,"Ishoj Cricket Club, Vejledalen",Neutral,1,0,1,0,0,6,2025,2025-06
Sweden,T20I,Finland v Sweden,Finland,Won,71 runs,2025-06-14,"Ishoj Cricket Club, Vejledalen",Neutral,1,1,0,0,0,6,2025,2025-06
Ireland,T20I,Ireland v West Indies,West Indies,Lost,62 runs,2025-06-15,"Bready Cricket Club, Magheramason, Bready",Neutral,1,0,1,0,0,6,2025,2025-06
West Indies,T20I,Ireland v West Indies,Ireland,Won,62 runs,2025-06-15,"Bready Cricket Club, Magheramason, Bready",Neutral,1,1,0,0,0,6,2025,2025-06
Netherlands,T20I,Netherlands v Scotland,Scotland,Lost,39 runs,2025-06-15,"Titwood, Glasgow",Neutral,1,0,1,0,0,6,2025,2025-06
Scotland,T20I,Netherlands v Scotland,Netherlands,Won,39 runs,2025-06-15,"Titwood, Glasgow",Neutral,1,1,0,0,0,6,2025,2025-06
Cambodia,T20I,Cambodia v Indonesia,Indonesia,Won,9 wickets,2025-06-15,Udayana Cricket Ground,Neutral,1,1,0,0,0,6,2025,2025-06
Indonesia,T20I,Cambodia v Indonesia,Cambodia,Lost,9 wickets,2025-06-15,Udayana Cricket Ground,Neutral,1,0,1,0,0,6,2025,2025-06
Cambodia,T20I,Cambodia v Indonesia,Indonesia,Won,10 wickets,2025-06-15,Udayana Cricket Ground,Neutral,1,1,0,0,0,6,2025,2025-06
Indonesia,T20I,Cambodia v Indonesia,Cambodia,Lost,10 wickets,2025-06-15,Udayana Cricket Ground,Neutral,1,0,1,0,0,6,2025,2025-06
Bermuda,T20I,Bermuda v Canada,Canada,Lost,110 runs,2025-06-15,"Maple Leaf North-West Ground, King City",Neutral,1,0,1,0,0,6,2025,2025-06
Canada,T20I,Bermuda v Canada,Bermuda,Won,110 runs,2025-06-15,"Maple Leaf North-West Ground, King City",Neutral,1,1,0,0,0,6,2025,2025-06
Bahamas,T20I,Bahamas v Cayman Islands,Cayman Islands,Lost,38 runs,2025-06-15,"Maple Leaf North-West Ground, King City",Neutral,1,0,1,0,0,6,2025,2025-06
Cayman Islands,T20I,Bahamas v Cayman Islands,Bahamas,Won,38 runs,2025-06-15,"Maple Leaf North-West Ground, King City",Neutral,1,1,0,0,0,6,2025,2025-06
Norway,T20I,Norway v Sweden,Sweden,Won,2 wickets,2025-06-15,"Ishoj Cricket Club, Vejledalen",Neutral,1,1,0,0,0,6,2025,2025-06
Sweden,T20I,Norway v Sweden,Norway,Lost,2 wickets,2025-06-15,"Ishoj Cricket Club, Vejledalen",Neutral,1,0,1,0,0,6,2025,2025-06
Finland,T20I,Finland v Norway,Norway,Won,22 runs,2025-06-15,"Ishoj Cricket Club, Vejledalen",Neutral,1,1,0,0,0,6,2025,2025-06
Norway,T20I,Finland v Norway,Finland,Lost,22 runs,2025-06-15,"Ishoj Cricket Club, Vejledalen",Neutral,1,0,1,0,0,6,2025,2025-06
Nepal,T20I,Nepal v Netherlands,Netherlands,Tied,Tie,2025-06-16,"Titwood, Glasgow",Neutral,1,0,0,1,0,6,2025,2025-06
Netherlands,T20I,Nepal v Netherlands,Nepal,Tied,Tie,2025-06-16,"Titwood, Glasgow",Neutral,1,0,0,1,0,6,2025,2025-06
Canada,T20I,Canada v Cayman Islands,Cayman Islands,Won,59 runs,2025-06-16,"Maple Leaf North-West Ground, King City",Neutral,1,1,0,0,0,6,2025,2025-06
Cayman Islands,T20I,Canada v Cayman Islands,Canada,Lost,59 runs,2025-06-16,"Maple Leaf North-West Ground, King City",Neutral,1,0,1,0,0,6,2025,2025-06
Bahamas,T20I,Bahamas v Bermuda,Bermuda,Lost,7 wickets,2025-06-16,"Maple Leaf North-West Ground, King City",Neutral,1,0,1,0,0,6,2025,2025-06
Bermuda,T20I,Bahamas v Bermuda,Bahamas,Won,7 wickets,2025-06-16,"Maple Leaf North-West Ground, King City",Neutral,1,1,0,0,0,6,2025,2025-06
Cambodia,T20I,Cambodia v Indonesia,Indonesia,Lost,4 wickets,2025-06-16,Udayana Cricket Ground,Neutral,1,0,1,0,0,6,2025,2025-06
Indonesia,T20I,Cambodia v Indonesia,Cambodia,Won,4 wickets,2025-06-16,Udayana Cricket Ground,Neutral,1,1,0,0,0,6,2025,2025-06
Nepal,T20I,Nepal v Scotland,Scotland,Won,2 wickets,2025-06-17,"Titwood, Glasgow",Neutral,1,1,0,0,0,6,2025,2025-06
Scotland,T20I,Nepal v Scotland,Nepal,Lost,2 wickets,2025-06-17,"Titwood, Glasgow",Neutral,1,0,1,0,0,6,2025,2025-06
Netherlands,T20I,Netherlands v Scotland,Scotland,Won,17 runs,2025-06-18,"Titwood, Glasgow",Neutral,1,1,0,0,0,6,2025,2025-06
Scotland,T20I,Netherlands v Scotland,Netherlands,Lost,17 runs,2025-06-18,"Titwood, Glasgow",Neutral,1,0,1,0,0,6,2025,2025-06
Bermuda,T20I,Bermuda v Cayman Islands,Cayman Islands,Won,7 wickets,2025-06-18,"Maple Leaf North-West Ground, King City",Neutral,1,1,0,0,0,6,2025,2025-06
Cayman Islands,T20I,Bermuda v Cayman Islands,Bermuda,Lost,7 wickets,2025-06-18,"Maple Leaf North-West Ground, King City",Neutral,1,0,1,0,0,6,2025,2025-06
Bahamas,T20I,Bahamas v Canada,Canada,Lost,10 wickets,2025-06-18,"Maple Leaf North-West Ground, King City",Neutral,1,0,1,0,0,6,2025,2025-06
Canada,T20I,Bahamas v Canada,Bahamas,Won,10 wickets,2025-06-18,"Maple Leaf North-West Ground, King City",Neutral,1,1,0,0,0,6,2025,2025-06
Nepal,T20I,Nepal v Netherlands,Netherlands,Won,6 wickets,2025-06-19,"Titwood, Glasgow",Neutral,1,1,0,0,0,6,2025,2025-06
Netherlands,T20I,Nepal v Netherlands,Nepal,Lost,6 wickets,2025-06-19,"Titwood, Glasgow",Neutral,1,0,1,0,0,6,2025,2025-06
Bahamas,T20I,Bahamas v Bermuda,Bermuda,Lost,26 runs,2025-06-19,"Maple Leaf North-West Ground, King City",Neutral,1,0,1,0,0,6,2025,2025-06
Bermuda,T20I,Bahamas v Bermuda,Bahamas,Won,26 runs,2025-06-19,"Maple Leaf North-West Ground, King City",Neutral,1,1,0,0,0,6,2025,2025-06
Canada,T20I,Canada v Cayman Islands,Cayman Islands,Won,42 runs,2025-06-19,"Maple Leaf North-West Ground, King City",Neutral,1,1,0,0,0,6,2025,2025-06
Cayman Islands,T20I,Canada v Cayman Islands,Canada,Lost,42 runs,2025-06-19,"Maple Leaf North-West Ground, King City",Neutral,1,0,1,0,0,6,2025,2025-06
Nepal,T20I,Nepal v Scotland,Scotland,Lost,34 runs,2025-06-20,"Titwood, Glasgow",Neutral,1,0,1,0,0,6,2025,2025-06
Scotland,T20I,Nepal v Scotland,Nepal,Won,34 runs,2025-06-20,"Titwood, Glasgow",Neutral,1,1,0,0,0,6,2025,2025-06
Hungary,T20I,Hungary v Slovenia,Slovenia,Won,122 runs,2025-06-21,"GB Oval, Szodliget",Neutral,1,1,0,0,0,6,2025,2025-06
Slovenia,T20I,Hungary v Slovenia,Hungary,Lost,122 runs,2025-06-21,"GB Oval, Szodliget",Neutral,1,0,1,0,0,6,2025,2025-06
Hungary,T20I,Hungary v Slovenia,Slovenia,Won,62 runs,2025-06-21,"GB Oval, Szodliget",Neutral,1,1,0,0,0,6,2025,2025-06
Slovenia,T20I,Hungary v Slovenia,Hungary,Lost,62 runs,2025-06-21,"GB Oval, Szodliget",Neutral,1,0,1,0,0,6,2025,2025-06
Luxembourg,T20I,Luxembourg v Switzerland,Switzerland,Lost,57 runs,2025-06-21,Pierre Werner Cricket Ground,Neutral,1,0,1,0,0,6,2025,2025-06
Switzerland,T20I,Luxembourg v Switzerland,Luxembourg,Won,57 runs,2025-06-21,Pierre Werner Cricket Ground,Neutral,1,1,0,0,0,6,2025,2025-06
Luxembourg,T20I,Luxembourg v Switzerland,Switzerland,Lost,11 runs,2025-06-21,Pierre Werner Cricket Ground,Neutral,1,0,1,0,0,6,2025,2025-06
Switzerland,T20I,Luxembourg v Switzerland,Luxembourg,Won,11 runs,2025-06-21,Pierre Werner Cricket Ground,Neutral,1,1,0,0,0,6,2025,2025-06
Bahamas,T20I,Bahamas v Canada,Canada,Lost,7 wickets,2025-06-21,"Maple Leaf North-West Ground, King City",Neutral,1,0,1,0,0,6,2025,2025-06
Canada,T20I,Bahamas v Canada,Bahamas,Won,7 wickets,2025-06-21,"Maple Leaf North-West Ground, King City",Neutral,1,1,0,0,0,6,2025,2025-06
Bermuda,T20I,Bermuda v Cayman Islands,Cayman Islands,Lost,9 wickets,2025-06-21,"Maple Leaf North-West Ground, King City",Neutral,1,0,1,0,0,6,2025,2025-06
Cayman Islands,T20I,Bermuda v Cayman Islands,Bermuda,Won,9 wickets,2025-06-21,"Maple Leaf North-West Ground, King City",Neutral,1,1,0,0,0,6,2025,2025-06
Hungary,T20I,Hungary v Slovenia,Slovenia,Won,9 wickets,2025-06-22,"GB Oval, Szodliget",Neutral,1,1,0,0,0,6,2025,2025-06
Slovenia,T20I,Hungary v Slovenia,Hungary,Lost,9 wickets,2025-06-22,"GB Oval, Szodliget",Neutral,1,0,1,0,0,6,2025,2025-06
Luxembourg,T20I,Luxembourg v Switzerland,Switzerland,Won,7 wickets,2025-06-22,Pierre Werner Cricket Ground,Neutral,1,1,0,0,0,6,2025,2025-06
Switzerland,T20I,Luxembourg v Switzerland,Luxembourg,Lost,7 wickets,2025-06-22,Pierre Werner Cricket Ground,Neutral,1,0,1,0,0,6,2025,2025-06
Bahamas,T20I,Bahamas v Cayman Islands,Cayman Islands,Lost,49 runs,2025-06-22,"Maple Leaf North-West Ground, King City",Neutral,1,0,1,0,0,6,2025,2025-06
Cayman Islands,T20I,Bahamas v Cayman Islands,Bahamas,Won,49 runs,2025-06-22,"Maple Leaf North-West Ground, King City",Neutral,1,1,0,0,0,6,2025,2025-06
France,T20I,France v Malta,Malta,Lost,6 wickets,2025-06-26,"Moara Vlasiei Cricket Ground, Ilfov County",Neutral,1,0,1,0,0,6,2025,2025-06
Malta,T20I,France v Malta,France,Won,6 wickets,2025-06-26,"Moara Vlasiei Cricket Ground, Ilfov County",Neutral,1,1,0,0,0,6,2025,2025-06
Belgium,T20I,Belgium v Malta,Malta,Won,65 runs,2025-06-26,"Moara Vlasiei Cricket Ground, Ilfov County",Neutral,1,1,0,0,0,6,2025,2025-06
Malta,T20I,Belgium v Malta,Belgium,Lost,65 runs,2025-06-26,"Moara Vlasiei Cricket Ground, Ilfov County",Neutral,1,0,1,0,0,6,2025,2025-06
Austria,T20I,Austria v Hungary,Hungary,Won,8 wickets,2025-06-27,"Moara Vlasiei Cricket Ground, Ilfov County",Neutral,1,1,0,0,0,6,2025,2025-06
Hungary,T20I,Austria v Hungary,Austria,Lost,8 wickets,2025-06-27,"Moara Vlasiei Cricket Ground, Ilfov County",Neutral,1,0,1,0,0,6,2025,2025-06
Belgium,T20I,Belgium v France,France,Won,16 runs,2025-06-27,"Moara Vlasiei Cricket Ground, Ilfov County",Neutral,1,1,0,0,0,6,2025,2025-06
France,T20I,Belgium v France,Belgium,Lost,16 runs,2025-06-27,"Moara Vlasiei Cricket Ground, Ilfov County",Neutral,1,0,1,0,0,6,2025,2025-06
Hungary,T20I,Hungary v Romania,Romania,Lost,7 wickets,2025-06-27,"Moara Vlasiei Cricket Ground, Ilfov County",Neutral,1,0,1,0,0,6,2025,2025-06
Romania,T20I,Hungary v Romania,Hungary,Won,7 wickets,2025-06-27,"Moara Vlasiei Cricket Ground, Ilfov County",Neutral,1,1,0,0,0,6,2025,2025-06
Austria,T20I,Austria v Belgium,Belgium,Won,4 wickets,2025-06-28,"Moara Vlasiei Cricket Ground, Ilfov County",Neutral,1,1,0,0,0,6,2025,2025-06
Belgium,T20I,Austria v Belgium,Austria,Lost,4 wickets,2025-06-28,"Moara Vlasiei Cricket Ground, Ilfov County",Neutral,1,0,1,0,0,6,2025,2025-06
Malta,T20I,Malta v Romania,Romania,Won,13 runs,2025-06-28,"Moara Vlasiei Cricket Ground, Ilfov County",Neutral,1,1,0,0,0,6,2025,2025-06
Romania,T20I,Malta v Romania,Malta,Lost,13 runs,2025-06-28,"Moara Vlasiei Cricket Ground, Ilfov County",Neutral,1,0,1,0,0,6,2025,2025-06
France,T20I,France v Hungary,Hungary,Lost,52 runs,2025-06-29,"Moara Vlasiei Cricket Ground, Ilfov County",Neutral,1,0,1,0,0,6,2025,2025-06
Hungary,T20I,France v Hungary,France,Won,52 runs,2025-06-29,"Moara Vlasiei Cricket Ground, Ilfov County",Neutral,1,1,0,0,0,6,2025,2025-06
Jersey,T20I,Jersey v Netherlands,Netherlands,Lost,7 wickets,2025-07-05,"Sportpark Westvliet, Voorburg",Neutral,1,0,1,0,0,7,2025,2025-07
Netherlands,T20I,Jersey v Netherlands,Jersey,Won,7 wickets,2025-07-05,"Sportpark Westvliet, Voorburg",Neutral,1,1,0,0,0,7,2025,2025-07
Guernsey,T20I,Guernsey v Italy,Italy,Lost,7 wickets,2025-07-05,"Sportpark Westvliet, Voorburg",Neutral,1,0,1,0,0,7,2025,2025-07
Italy,T20I,Guernsey v Italy,Guernsey,Won,7 wickets,2025-07-05,"Sportpark Westvliet, Voorburg",Neutral,1,1,0,0,0,7,2025,2025-07
Germany,T20I,Germany v Malawi,Malawi,Won,5 wickets,2025-07-05,"TCA Oval, Blantyre",Neutral,1,1,0,0,0,7,2025,2025-07
Malawi,T20I,Germany v Malawi,Germany,Lost,5 wickets,2025-07-05,"TCA Oval, Blantyre",Neutral,1,0,1,0,0,7,2025,2025-07
Indonesia,T20I,Indonesia v Philippines,Philippines,Lost,53 runs,2025-07-06,Udayana Cricket Ground,Neutral,1,0,1,0,0,7,2025,2025-07
Philippines,T20I,Indonesia v Philippines,Indonesia,Won,53 runs,2025-07-06,Udayana Cricket Ground,Neutral,1,1,0,0,0,7,2025,2025-07
Bahrain,T20I,Bahrain v Germany,Germany,Won,46 runs,2025-07-06,"TCA Oval, Blantyre",Neutral,1,1,0,0,0,7,2025,2025-07
Germany,T20I,Bahrain v Germany,Bahrain,Lost,46 runs,2025-07-06,"TCA Oval, Blantyre",Neutral,1,0,1,0,0,7,2025,2025-07
Philippines,T20I,Philippines v South Korea,South Korea,Won,7 wickets,2025-07-07,Udayana Cricket Ground,Neutral,1,1,0,0,0,7,2025,2025-07
South Korea,T20I,Philippines v South Korea,Philippines,Lost,7 wickets,2025-07-07,Udayana Cricket Ground,Neutral,1,0,1,0,0,7,2025,2025-07
Indonesia,T20I,Indonesia v Philippines,Philippines,Won,45 runs,2025-07-07,Udayana Cricket Ground,Neutral,1,1,0,0,0,7,2025,2025-07
Philippines,T20I,Indonesia v Philippines,Indonesia,Lost,45 runs,2025-07-07,Udayana Cricket Ground,Neutral,1,0,1,0,0,7,2025,2025-07
Germany,T20I,Germany v Tanzania,Tanzania,Won,4 wickets,2025-07-07,"TCA Oval, Blantyre",Neutral,1,1,0,0,0,7,2025,2025-07
Tanzania,T20I,Germany v Tanzania,Germany,Lost,4 wickets,2025-07-07,"TCA Oval, Blantyre",Neutral,1,0,1,0,0,7,2025,2025-07
Bahrain,T20I,Bahrain v Malawi,Malawi,Won,7 wickets,2025-07-07,"TCA Oval, Blantyre",Neutral,1,1,0,0,0,7,2025,2025-07
Malawi,T20I,Bahrain v Malawi,Bahrain,Lost,7 wickets,2025-07-07,"TCA Oval, Blantyre",Neutral,1,0,1,0,0,7,2025,2025-07
Guernsey,T20I,Guernsey v Jersey,Jersey,Lost,22 runs,2025-07-08,"Sportpark Westvliet, Voorburg",Neutral,1,0,1,0,0,7,2025,2025-07
Jersey,T20I,Guernsey v Jersey,Guernsey,Won,22 runs,2025-07-08,"Sportpark Westvliet, Voorburg",Neutral,1,1,0,0,0,7,2025,2025-07
Netherlands,T20I,Netherlands v Scotland,Scotland,Lost,6 runs,2025-07-08,"Sportpark Westvliet, Voorburg",Neutral,1,0,1,0,0,7,2025,2025-07
Scotland,T20I,Netherlands v Scotland,Netherlands,Won,6 runs,2025-07-08,"Sportpark Westvliet, Voorburg",Neutral,1,1,0,0,0,7,2025,2025-07
Indonesia,T20I,Indonesia v South Korea,South Korea,Won,52 runs,2025-07-08,Udayana Cricket Ground,Neutral,1,1,0,0,0,7,2025,2025-07
South Korea,T20I,Indonesia v South Korea,Indonesia,Lost,52 runs,2025-07-08,Udayana Cricket Ground,Neutral,1,0,1,0,0,7,2025,2025-07
Bahrain,T20I,Bahrain v Tanzania,Tanzania,Lost,6 wickets,2025-07-08,"TCA Oval, Blantyre",Neutral,1,0,1,0,0,7,2025,2025-07
Tanzania,T20I,Bahrain v Tanzania,Bahrain,Won,6 wickets,2025-07-08,"TCA Oval, Blantyre",Neutral,1,1,0,0,0,7,2025,2025-07
Italy,T20I,Italy v Scotland,Scotland,Won,12 runs,2025-07-09,"Sportpark Westvliet, Voorburg",Neutral,1,1,0,0,0,7,2025,2025-07
Scotland,T20I,Italy v Scotland,Italy,Lost,12 runs,2025-07-09,"Sportpark Westvliet, Voorburg",Neutral,1,0,1,0,0,7,2025,2025-07
Guernsey,T20I,Guernsey v Netherlands,Netherlands,Lost,73 runs,2025-07-09,"Sportpark Westvliet, Voorburg",Neutral,1,0,1,0,0,7,2025,2025-07
Netherlands,T20I,Guernsey v Netherlands,Guernsey,Won,73 runs,2025-07-09,"Sportpark Westvliet, Voorburg",Neutral,1,1,0,0,0,7,2025,2025-07
Philippines,T20I,Philippines v South Korea,South Korea,Lost,39 runs,2025-07-09,Udayana Cricket Ground,Neutral,1,0,1,0,0,7,2025,2025-07
South Korea,T20I,Philippines v South Korea,Philippines,Won,39 runs,2025-07-09,Udayana Cricket Ground,Neutral,1,1,0,0,0,7,2025,2025-07
Indonesia,T20I,Indonesia v South Korea,South Korea,Won,10 wickets,2025-07-09,Udayana Cricket Ground,Neutral,1,1,0,0,0,7,2025,2025-07
South Korea,T20I,Indonesia v South Korea,Indonesia,Lost,10 wickets,2025-07-09,Udayana Cricket Ground,Neutral,1,0,1,0,0,7,2025,2025-07
Bangladesh,T20I,Bangladesh v Sri Lanka,Sri Lanka,Lost,7 wickets,2025-07-10,Pallekele International Cricket Stadium,Neutral,1,0,1,0,0,7,2025,2025-07
Sri Lanka,T20I,Bangladesh v Sri Lanka,Bangladesh,Won,7 wickets,2025-07-10,Pallekele International Cricket Stadium,Neutral,1,1,0,0,0,7,2025,2025-07
Indonesia,T20I,Indonesia v Philippines,Philippines,Lost,9 wickets,2025-07-10,Udayana Cricket Ground,Neutral,1,0,1,0,0,7,2025,2025-07
Philippines,T20I,Indonesia v Philippines,Indonesia,Won,9 wickets,2025-07-10,Udayana Cricket Ground,Neutral,1,1,0,0,0,7,2025,2025-07
Philippines,T20I,Philippines v South Korea,South Korea,Won,112 runs,2025-07-10,Udayana Cricket Ground,Neutral,1,1,0,0,0,7,2025,2025-07
South Korea,T20I,Philippines v South Korea,Philippines,Lost,112 runs,2025-07-10,Udayana Cricket Ground,Neutral,1,0,1,0,0,7,2025,2025-07
Bulgaria,T20I,Bulgaria v Gibraltar,Gibraltar,Lost,8 wickets,2025-07-10,"Vassil Levski National Sports Academy, Sofia",Neutral,1,0,1,0,0,7,2025,2025-07
Gibraltar,T20I,Bulgaria v Gibraltar,Bulgaria,Won,8 wickets,2025-07-10,"Vassil Levski National Sports Academy, Sofia",Neutral,1,1,0,0,0,7,2025,2025-07
Bulgaria,T20I,Bulgaria v Turkey,Turkey,Won,8 wickets,2025-07-10,"Vassil Levski National Sports Academy, Sofia",Neutral,1,1,0,0,0,7,2025,2025-07
Turkey,T20I,Bulgaria v Turkey,Bulgaria,Lost,8 wickets,2025-07-10,"Vassil Levski National Sports Academy, Sofia",Neutral,1,0,1,0,0,7,2025,2025-07
Bahrain,T20I,Bahrain v Tanzania,Tanzania,Won,6 wickets,2025-07-10,"TCA Oval, Blantyre",Neutral,1,1,0,0,0,7,2025,2025-07
Tanzania,T20I,Bahrain v Tanzania,Bahrain,Lost,6 wickets,2025-07-10,"TCA Oval, Blantyre",Neutral,1,0,1,0,0,7,2025,2025-07
Germany,T20I,Germany v Malawi,Malawi,Lost,8 runs,2025-07-10,"TCA Oval, Blantyre",Neutral,1,0,1,0,0,7,2025,2025-07
Malawi,T20I,Germany v Malawi,Germany,Won,8 runs,2025-07-10,"TCA Oval, Blantyre",Neutral,1,1,0,0,0,7,2025,2025-07
Jersey,T20I,Jersey v Scotland,Scotland,Won,1 wickets,2025-07-11,"Sportpark Westvliet, Voorburg",Neutral,1,1,0,0,0,7,2025,2025-07
Scotland,T20I,Jersey v Scotland,Jersey,Lost,1 wickets,2025-07-11,"Sportpark Westvliet, Voorburg",Neutral,1,0,1,0,0,7,2025,2025-07
Italy,T20I,Italy v Netherlands,Netherlands,Lost,9 wickets,2025-07-11,"Sportpark Westvliet, Voorburg",Neutral,1,0,1,0,0,7,2025,2025-07
Netherlands,T20I,Italy v Netherlands,Italy,Won,9 wickets,2025-07-11,"Sportpark Westvliet, Voorburg",Neutral,1,1,0,0,0,7,2025,2025-07
Gibraltar,T20I,Gibraltar v Turkey,Turkey,Won,7 wickets,2025-07-11,"Vassil Levski National Sports Academy, Sofia",Neutral,1,1,0,0,0,7,2025,2025-07
Turkey,T20I,Gibraltar v Turkey,Gibraltar,Lost,7 wickets,2025-07-11,"Vassil Levski National Sports Academy, Sofia",Neutral,1,0,1,0,0,7,2025,2025-07
Bulgaria,T20I,Bulgaria v Gibraltar,Gibraltar,Won,6 wickets,2025-07-11,"Vassil Levski National Sports Academy, Sofia",Neutral,1,1,0,0,0,7,2025,2025-07
Gibraltar,T20I,Bulgaria v Gibraltar,Bulgaria,Lost,6 wickets,2025-07-11,"Vassil Levski National Sports Academy, Sofia",Neutral,1,0,1,0,0,7,2025,2025-07
Indonesia,T20I,Indonesia v South Korea,South Korea,Lost,3 wickets,2025-07-12,Udayana Cricket Ground,Neutral,1,0,1,0,0,7,2025,2025-07
South Korea,T20I,Indonesia v South Korea,Indonesia,Won,3 wickets,2025-07-12,Udayana Cricket Ground,Neutral,1,1,0,0,0,7,2025,2025-07
Philippines,T20I,Philippines v South Korea,South Korea,Won,85 runs,2025-07-12,Udayana Cricket Ground,Neutral,1,1,0,0,0,7,2025,2025-07
South Korea,T20I,Philippines v South Korea,Philippines,Lost,85 runs,2025-07-12,Udayana Cricket Ground,Neutral,1,0,1,0,0,7,2025,2025-07
Bulgaria,T20I,Bulgaria v Turkey,Turkey,Lost,59 runs,2025-07-12,"Vassil Levski National Sports Academy, Sofia",Neutral,1,0,1,0,0,7,2025,2025-07
Turkey,T20I,Bulgaria v Turkey,Bulgaria,Won,59 runs,2025-07-12,"Vassil Levski National Sports Academy, Sofia",Neutral,1,1,0,0,0,7,2025,2025-07
Gibraltar,T20I,Gibraltar v Turkey,Turkey,Won,5 wickets,2025-07-12,"Vassil Levski National Sports Academy, Sofia",Neutral,1,1,0,0,0,7,2025,2025-07
Turkey,T20I,Gibraltar v Turkey,Gibraltar,Lost,5 wickets,2025-07-12,"Vassil Levski National Sports Academy, Sofia",Neutral,1,0,1,0,0,7,2025,2025-07
Bahrain,T20I,Bahrain v Malawi,Malawi,Won,10 wickets,2025-07-12,"TCA Oval, Blantyre",Neutral,1,1,0,0,0,7,2025,2025-07
Malawi,T20I,Bahrain v Malawi,Bahrain,Lost,10 wickets,2025-07-12,"TCA Oval, Blantyre",Neutral,1,0,1,0,0,7,2025,2025-07
Germany,T20I,Germany v Tanzania,Tanzania,Lost,5 wickets,2025-07-12,"TCA Oval, Blantyre",Neutral,1,0,1,0,0,7,2025,2025-07
Tanzania,T20I,Germany v Tanzania,Germany,Won,5 wickets,2025-07-12,"TCA Oval, Blantyre",Neutral,1,1,0,0,0,7,2025,2025-07
Bangladesh,T20I,Bangladesh v Sri Lanka,Sri Lanka,Won,83 runs,2025-07-13,Rangiri Dambulla International Stadium,Neutral,1,1,0,0,0,7,2025,2025-07
Sri Lanka,T20I,Bangladesh v Sri Lanka,Bangladesh,Lost,83 runs,2025-07-13,Rangiri Dambulla International Stadium,Neutral,1,0,1,0,0,7,2025,2025-07
Indonesia,T20I,Indonesia v Philippines,Philippines,Lost,6 wickets,2025-07-13,Udayana Cricket Ground,Neutral,1,0,1,0,0,7,2025,2025-07
Philippines,T20I,Indonesia v Philippines,Indonesia,Won,6 wickets,2025-07-13,Udayana Cricket Ground,Neutral,1,1,0,0,0,7,2025,2025-07
Indonesia,T20I,Indonesia v South Korea,South Korea,Won,7 wickets,2025-07-13,Udayana Cricket Ground,Neutral,1,1,0,0,0,7,2025,2025-07
South Korea,T20I,Indonesia v South Korea,Indonesia,Lost,7 wickets,2025-07-13,Udayana Cricket Ground,Neutral,1,0,1,0,0,7,2025,2025-07
Bulgaria,T20I,Bulgaria v Gibraltar,Gibraltar,Won,8 wickets,2025-07-13,"Vassil Levski National Sports Academy, Sofia",Neutral,1,1,0,0,0,7,2025,2025-07
Gibraltar,T20I,Bulgaria v Gibraltar,Bulgaria,Lost,8 wickets,2025-07-13,"Vassil Levski National Sports Academy, Sofia",Neutral,1,0,1,0,0,7,2025,2025-07
Germany,T20I,Germany v Malawi,Malawi,Won,37 runs,2025-07-13,"TCA Oval, Blantyre",Neutral,1,1,0,0,0,7,2025,2025-07
Malawi,T20I,Germany v Malawi,Germany,Lost,37 runs,2025-07-13,"TCA Oval, Blantyre",Neutral,1,0,1,0,0,7,2025,2025-07
Bahrain,T20I,Bahrain v Tanzania,Tanzania,Lost,10 wickets,2025-07-13,"TCA Oval, Blantyre",Neutral,1,0,1,0,0,7,2025,2025-07
Tanzania,T20I,Bahrain v Tanzania,Bahrain,Won,10 wickets,2025-07-13,"TCA Oval, Blantyre",Neutral,1,1,0,0,0,7,2025,2025-07
South Africa,T20I,South Africa v Zimbabwe,Zimbabwe,Won,5 wickets,2025-07-14,Harare Sports Club,Neutral,1,1,0,0,0,7,2025,2025-07
Zimbabwe,T20I,South Africa v Zimbabwe,South Africa,Lost,5 wickets,2025-07-14,Harare Sports Club,Neutral,1,0,1,0,0,7,2025,2025-07
New Zealand,T20I,New Zealand v South Africa,South Africa,Won,21 runs,2025-07-16,Harare Sports Club,Neutral,1,1,0,0,0,7,2025,2025-07
South Africa,T20I,New Zealand v South Africa,New Zealand,Lost,21 runs,2025-07-16,Harare Sports Club,Neutral,1,0,1,0,0,7,2025,2025-07
Bangladesh,T20I,Bangladesh v Sri Lanka,Sri Lanka,Won,8 wickets,2025-07-16,"R Premadasa Stadium, Colombo",Neutral,1,1,0,0,0,7,2025,2025-07
Sri Lanka,T20I,Bangladesh v Sri Lanka,Bangladesh,Lost,8 wickets,2025-07-16,"R Premadasa Stadium, Colombo",Neutral,1,0,1,0,0,7,2025,2025-07
Kenya,T20I,Kenya v Nigeria,Nigeria,Won,20 runs,2025-07-17,Entebbe Cricket Oval,Neutral,1,1,0,0,0,7,2025,2025-07
Nigeria,T20I,Kenya v Nigeria,Kenya,Lost,20 runs,2025-07-17,Entebbe Cricket Oval,Neutral,1,0,1,0,0,7,2025,2025-07
New Zealand,T20I,New Zealand v Zimbabwe,Zimbabwe,Won,8 wickets,2025-07-18,Harare Sports Club,Neutral,1,1,0,0,0,7,2025,2025-07
Zimbabwe,T20I,New Zealand v Zimbabwe,New Zealand,Lost,8 wickets,2025-07-18,Harare Sports Club,Neutral,1,0,1,0,0,7,2025,2025-07
Hong Kong,T20I,Hong Kong v Malaysia,Malaysia,Lost,5 wickets,2025-07-18,Singapore National Cricket Ground,Neutral,1,0,1,0,0,7,2025,2025-07
Malaysia,T20I,Hong Kong v Malaysia,Hong Kong,Won,5 wickets,2025-07-18,Singapore National Cricket Ground,Neutral,1,1,0,0,0,7,2025,2025-07
Samoa,T20I,Samoa v Singapore,Singapore,Lost,52 runs,2025-07-18,Singapore National Cricket Ground,Neutral,1,0,1,0,0,7,2025,2025-07
Singapore,T20I,Samoa v Singapore,Samoa,Won,52 runs,2025-07-18,Singapore National Cricket Ground,Neutral,1,1,0,0,0,7,2025,2025-07
Nigeria,T20I,Nigeria v Uganda,Uganda,Lost,77 runs,2025-07-18,Entebbe Cricket Oval,Neutral,1,0,1,0,0,7,2025,2025-07
Uganda,T20I,Nigeria v Uganda,Nigeria,Won,77 runs,2025-07-18,Entebbe Cricket Oval,Neutral,1,1,0,0,0,7,2025,2025-07
Bahrain,T20I,Bahrain v Rwanda,Rwanda,Won,8 wickets,2025-07-18,"Gahanga International Cricket Stadium, Rwanda",Neutral,1,1,0,0,0,7,2025,2025-07
Rwanda,T20I,Bahrain v Rwanda,Bahrain,Lost,8 wickets,2025-07-18,"Gahanga International Cricket Stadium, Rwanda",Neutral,1,0,1,0,0,7,2025,2025-07
Malaysia,T20I,Malaysia v Singapore,Singapore,Won,6 wickets,2025-07-19,Singapore National Cricket Ground,Neutral,1,1,0,0,0,7,2025,2025-07
Singapore,T20I,Malaysia v Singapore,Malaysia,Lost,6 wickets,2025-07-19,Singapore National Cricket Ground,Neutral,1,0,1,0,0,7,2025,2025-07
Hong Kong,T20I,Hong Kong v Samoa,Samoa,Won,54 runs,2025-07-19,Singapore National Cricket Ground,Neutral,1,1,0,0,0,7,2025,2025-07
Samoa,T20I,Hong Kong v Samoa,Hong Kong,Lost,54 runs,2025-07-19,Singapore National Cricket Ground,Neutral,1,0,1,0,0,7,2025,2025-07
Uganda,T20I,Uganda v United Arab Emirates,United Arab Emirates,Won,6 runs,2025-07-19,Entebbe Cricket Oval,Neutral,1,1,0,0,0,7,2025,2025-07
United Arab Emirates,T20I,Uganda v United Arab Emirates,Uganda,Lost,6 runs,2025-07-19,Entebbe Cricket Oval,Neutral,1,0,1,0,0,7,2025,2025-07
Qatar,T20I,Qatar v Saudi Arabia,Saudi Arabia,Lost,4 wickets,2025-07-19,"West End Park International Cricket Stadium, Doha",Neutral,1,0,1,0,0,7,2025,2025-07
Saudi Arabia,T20I,Qatar v Saudi Arabia,Qatar,Won,4 wickets,2025-07-19,"West End Park International Cricket Stadium, Doha",Neutral,1,1,0,0,0,7,2025,2025-07
Bahrain,T20I,Bahrain v Malawi,Malawi,Won,9 wickets,2025-07-19,"Gahanga International Cricket Stadium, Rwanda",Neutral,1,1,0,0,0,7,2025,2025-07
Malawi,T20I,Bahrain v Malawi,Bahrain,Lost,9 wickets,2025-07-19,"Gahanga International Cricket Stadium, Rwanda",Neutral,1,0,1,0,0,7,2025,2025-07
Malawi,T20I,Malawi v Rwanda,Rwanda,Lost,6 wickets,2025-07-19,"Gahanga International Cricket Stadium, Rwanda",Neutral,1,0,1,0,0,7,2025,2025-07
Rwanda,T20I,Malawi v Rwanda,Malawi,Won,6 wickets,2025-07-19,"Gahanga International Cricket Stadium, Rwanda",Neutral,1,1,0,0,0,7,2025,2025-07
Australia,T20I,Australia v West Indies,West Indies,Won,3 wickets,2025-07-20,"Sabina Park, Kingston, Jamaica",Neutral,1,1,0,0,0,7,2025,2025-07
West Indies,T20I,Australia v West Indies,Australia,Lost,3 wickets,2025-07-20,"Sabina Park, Kingston, Jamaica",Neutral,1,0,1,0,0,7,2025,2025-07
South Africa,T20I,South Africa v Zimbabwe,Zimbabwe,Won,7 wickets,2025-07-20,Harare Sports Club,Neutral,1,1,0,0,0,7,2025,2025-07
Zimbabwe,T20I,South Africa v Zimbabwe,South Africa,Lost,7 wickets,2025-07-20,Harare Sports Club,Neutral,1,0,1,0,0,7,2025,2025-07
Bangladesh,T20I,Bangladesh v Pakistan,Pakistan,Won,7 wickets,2025-07-20,"Shere Bangla National Stadium, Mirpur",Neutral,1,1,0,0,0,7,2025,2025-07
Pakistan,T20I,Bangladesh v Pakistan,Bangladesh,Lost,7 wickets,2025-07-20,"Shere Bangla National Stadium, Mirpur",Neutral,1,0,1,0,0,7,2025,2025-07
Hong Kong,T20I,Hong Kong v Singapore,Singapore,Won,52 runs,2025-07-20,Singapore National Cricket Ground,Neutral,1,1,0,0,0,7,2025,2025-07
Singapore,T20I,Hong Kong v Singapore,Hong Kong,Lost,52 runs,2025-07-20,Singapore National Cricket Ground,Neutral,1,0,1,0,0,7,2025,2025-07
Malaysia,T20I,Malaysia v Samoa,Samoa,Won,6 wickets,2025-07-20,Singapore National Cricket Ground,Neutral,1,1,0,0,0,7,2025,2025-07
Samoa,T20I,Malaysia v Samoa,Malaysia,Lost,6 wickets,2025-07-20,Singapore National Cricket Ground,Neutral,1,0,1,0,0,7,2025,2025-07
Bahrain,T20I,Bahrain v Malawi,Malawi,Won,9 wickets,2025-07-20,"Gahanga International Cricket Stadium, Rwanda",Neutral,1,1,0,0,0,7,2025,2025-07
Malawi,T20I,Bahrain v Malawi,Bahrain,Lost,9 wickets,2025-07-20,"Gahanga International Cricket Stadium, Rwanda",Neutral,1,0,1,0,0,7,2025,2025-07
Bahrain,T20I,Bahrain v Rwanda,Rwanda,Won,7 wickets,2025-07-20,"Gahanga International Cricket Stadium, Rwanda",Neutral,1,1,0,0,0,7,2025,2025-07
Rwanda,T20I,Bahrain v Rwanda,Bahrain,Lost,7 wickets,2025-07-20,"Gahanga International Cricket Stadium, Rwanda",Neutral,1,0,1,0,0,7,2025,2025-07
Kenya,T20I,Kenya v Uganda,Uganda,Lost,28 runs,2025-07-21,Entebbe Cricket Oval,Neutral,1,0,1,0,0,7,2025,2025-07
Uganda,T20I,Kenya v Uganda,Kenya,Won,28 runs,2025-07-21,Entebbe Cricket Oval,Neutral,1,1,0,0,0,7,2025,2025-07
Nigeria,T20I,Nigeria v United Arab Emirates,United Arab Emirates,Lost,7 wickets,2025-07-21,Entebbe Cricket Oval,Neutral,1,0,1,0,0,7,2025,2025-07
United Arab Emirates,T20I,Nigeria v United Arab Emirates,Nigeria,Won,7 wickets,2025-07-21,Entebbe Cricket Oval,Neutral,1,1,0,0,0,7,2025,2025-07
Qatar,T20I,Qatar v Saudi Arabia,Saudi Arabia,Won,4 wickets,2025-07-21,"West End Park International Cricket Stadium, Doha",Neutral,1,1,0,0,0,7,2025,2025-07
Saudi Arabia,T20I,Qatar v Saudi Arabia,Qatar,Lost,4 wickets,2025-07-21,"West End Park International Cricket Stadium, Doha",Neutral,1,0,1,0,0,7,2025,2025-07
Australia,T20I,Australia v West Indies,West Indies,Won,8 wickets,2025-07-22,"Sabina Park, Kingston, Jamaica",Neutral,1,1,0,0,0,7,2025,2025-07
West Indies,T20I,Australia v West Indies,Australia,Lost,8 wickets,2025-07-22,"Sabina Park, Kingston, Jamaica",Neutral,1,0,1,0,0,7,2025,2025-07
New Zealand,T20I,New Zealand v South Africa,South Africa,Won,7 wickets,2025-07-22,Harare Sports Club,Neutral,1,1,0,0,0,7,2025,2025-07
South Africa,T20I,New Zealand v South Africa,New Zealand,Lost,7 wickets,2025-07-22,Harare Sports Club,Neutral,1,0,1,0,0,7,2025,2025-07
Bangladesh,T20I,Bangladesh v Pakistan,Pakistan,Won,8 runs,2025-07-22,"Shere Bangla National Stadium, Mirpur",Neutral,1,1,0,0,0,7,2025,2025-07
Pakistan,T20I,Bangladesh v Pakistan,Bangladesh,Lost,8 runs,2025-07-22,"Shere Bangla National Stadium, Mirpur",Neutral,1,0,1,0,0,7,2025,2025-07
Hong Kong,T20I,Hong Kong v Malaysia,Malaysia,Lost,7 wickets,2025-07-22,Singapore National Cricket Ground,Neutral,1,0,1,0,0,7,2025,2025-07
Malaysia,T20I,Hong Kong v Malaysia,Hong Kong,Won,7 wickets,2025-07-22,Singapore National Cricket Ground,Neutral,1,1,0,0,0,7,2025,2025-07
Samoa,T20I,Samoa v Singapore,Singapore,Lost,3 wickets,2025-07-22,Singapore National Cricket Ground,Neutral,1,0,1,0,0,7,2025,2025-07
Singapore,T20I,Samoa v Singapore,Samoa,Won,3 wickets,2025-07-22,Singapore National Cricket Ground,Neutral,1,1,0,0,0,7,2025,2025-07
Nigeria,T20I,Nigeria v Uganda,Uganda,Lost,38 runs,2025-07-22,Entebbe Cricket Oval,Neutral,1,0,1,0,0,7,2025,2025-07
Uganda,T20I,Nigeria v Uganda,Nigeria,Won,38 runs,2025-07-22,Entebbe Cricket Oval,Neutral,1,1,0,0,0,7,2025,2025-07
Qatar,T20I,Qatar v Saudi Arabia,Saudi Arabia,Won,32 runs,2025-07-22,"West End Park International Cricket Stadium, Doha",Neutral,1,1,0,0,0,7,2025,2025-07
Saudi Arabia,T20I,Qatar v Saudi Arabia,Qatar,Lost,32 runs,2025-07-22,"West End Park International Cricket Stadium, Doha",Neutral,1,0,1,0,0,7,2025,2025-07
Malawi,T20I,Malawi v Rwanda,Rwanda,Lost,4 wickets,2025-07-22,"Gahanga International Cricket Stadium, Rwanda",Neutral,1,0,1,0,0,7,2025,2025-07
Rwanda,T20I,Malawi v Rwanda,Malawi,Won,4 wickets,2025-07-22,"Gahanga International Cricket Stadium, Rwanda",Neutral,1,1,0,0,0,7,2025,2025-07
Bahrain,T20I,Bahrain v Rwanda,Rwanda,Won,112 runs,2025-07-22,"Gahanga International Cricket Stadium, Rwanda",Neutral,1,1,0,0,0,7,2025,2025-07
Rwanda,T20I,Bahrain v Rwanda,Bahrain,Lost,112 runs,2025-07-22,"Gahanga International Cricket Stadium, Rwanda",Neutral,1,0,1,0,0,7,2025,2025-07
Hong Kong,T20I,Hong Kong v Samoa,Samoa,Won,3 wickets,2025-07-23,Singapore National Cricket Ground,Neutral,1,1,0,0,0,7,2025,2025-07
Samoa,T20I,Hong Kong v Samoa,Hong Kong,Lost,3 wickets,2025-07-23,Singapore National Cricket Ground,Neutral,1,0,1,0,0,7,2025,2025-07
Malaysia,T20I,Malaysia v Singapore,Singapore,Won,65 runs,2025-07-23,Singapore National Cricket Ground,Neutral,1,1,0,0,0,7,2025,2025-07
Singapore,T20I,Malaysia v Singapore,Malaysia,Lost,65 runs,2025-07-23,Singapore National Cricket Ground,Neutral,1,0,1,0,0,7,2025,2025-07
Kenya,T20I,Kenya v United Arab Emirates,United Arab Emirates,Lost,7 wickets,2025-07-23,Entebbe Cricket Oval,Neutral,1,0,1,0,0,7,2025,2025-07
United Arab Emirates,T20I,Kenya v United Arab Emirates,Kenya,Won,7 wickets,2025-07-23,Entebbe Cricket Oval,Neutral,1,1,0,0,0,7,2025,2025-07
Qatar,T20I,Qatar v Saudi Arabia,Saudi Arabia,Tied,Tie,2025-07-23,"West End Park International Cricket Stadium, Doha",Neutral,1,0,0,1,0,7,2025,2025-07
Saudi Arabia,T20I,Qatar v Saudi Arabia,Qatar,Tied,Tie,2025-07-23,"West End Park International Cricket Stadium, Doha",Neutral,1,0,0,1,0,7,2025,2025-07
Malawi,T20I,Malawi v Rwanda,Rwanda,Won,6 wickets,2025-07-23,"Gahanga International Cricket Stadium, Rwanda",Neutral,1,1,0,0,0,7,2025,2025-07
Rwanda,T20I,Malawi v Rwanda,Malawi,Lost,6 wickets,2025-07-23,"Gahanga International Cricket Stadium, Rwanda",Neutral,1,0,1,0,0,7,2025,2025-07
Bahrain,T20I,Bahrain v Malawi,Malawi,Won,45 runs,2025-07-23,"Gahanga International Cricket Stadium, Rwanda",Neutral,1,1,0,0,0,7,2025,2025-07
Malawi,T20I,Bahrain v Malawi,Bahrain,Lost,45 runs,2025-07-23,"Gahanga International Cricket Stadium, Rwanda",Neutral,1,0,1,0,0,7,2025,2025-07
New Zealand,T20I,New Zealand v Zimbabwe,Zimbabwe,Won,60 runs,2025-07-24,Harare Sports Club,Neutral,1,1,0,0,0,7,2025,2025-07
Zimbabwe,T20I,New Zealand v Zimbabwe,New Zealand,Lost,60 runs,2025-07-24,Harare Sports Club,Neutral,1,0,1,0,0,7,2025,2025-07
Bangladesh,T20I,Bangladesh v Pakistan,Pakistan,Lost,74 runs,2025-07-24,"Shere Bangla National Stadium, Mirpur",Neutral,1,0,1,0,0,7,2025,2025-07
Pakistan,T20I,Bangladesh v Pakistan,Bangladesh,Won,74 runs,2025-07-24,"Shere Bangla National Stadium, Mirpur",Neutral,1,1,0,0,0,7,2025,2025-07
Malaysia,T20I,Malaysia v Samoa,Samoa,Won,6 wickets,2025-07-24,Singapore National Cricket Ground,Neutral,1,1,0,0,0,7,2025,2025-07
Samoa,T20I,Malaysia v Samoa,Malaysia,Lost,6 wickets,2025-07-24,Singapore National Cricket Ground,Neutral,1,0,1,0,0,7,2025,2025-07
Hong Kong,T20I,Hong Kong v Singapore,Singapore,Won,52 runs,2025-07-24,Singapore National Cricket Ground,Neutral,1,1,0,0,0,7,2025,2025-07
Singapore,T20I,Hong Kong v Singapore,Hong Kong,Lost,52 runs,2025-07-24,Singapore National Cricket Ground,Neutral,1,0,1,0,0,7,2025,2025-07
Australia,T20I,Australia v West Indies,West Indies,Won,6 wickets,2025-07-25,"Warner Park, Basseterre, St Kitts",Neutral,1,1,0,0,0,7,2025,2025-07
West Indies,T20I,Australia v West Indies,Australia,Lost,6 wickets,2025-07-25,"Warner Park, Basseterre, St Kitts",Neutral,1,0,1,0,0,7,2025,2025-07
Kenya,T20I,Kenya v Uganda,Uganda,Lost,6 wickets,2025-07-25,Entebbe Cricket Oval,Neutral,1,0,1,0,0,7,2025,2025-07
Uganda,T20I,Kenya v Uganda,Kenya,Won,6 wickets,2025-07-25,Entebbe Cricket Oval,Neutral,1,1,0,0,0,7,2025,2025-07
Bahrain,T20I,Bahrain v Rwanda,Rwanda,Won,114 runs,2025-07-25,"Gahanga International Cricket Stadium, Rwanda",Neutral,1,1,0,0,0,7,2025,2025-07
Rwanda,T20I,Bahrain v Rwanda,Bahrain,Lost,114 runs,2025-07-25,"Gahanga International Cricket Stadium, Rwanda",Neutral,1,0,1,0,0,7,2025,2025-07
Bahrain,T20I,Bahrain v Malawi,Malawi,Won,8 wickets,2025-07-25,"Gahanga International Cricket Stadium, Rwanda",Neutral,1,1,0,0,0,7,2025,2025-07
Malawi,T20I,Bahrain v Malawi,Bahrain,Lost,8 wickets,2025-07-25,"Gahanga International Cricket Stadium, Rwanda",Neutral,1,0,1,0,0,7,2025,2025-07
Austria,T20I,Austria v Romania,Romania,Won,7 wickets,2025-07-25,"GB Oval, Szodliget",Neutral,1,1,0,0,0,7,2025,2025-07
Romania,T20I,Austria v Romania,Austria,Lost,7 wickets,2025-07-25,"GB Oval, Szodliget",Neutral,1,0,1,0,0,7,2025,2025-07
Hungary,T20I,Hungary v Romania,Romania,Lost,10 wickets,2025-07-25,"GB Oval, Szodliget",Neutral,1,0,1,0,0,7,2025,2025-07
Romania,T20I,Hungary v Romania,Hungary,Won,10 wickets,2025-07-25,"GB Oval, Szodliget",Neutral,1,1,0,0,0,7,2025,2025-07
Hungary,T20I,Hungary v Luxembourg,Luxembourg,Won,70 runs,2025-07-25,"GB Oval, Szodliget",Neutral,1,1,0,0,0,7,2025,2025-07
Luxembourg,T20I,Hungary v Luxembourg,Hungary,Lost,70 runs,2025-07-25,"GB Oval, Szodliget",Neutral,1,0,1,0,0,7,2025,2025-07
Australia,T20I,Australia v West Indies,West Indies,Won,3 wickets,2025-07-26,"Warner Park, Basseterre, St Kitts",Neutral,1,1,0,0,0,7,2025,2025-07
West Indies,T20I,Australia v West Indies,Australia,Lost,3 wickets,2025-07-26,"Warner Park, Basseterre, St Kitts",Neutral,1,0,1,0,0,7,2025,2025-07
New Zealand,T20I,New Zealand v South Africa,South Africa,Won,3 runs,2025-07-26,Harare Sports Club,Neutral,1,1,0,0,0,7,2025,2025-07
South Africa,T20I,New Zealand v South Africa,New Zealand,Lost,3 runs,2025-07-26,Harare Sports Club,Neutral,1,0,1,0,0,7,2025,2025-07
Hong Kong,T20I,Hong Kong v Malaysia,Malaysia,Lost,10 wickets,2025-07-26,Singapore National Cricket Ground,Neutral,1,0,1,0,0,7,2025,2025-07
Malaysia,T20I,Hong Kong v Malaysia,Hong Kong,Won,10 wickets,2025-07-26,Singapore National Cricket Ground,Neutral,1,1,0,0,0,7,2025,2025-07
Nigeria,T20I,Nigeria v United Arab Emirates,United Arab Emirates,Lost,53 runs,2025-07-26,Entebbe Cricket Oval,Neutral,1,0,1,0,0,7,2025,2025-07
United Arab Emirates,T20I,Nigeria v United Arab Emirates,Nigeria,Won,53 runs,2025-07-26,Entebbe Cricket Oval,Neutral,1,1,0,0,0,7,2025,2025-07
Estonia,T20I,Estonia v Finland,Finland,Won,4 wickets,2025-07-26,Estonian National Cricket and Rugby Field,Neutral,1,1,0,0,0,7,2025,2025-07
Finland,T20I,Estonia v Finland,Estonia,Lost,4 wickets,2025-07-26,Estonian National Cricket and Rugby Field,Neutral,1,0,1,0,0,7,2025,2025-07
Malawi,T20I,Malawi v Rwanda,Rwanda,Won,9 wickets,2025-07-26,"Gahanga International Cricket Stadium, Rwanda",Neutral,1,1,0,0,0,7,2025,2025-07
Rwanda,T20I,Malawi v Rwanda,Malawi,Lost,9 wickets,2025-07-26,"Gahanga International Cricket Stadium, Rwanda",Neutral,1,0,1,0,0,7,2025,2025-07
Luxembourg,T20I,Luxembourg v Romania,Romania,Lost,46 runs,2025-07-26,"GB Oval, Szodliget",Neutral,1,0,1,0,0,7,2025,2025-07
Romania,T20I,Luxembourg v Romania,Luxembourg,Won,46 runs,2025-07-26,"GB Oval, Szodliget",Neutral,1,1,0,0,0,7,2025,2025-07
Austria,T20I,Austria v Hungary,Hungary,Won,4 wickets,2025-07-26,"GB Oval, Szodliget",Neutral,1,1,0,0,0,7,2025,2025-07
Hungary,T20I,Austria v Hungary,Austria,Lost,4 wickets,2025-07-26,"GB Oval, Szodliget",Neutral,1,0,1,0,0,7,2025,2025-07
Austria,T20I,Austria v Luxembourg,Luxembourg,Won,66 runs,2025-07-26,"GB Oval, Szodliget",Neutral,1,1,0,0,0,7,2025,2025-07
Luxembourg,T20I,Austria v Luxembourg,Austria,Lost,66 runs,2025-07-26,"GB Oval, Szodliget",Neutral,1,0,1,0,0,7,2025,2025-07
Uganda,T20I,Uganda v United Arab Emirates,United Arab Emirates,Won,8 runs,2025-07-27,Entebbe Cricket Oval,Neutral,1,1,0,0,0,7,2025,2025-07
United Arab Emirates,T20I,Uganda v United Arab Emirates,Uganda,Lost,8 runs,2025-07-27,Entebbe Cricket Oval,Neutral,1,0,1,0,0,7,2025,2025-07
Kenya,T20I,Kenya v Nigeria,Nigeria,Won,6 wickets,2025-07-27,Entebbe Cricket Oval,Neutral,1,1,0,0,0,7,2025,2025-07
Nigeria,T20I,Kenya v Nigeria,Kenya,Lost,6 wickets,2025-07-27,Entebbe Cricket Oval,Neutral,1,0,1,0,0,7,2025,2025-07
Estonia,T20I,Estonia v Finland,Finland,Lost,5 wickets,2025-07-27,Estonian National Cricket and Rugby Field,Neutral,1,0,1,0,0,7,2025,2025-07
Finland,T20I,Estonia v Finland,Estonia,Won,5 wickets,2025-07-27,Estonian National Cricket and Rugby Field,Neutral,1,1,0,0,0,7,2025,2025-07
Bahrain,T20I,Bahrain v Malawi,Malawi,Won,94 runs,2025-07-27,"Gahanga International Cricket Stadium, Rwanda",Neutral,1,1,0,0,0,7,2025,2025-07
Malawi,T20I,Bahrain v Malawi,Bahrain,Lost,94 runs,2025-07-27,"Gahanga International Cricket Stadium, Rwanda",Neutral,1,0,1,0,0,7,2025,2025-07
Hungary,T20I,Hungary v Luxembourg,Luxembourg,Won,37 runs,2025-07-27,"GB Oval, Szodliget",Neutral,1,1,0,0,0,7,2025,2025-07
Luxembourg,T20I,Hungary v Luxembourg,Hungary,Lost,37 runs,2025-07-27,"GB Oval, Szodliget",Neutral,1,0,1,0,0,7,2025,2025-07
Austria,T20I,Austria v Romania,Romania,No Result,No Result,2025-07-27,"GB Oval, Szodliget",Neutral,1,0,0,0,1,7,2025,2025-07
Romania,T20I,Austria v Romania,Austria,No Result,No Result,2025-07-27,"GB Oval, Szodliget",Neutral,1,0,0,0,1,7,2025,2025-07
Australia,T20I,Australia v West Indies,West Indies,Won,3 wickets,2025-07-28,"Warner Park, Basseterre, St Kitts",Neutral,1,1,0,0,0,7,2025,2025-07
West Indies,T20I,Australia v West Indies,Australia,Lost,3 wickets,2025-07-28,"Warner Park, Basseterre, St Kitts",Neutral,1,0,1,0,0,7,2025,2025-07
Pakistan,T20I,Pakistan v West Indies,West Indies,Won,14 runs,2025-07-31,"Central Broward Regional Park Stadium Turf Ground, Lauderhill",Neutral,1,1,0,0,0,7,2025,2025-07
West Indies,T20I,Pakistan v West Indies,Pakistan,Lost,14 runs,2025-07-31,"Central Broward Regional Park Stadium Turf Ground, Lauderhill",Neutral,1,0,1,0,0,7,2025,2025-07
Pakistan,T20I,Pakistan v West Indies,West Indies,Lost,2 wickets,2025-08-02,"Central Broward Regional Park Stadium Turf Ground, Lauderhill",Neutral,1,0,1,0,0,8,2025,2025-08
West Indies,T20I,Pakistan v West Indies,Pakistan,Won,2 wickets,2025-08-02,"Central Broward Regional Park Stadium Turf Ground, Lauderhill",Neutral,1,1,0,0,0,8,2025,2025-08
Estonia,T20I,Estonia v Switzerland,Switzerland,Lost,72 runs,2025-08-02,Estonian National Cricket and Rugby Field,Neutral,1,0,1,0,0,8,2025,2025-08
Switzerland,T20I,Estonia v Switzerland,Estonia,Won,72 runs,2025-08-02,Estonian National Cricket and Rugby Field,Neutral,1,1,0,0,0,8,2025,2025-08
Pakistan,T20I,Pakistan v West Indies,West Indies,Won,13 runs,2025-08-03,"Central Broward Regional Park Stadium Turf Ground, Lauderhill",Neutral,1,1,0,0,0,8,2025,2025-08
West Indies,T20I,Pakistan v West Indies,Pakistan,Lost,13 runs,2025-08-03,"Central Broward Regional Park Stadium Turf Ground, Lauderhill",Neutral,1,0,1,0,0,8,2025,2025-08
Estonia,T20I,Estonia v Switzerland,Switzerland,Lost,15 runs,2025-08-03,Estonian National Cricket and Rugby Field,Neutral,1,0,1,0,0,8,2025,2025-08
Switzerland,T20I,Estonia v Switzerland,Estonia,Won,15 runs,2025-08-03,Estonian National Cricket and Rugby Field,Neutral,1,1,0,0,0,8,2025,2025-08
Estonia,T20I,Estonia v Switzerland,Switzerland,Lost,41 runs,2025-08-03,Estonian National Cricket and Rugby Field,Neutral,1,0,1,0,0,8,2025,2025-08
Switzerland,T20I,Estonia v Switzerland,Estonia,Won,41 runs,2025-08-03,Estonian National Cricket and Rugby Field,Neutral,1,1,0,0,0,8,2025,2025-08
Croatia,T20I,Croatia v Cyprus,Cyprus,Lost,58 runs,2025-08-07,"Mladost Cricket Ground, Zagreb",Neutral,1,0,1,0,0,8,2025,2025-08
Cyprus,T20I,Croatia v Cyprus,Croatia,Won,58 runs,2025-08-07,"Mladost Cricket Ground, Zagreb",Neutral,1,1,0,0,0,8,2025,2025-08
Croatia,T20I,Croatia v Cyprus,Cyprus,Lost,7 wickets,2025-08-07,"Mladost Cricket Ground, Zagreb",Neutral,1,0,1,0,0,8,2025,2025-08
Cyprus,T20I,Croatia v Cyprus,Croatia,Won,7 wickets,2025-08-07,"Mladost Cricket Ground, Zagreb",Neutral,1,1,0,0,0,8,2025,2025-08
Austria,T20I,Austria v Sweden,Sweden,Won,4 wickets,2025-08-08,"Botkyrka Cricket Center, Stockholm",Neutral,1,1,0,0,0,8,2025,2025-08
Sweden,T20I,Austria v Sweden,Austria,Lost,4 wickets,2025-08-08,"Botkyrka Cricket Center, Stockholm",Neutral,1,0,1,0,0,8,2025,2025-08
France,T20I,France v Norway,Norway,Lost,22 runs,2025-08-08,"Botkyrka Cricket Center, Stockholm",Neutral,1,0,1,0,0,8,2025,2025-08
Norway,T20I,France v Norway,France,Won,22 runs,2025-08-08,"Botkyrka Cricket Center, Stockholm",Neutral,1,1,0,0,0,8,2025,2025-08
Croatia,T20I,Croatia v Cyprus,Cyprus,Lost,3 wickets,2025-08-08,"Mladost Cricket Ground, Zagreb",Neutral,1,0,1,0,0,8,2025,2025-08
Cyprus,T20I,Croatia v Cyprus,Croatia,Won,3 wickets,2025-08-08,"Mladost Cricket Ground, Zagreb",Neutral,1,1,0,0,0,8,2025,2025-08
Croatia,T20I,Croatia v Cyprus,Cyprus,Lost,52 runs,2025-08-08,"Mladost Cricket Ground, Zagreb",Neutral,1,0,1,0,0,8,2025,2025-08
Cyprus,T20I,Croatia v Cyprus,Croatia,Won,52 runs,2025-08-08,"Mladost Cricket Ground, Zagreb",Neutral,1,1,0,0,0,8,2025,2025-08
Norway,T20I,Norway v Sweden,Sweden,Won,23 runs,2025-08-09,"Botkyrka Cricket Center, Stockholm",Neutral,1,1,0,0,0,8,2025,2025-08
Sweden,T20I,Norway v Sweden,Norway,Lost,23 runs,2025-08-09,"Botkyrka Cricket Center, Stockholm",Neutral,1,0,1,0,0,8,2025,2025-08
Austria,T20I,Austria v France,France,Won,6 wickets,2025-08-09,"Botkyrka Cricket Center, Stockholm",Neutral,1,1,0,0,0,8,2025,2025-08
France,T20I,Austria v France,Austria,Lost,6 wickets,2025-08-09,"Botkyrka Cricket Center, Stockholm",Neutral,1,0,1,0,0,8,2025,2025-08
Australia,T20I,Australia v South Africa,South Africa,Won,17 runs,2025-08-10,"Marrara Stadium, Darwin",Neutral,1,1,0,0,0,8,2025,2025-08
South Africa,T20I,Australia v South Africa,Australia,Lost,17 runs,2025-08-10,"Marrara Stadium, Darwin",Neutral,1,0,1,0,0,8,2025,2025-08
France,T20I,France v Sweden,Sweden,Won,2 wickets,2025-08-10,"Botkyrka Cricket Center, Stockholm",Neutral,1,1,0,0,0,8,2025,2025-08
Sweden,T20I,France v Sweden,France,Lost,2 wickets,2025-08-10,"Botkyrka Cricket Center, Stockholm",Neutral,1,0,1,0,0,8,2025,2025-08
Austria,T20I,Austria v Norway,Norway,Won,8 wickets,2025-08-10,"Botkyrka Cricket Center, Stockholm",Neutral,1,1,0,0,0,8,2025,2025-08
Norway,T20I,Austria v Norway,Austria,Lost,8 wickets,2025-08-10,"Botkyrka Cricket Center, Stockholm",Neutral,1,0,1,0,0,8,2025,2025-08
Australia,T20I,Australia v South Africa,South Africa,Lost,53 runs,2025-08-12,"Marrara Stadium, Darwin",Neutral,1,0,1,0,0,8,2025,2025-08
South Africa,T20I,Australia v South Africa,Australia,Won,53 runs,2025-08-12,"Marrara Stadium, Darwin",Neutral,1,1,0,0,0,8,2025,2025-08
Guernsey,T20I,Guernsey v Papua New Guinea,Papua New Guinea,Lost,6 wickets,2025-08-14,"King George V Sports Ground, Castel",Neutral,1,0,1,0,0,8,2025,2025-08
Papua New Guinea,T20I,Guernsey v Papua New Guinea,Guernsey,Won,6 wickets,2025-08-14,"King George V Sports Ground, Castel",Neutral,1,1,0,0,0,8,2025,2025-08
Australia,T20I,Australia v South Africa,South Africa,Won,2 wickets,2025-08-16,"Cazaly's Stadium, Cairns",Neutral,1,1,0,0,0,8,2025,2025-08
South Africa,T20I,Australia v South Africa,Australia,Lost,2 wickets,2025-08-16,"Cazaly's Stadium, Cairns",Neutral,1,0,1,0,0,8,2025,2025-08
Norway,T20I,Norway v Sweden,Sweden,Won,3 wickets,2025-08-17,"Stubberudmyra Cricket Ground, Oslo",Neutral,1,1,0,0,0,8,2025,2025-08
Sweden,T20I,Norway v Sweden,Norway,Lost,3 wickets,2025-08-17,"Stubberudmyra Cricket Ground, Oslo",Neutral,1,0,1,0,0,8,2025,2025-08
Hungary,T20I,Hungary v Sweden,Sweden,Lost,79 runs,2025-08-17,"Stubberudmyra Cricket Ground, Oslo",Neutral,1,0,1,0,0,8,2025,2025-08
Sweden,T20I,Hungary v Sweden,Hungary,Won,79 runs,2025-08-17,"Stubberudmyra Cricket Ground, Oslo",Neutral,1,1,0,0,0,8,2025,2025-08
Hungary,T20I,Hungary v Norway,Norway,Lost,32 runs,2025-08-17,"Stubberudmyra Cricket Ground, Oslo",Neutral,1,0,1,0,0,8,2025,2025-08
Norway,T20I,Hungary v Norway,Hungary,Won,32 runs,2025-08-17,"Stubberudmyra Cricket Ground, Oslo",Neutral,1,1,0,0,0,8,2025,2025-08
Czech Republic,T20I,Czech Republic v Romania,Romania,Won,18 runs,2025-08-21,"Moara Vlasiei Cricket Ground, Ilfov County",Neutral,1,1,0,0,0,8,2025,2025-08
Romania,T20I,Czech Republic v Romania,Czech Republic,Lost,18 runs,2025-08-21,"Moara Vlasiei Cricket Ground, Ilfov County",Neutral,1,0,1,0,0,8,2025,2025-08
Czech Republic,T20I,Czech Republic v Romania,Romania,Lost,18 runs,2025-08-21,"Moara Vlasiei Cricket Ground, Ilfov County",Neutral,1,0,1,0,0,8,2025,2025-08
Romania,T20I,Czech Republic v Romania,Czech Republic,Won,18 runs,2025-08-21,"Moara Vlasiei Cricket Ground, Ilfov County",Neutral,1,1,0,0,0,8,2025,2025-08
Czech Republic,T20I,Czech Republic v Romania,Romania,Lost,25 runs,2025-08-22,"Moara Vlasiei Cricket Ground, Ilfov County",Neutral,1,0,1,0,0,8,2025,2025-08
Romania,T20I,Czech Republic v Romania,Czech Republic,Won,25 runs,2025-08-22,"Moara Vlasiei Cricket Ground, Ilfov County",Neutral,1,1,0,0,0,8,2025,2025-08
Czech Republic,T20I,Czech Republic v Romania,Romania,Won,4 wickets,2025-08-22,"Moara Vlasiei Cricket Ground, Ilfov County",Neutral,1,1,0,0,0,8,2025,2025-08
Romania,T20I,Czech Republic v Romania,Czech Republic,Lost,4 wickets,2025-08-22,"Moara Vlasiei Cricket Ground, Ilfov County",Neutral,1,0,1,0,0,8,2025,2025-08
Austria,T20I,Austria v Belgium,Belgium,Won,6 wickets,2025-08-23,"Velden Cricket Ground, Latschach",Neutral,1,1,0,0,0,8,2025,2025-08
Belgium,T20I,Austria v Belgium,Austria,Lost,6 wickets,2025-08-23,"Velden Cricket Ground, Latschach",Neutral,1,0,1,0,0,8,2025,2025-08
Austria,T20I,Austria v Belgium,Belgium,Won,38 runs,2025-08-23,"Velden Cricket Ground, Latschach",Neutral,1,1,0,0,0,8,2025,2025-08
Belgium,T20I,Austria v Belgium,Austria,Lost,38 runs,2025-08-23,"Velden Cricket Ground, Latschach",Neutral,1,0,1,0,0,8,2025,2025-08
Austria,T20I,Austria v Belgium,Belgium,Won,4 wickets,2025-08-24,"Velden Cricket Ground, Latschach",Neutral,1,1,0,0,0,8,2025,2025-08
Belgium,T20I,Austria v Belgium,Austria,Lost,4 wickets,2025-08-24,"Velden Cricket Ground, Latschach",Neutral,1,0,1,0,0,8,2025,2025-08
Austria,T20I,Austria v Belgium,Belgium,Won,4 wickets,2025-08-24,"Velden Cricket Ground, Latschach",Neutral,1,1,0,0,0,8,2025,2025-08
Belgium,T20I,Austria v Belgium,Austria,Lost,4 wickets,2025-08-24,"Velden Cricket Ground, Latschach",Neutral,1,0,1,0,0,8,2025,2025-08
Pakistan,T20I,Pakistan v United Arab Emirates,United Arab Emirates,Won,31 runs,2025-08-30,Sharjah Cricket Stadium,Neutral,1,1,0,0,0,8,2025,2025-08
United Arab Emirates,T20I,Pakistan v United Arab Emirates,Pakistan,Lost,31 runs,2025-08-30,Sharjah Cricket Stadium,Neutral,1,0,1,0,0,8,2025,2025-08
Bangladesh,T20I,Bangladesh v Netherlands,Netherlands,Won,8 wickets,2025-08-30,Sylhet International Cricket Stadium,Neutral,1,1,0,0,0,8,2025,2025-08
Netherlands,T20I,Bangladesh v Netherlands,Bangladesh,Lost,8 wickets,2025-08-30,Sylhet International Cricket Stadium,Neutral,1,0,1,0,0,8,2025,2025-08
Guernsey,T20I,Guernsey v Switzerland,Switzerland,No Result,No Result,2025-08-30,"King George V Sports Ground, Castel",Neutral,1,0,0,0,1,8,2025,2025-08
Switzerland,T20I,Guernsey v Switzerland,Guernsey,No Result,No Result,2025-08-30,"King George V Sports Ground, Castel",Neutral,1,0,0,0,1,8,2025,2025-08
Guernsey,T20I,Guernsey v Switzerland,Switzerland,No Result,No Result,2025-08-30,"King George V Sports Ground, Castel",Neutral,1,0,0,0,1,8,2025,2025-08
Switzerland,T20I,Guernsey v Switzerland,Guernsey,No Result,No Result,2025-08-30,"King George V Sports Ground, Castel",Neutral,1,0,0,0,1,8,2025,2025-08
Bangladesh,T20I,Bangladesh v Netherlands,Netherlands,Won,9 wickets,2025-09-01,Sylhet International Cricket Stadium,Neutral,1,1,0,0,0,9,2025,2025-09
Netherlands,T20I,Bangladesh v Netherlands,Bangladesh,Lost,9 wickets,2025-09-01,Sylhet International Cricket Stadium,Neutral,1,0,1,0,0,9,2025,2025-09
Sri Lanka,T20I,Sri Lanka v Zimbabwe,Zimbabwe,Won,4 wickets,2025-09-03,Harare Sports Club,Neutral,1,1,0,0,0,9,2025,2025-09
Zimbabwe,T20I,Sri Lanka v Zimbabwe,Sri Lanka,Lost,4 wickets,2025-09-03,Harare Sports Club,Neutral,1,0,1,0,0,9,2025,2025-09
Bangladesh,T20I,Bangladesh v Netherlands,Netherlands,No Result,No Result,2025-09-03,Sylhet International Cricket Stadium,Neutral,1,0,0,0,1,9,2025,2025-09
Netherlands,T20I,Bangladesh v Netherlands,Bangladesh,No Result,No Result,2025-09-03,Sylhet International Cricket Stadium,Neutral,1,0,0,0,1,9,2025,2025-09
Pakistan,T20I,Pakistan v United Arab Emirates,United Arab Emirates,Won,31 runs,2025-09-04,Sharjah Cricket Stadium,Neutral,1,1,0,0,0,9,2025,2025-09
United Arab Emirates,T20I,Pakistan v United Arab Emirates,Pakistan,Lost,31 runs,2025-09-04,Sharjah Cricket Stadium,Neutral,1,0,1,0,0,9,2025,2025-09
Sri Lanka,T20I,Sri Lanka v Zimbabwe,Zimbabwe,Lost,5 wickets,2025-09-06,Harare Sports Club,Neutral,1,0,1,0,0,9,2025,2025-09
Zimbabwe,T20I,Sri Lanka v Zimbabwe,Sri Lanka,Won,5 wickets,2025-09-06,Harare Sports Club,Neutral,1,1,0,0,0,9,2025,2025-09
Sri Lanka,T20I,Sri Lanka v Zimbabwe,Zimbabwe,Won,8 wickets,2025-09-07,Harare Sports Club,Neutral,1,1,0,0,0,9,2025,2025-09
Zimbabwe,T20I,Sri Lanka v Zimbabwe,Sri Lanka,Lost,8 wickets,2025-09-07,Harare Sports Club,Neutral,1,0,1,0,0,9,2025,2025-09
England,T20I,England v South Africa,South Africa,Lost,14 runs,2025-09-10,"Sophia Gardens, Cardiff",Neutral,1,0,1,0,0,9,2025,2025-09
South Africa,T20I,England v South Africa,England,Won,14 runs,2025-09-10,"Sophia Gardens, Cardiff",Neutral,1,1,0,0,0,9,2025,2025-09
India,T20I,India v United Arab Emirates,United Arab Emirates,Won,9 wickets,2025-09-10,Dubai International Cricket Stadium,Neutral,1,1,0,0,0,9,2025,2025-09
United Arab Emirates,T20I,India v United Arab Emirates,India,Lost,9 wickets,2025-09-10,Dubai International Cricket Stadium,Neutral,1,0,1,0,0,9,2025,2025-09
Bangladesh,T20I,Bangladesh v Hong Kong,Hong Kong,Won,7 wickets,2025-09-11,"Zayed Cricket Stadium, Abu Dhabi",Neutral,1,1,0,0,0,9,2025,2025-09
Hong Kong,T20I,Bangladesh v Hong Kong,Bangladesh,Lost,7 wickets,2025-09-11,"Zayed Cricket Stadium, Abu Dhabi",Neutral,1,0,1,0,0,9,2025,2025-09
England,T20I,England v South Africa,South Africa,Won,146 runs,2025-09-12,"Old Trafford, Manchester",Neutral,1,1,0,0,0,9,2025,2025-09
South Africa,T20I,England v South Africa,England,Lost,146 runs,2025-09-12,"Old Trafford, Manchester",Neutral,1,0,1,0,0,9,2025,2025-09
Oman,T20I,Oman v Pakistan,Pakistan,Lost,93 runs,2025-09-12,Dubai International Cricket Stadium,Neutral,1,0,1,0,0,9,2025,2025-09
Pakistan,T20I,Oman v Pakistan,Oman,Won,93 runs,2025-09-12,Dubai International Cricket Stadium,Neutral,1,1,0,0,0,9,2025,2025-09
Eswatini,T20I,Eswatini v Mozambique,Mozambique,Won,31 runs,2025-09-12,Malkerns Country Club oval,Neutral,1,1,0,0,0,9,2025,2025-09
Mozambique,T20I,Eswatini v Mozambique,Eswatini,Lost,31 runs,2025-09-12,Malkerns Country Club oval,Neutral,1,0,1,0,0,9,2025,2025-09
Eswatini,T20I,Eswatini v Mozambique,Mozambique,Won,5 runs,2025-09-12,Malkerns Country Club oval,Neutral,1,1,0,0,0,9,2025,2025-09
Mozambique,T20I,Eswatini v Mozambique,Eswatini,Lost,5 runs,2025-09-12,Malkerns Country Club oval,Neutral,1,0,1,0,0,9,2025,2025-09
Bangladesh,T20I,Bangladesh v Sri Lanka,Sri Lanka,Lost,6 wickets,2025-09-13,"Zayed Cricket Stadium, Abu Dhabi",Neutral,1,0,1,0,0,9,2025,2025-09
Sri Lanka,T20I,Bangladesh v Sri Lanka,Bangladesh,Won,6 wickets,2025-09-13,"Zayed Cricket Stadium, Abu Dhabi",Neutral,1,1,0,0,0,9,2025,2025-09
Eswatini,T20I,Eswatini v Mozambique,Mozambique,Won,74 runs,2025-09-13,Malkerns Country Club oval,Neutral,1,1,0,0,0,9,2025,2025-09
Mozambique,T20I,Eswatini v Mozambique,Eswatini,Lost,74 runs,2025-09-13,Malkerns Country Club oval,Neutral,1,0,1,0,0,9,2025,2025-09
Eswatini,T20I,Eswatini v Mozambique,Mozambique,Tied,Tie,2025-09-13,Malkerns Country Club oval,Neutral,1,0,0,1,0,9,2025,2025-09
Mozambique,T20I,Eswatini v Mozambique,Eswatini,Tied,Tie,2025-09-13,Malkerns Country Club oval,Neutral,1,0,0,1,0,9,2025,2025-09
India,T20I,India v Pakistan,Pakistan,Won,7 wickets,2025-09-14,Dubai International Cricket Stadium,Neutral,1,1,0,0,0,9,2025,2025-09
Pakistan,T20I,India v Pakistan,India,Lost,7 wickets,2025-09-14,Dubai International Cricket Stadium,Neutral,1,0,1,0,0,9,2025,2025-09
Eswatini,T20I,Eswatini v Mozambique,Mozambique,No Result,No Result,2025-09-14,Malkerns Country Club oval,Neutral,1,0,0,0,1,9,2025,2025-09
Mozambique,T20I,Eswatini v Mozambique,Eswatini,No Result,No Result,2025-09-14,Malkerns Country Club oval,Neutral,1,0,0,0,1,9,2025,2025-09
Oman,T20I,Oman v United Arab Emirates,United Arab Emirates,Lost,42 runs,2025-09-15,"Zayed Cricket Stadium, Abu Dhabi",Neutral,1,0,1,0,0,9,2025,2025-09
United Arab Emirates,T20I,Oman v United Arab Emirates,Oman,Won,42 runs,2025-09-15,"Zayed Cricket Stadium, Abu Dhabi",Neutral,1,1,0,0,0,9,2025,2025-09
Hong Kong,T20I,Hong Kong v Sri Lanka,Sri Lanka,Lost,4 wickets,2025-09-15,Dubai International Cricket Stadium,Neutral,1,0,1,0,0,9,2025,2025-09
Sri Lanka,T20I,Hong Kong v Sri Lanka,Hong Kong,Won,4 wickets,2025-09-15,Dubai International Cricket Stadium,Neutral,1,1,0,0,0,9,2025,2025-09
Namibia,T20I,Namibia v Zimbabwe,Zimbabwe,Lost,33 runs,2025-09-15,"Queens Sports Club, Bulawayo",Neutral,1,0,1,0,0,9,2025,2025-09
Zimbabwe,T20I,Namibia v Zimbabwe,Namibia,Won,33 runs,2025-09-15,"Queens Sports Club, Bulawayo",Neutral,1,1,0,0,0,9,2025,2025-09
Namibia,T20I,Namibia v Zimbabwe,Zimbabwe,Lost,5 wickets,2025-09-16,"Queens Sports Club, Bulawayo",Neutral,1,0,1,0,0,9,2025,2025-09
Zimbabwe,T20I,Namibia v Zimbabwe,Namibia,Won,5 wickets,2025-09-16,"Queens Sports Club, Bulawayo",Neutral,1,1,0,0,0,9,2025,2025-09
England,T20I,England v Ireland,Ireland,Won,4 wickets,2025-09-17,"The Village, Malahide, Dublin",Neutral,1,1,0,0,0,9,2025,2025-09
Ireland,T20I,England v Ireland,England,Lost,4 wickets,2025-09-17,"The Village, Malahide, Dublin",Neutral,1,0,1,0,0,9,2025,2025-09
Pakistan,T20I,Pakistan v United Arab Emirates,United Arab Emirates,Won,41 runs,2025-09-17,Dubai International Cricket Stadium,Neutral,1,1,0,0,0,9,2025,2025-09
United Arab Emirates,T20I,Pakistan v United Arab Emirates,Pakistan,Lost,41 runs,2025-09-17,Dubai International Cricket Stadium,Neutral,1,0,1,0,0,9,2025,2025-09
Namibia,T20I,Namibia v Zimbabwe,Zimbabwe,Won,28 runs,2025-09-18,"Queens Sports Club, Bulawayo",Neutral,1,1,0,0,0,9,2025,2025-09
Zimbabwe,T20I,Namibia v Zimbabwe,Namibia,Lost,28 runs,2025-09-18,"Queens Sports Club, Bulawayo",Neutral,1,0,1,0,0,9,2025,2025-09
India,T20I,India v Oman,Oman,Won,21 runs,2025-09-19,"Zayed Cricket Stadium, Abu Dhabi",Neutral,1,1,0,0,0,9,2025,2025-09
Oman,T20I,India v Oman,India,Lost,21 runs,2025-09-19,"Zayed Cricket Stadium, Abu Dhabi",Neutral,1,0,1,0,0,9,2025,2025-09
Bangladesh,T20I,Bangladesh v Sri Lanka,Sri Lanka,Won,4 wickets,2025-09-20,Dubai International Cricket Stadium,Neutral,1,1,0,0,0,9,2025,2025-09
Sri Lanka,T20I,Bangladesh v Sri Lanka,Bangladesh,Lost,4 wickets,2025-09-20,Dubai International Cricket Stadium,Neutral,1,0,1,0,0,9,2025,2025-09
England,T20I,England v Ireland,Ireland,Won,6 wickets,2025-09-21,"The Village, Malahide, Dublin",Neutral,1,1,0,0,0,9,2025,2025-09
Ireland,T20I,England v Ireland,England,Lost,6 wickets,2025-09-21,"The Village, Malahide, Dublin",Neutral,1,0,1,0,0,9,2025,2025-09
India,T20I,India v Pakistan,Pakistan,Won,6 wickets,2025-09-21,Dubai International Cricket Stadium,Neutral,1,1,0,0,0,9,2025,2025-09
Pakistan,T20I,India v Pakistan,India,Lost,6 wickets,2025-09-21,Dubai International Cricket Stadium,Neutral,1,0,1,0,0,9,2025,2025-09
Pakistan,T20I,Pakistan v Sri Lanka,Sri Lanka,Won,5 wickets,2025-09-23,"Zayed Cricket Stadium, Abu Dhabi",Neutral,1,1,0,0,0,9,2025,2025-09
Sri Lanka,T20I,Pakistan v Sri Lanka,Pakistan,Lost,5 wickets,2025-09-23,"Zayed Cricket Stadium, Abu Dhabi",Neutral,1,0,1,0,0,9,2025,2025-09
Bangladesh,T20I,Bangladesh v India,India,Lost,41 runs,2025-09-24,Dubai International Cricket Stadium,Neutral,1,0,1,0,0,9,2025,2025-09
India,T20I,Bangladesh v India,Bangladesh,Won,41 runs,2025-09-24,Dubai International Cricket Stadium,Neutral,1,1,0,0,0,9,2025,2025-09
Bangladesh,T20I,Bangladesh v Pakistan,Pakistan,Lost,11 runs,2025-09-25,Dubai International Cricket Stadium,Neutral,1,0,1,0,0,9,2025,2025-09
Pakistan,T20I,Bangladesh v Pakistan,Bangladesh,Won,11 runs,2025-09-25,Dubai International Cricket Stadium,Neutral,1,1,0,0,0,9,2025,2025-09
India,T20I,India v Sri Lanka,Sri Lanka,Tied,Tie,2025-09-26,Dubai International Cricket Stadium,Neutral,1,0,0,1,0,9,2025,2025-09
Sri Lanka,T20I,India v Sri Lanka,India,Tied,Tie,2025-09-26,Dubai International Cricket Stadium,Neutral,1,0,0,1,0,9,2025,2025-09
Kenya,T20I,Kenya v Namibia,Namibia,Lost,136 runs,2025-09-26,Harare Sports Club,Neutral,1,0,1,0,0,9,2025,2025-09
Namibia,T20I,Kenya v Namibia,Kenya,Won,136 runs,2025-09-26,Harare Sports Club,Neutral,1,1,0,0,0,9,2025,2025-09
Malawi,T20I,Malawi v Nigeria,Nigeria,Lost,9 wickets,2025-09-26,"Takashinga Sports Club, Highfield, Harare",Neutral,1,0,1,0,0,9,2025,2025-09
Nigeria,T20I,Malawi v Nigeria,Malawi,Won,9 wickets,2025-09-26,"Takashinga Sports Club, Highfield, Harare",Neutral,1,1,0,0,0,9,2025,2025-09
Uganda,T20I,Uganda v Zimbabwe,Zimbabwe,Lost,5 wickets,2025-09-26,Harare Sports Club,Neutral,1,0,1,0,0,9,2025,2025-09
Zimbabwe,T20I,Uganda v Zimbabwe,Uganda,Won,5 wickets,2025-09-26,Harare Sports Club,Neutral,1,1,0,0,0,9,2025,2025-09
Botswana,T20I,Botswana v Tanzania,Tanzania,Lost,7 wickets,2025-09-26,"Takashinga Sports Club, Highfield, Harare",Neutral,1,0,1,0,0,9,2025,2025-09
Tanzania,T20I,Botswana v Tanzania,Botswana,Won,7 wickets,2025-09-26,"Takashinga Sports Club, Highfield, Harare",Neutral,1,1,0,0,0,9,2025,2025-09
Nepal,T20I,Nepal v West Indies,West Indies,Won,19 runs,2025-09-27,Sharjah Cricket Stadium,Neutral,1,1,0,0,0,9,2025,2025-09
West Indies,T20I,Nepal v West Indies,Nepal,Lost,19 runs,2025-09-27,Sharjah Cricket Stadium,Neutral,1,0,1,0,0,9,2025,2025-09
India,T20I,India v Pakistan,Pakistan,Won,5 wickets,2025-09-28,Dubai International Cricket Stadium,Neutral,1,1,0,0,0,9,2025,2025-09
Pakistan,T20I,India v Pakistan,India,Lost,5 wickets,2025-09-28,Dubai International Cricket Stadium,Neutral,1,0,1,0,0,9,2025,2025-09
Namibia,T20I,Namibia v Nigeria,Nigeria,Won,117 runs,2025-09-28,Harare Sports Club,Neutral,1,1,0,0,0,9,2025,2025-09
Nigeria,T20I,Namibia v Nigeria,Namibia,Lost,117 runs,2025-09-28,Harare Sports Club,Neutral,1,0,1,0,0,9,2025,2025-09
Tanzania,T20I,Tanzania v Uganda,Uganda,Won,9 runs,2025-09-28,"Takashinga Sports Club, Highfield, Harare",Neutral,1,1,0,0,0,9,2025,2025-09
Uganda,T20I,Tanzania v Uganda,Tanzania,Lost,9 runs,2025-09-28,"Takashinga Sports Club, Highfield, Harare",Neutral,1,0,1,0,0,9,2025,2025-09
Botswana,T20I,Botswana v Zimbabwe,Zimbabwe,Lost,170 runs,2025-09-28,Harare Sports Club,Neutral,1,0,1,0,0,9,2025,2025-09
Zimbabwe,T20I,Botswana v Zimbabwe,Botswana,Won,170 runs,2025-09-28,Harare Sports Club,Neutral,1,1,0,0,0,9,2025,2025-09
Kenya,T20I,Kenya v Malawi,Malawi,Lost,3 runs,2025-09-28,"Takashinga Sports Club, Highfield, Harare",Neutral,1,0,1,0,0,9,2025,2025-09
Malawi,T20I,Kenya v Malawi,Kenya,Won,3 runs,2025-09-28,"Takashinga Sports Club, Highfield, Harare",Neutral,1,1,0,0,0,9,2025,2025-09
Nepal,T20I,Nepal v West Indies,West Indies,Won,90 runs,2025-09-29,Sharjah Cricket Stadium,Neutral,1,1,0,0,0,9,2025,2025-09
West Indies,T20I,Nepal v West Indies,Nepal,Lost,90 runs,2025-09-29,Sharjah Cricket Stadium,Neutral,1,0,1,0,0,9,2025,2025-09
Kuwait,T20I,Kuwait v Oman,Oman,Lost,5 wickets,2025-09-29,Al Amerat Cricket Ground Oman Cricket (Ministry Turf 1),Neutral,1,0,1,0,0,9,2025,2025-09
Oman,T20I,Kuwait v Oman,Kuwait,Won,5 wickets,2025-09-29,Al Amerat Cricket Ground Oman Cricket (Ministry Turf 1),Neutral,1,1,0,0,0,9,2025,2025-09
Nepal,T20I,Nepal v West Indies,West Indies,Lost,10 wickets,2025-09-30,Sharjah Cricket Stadium,Neutral,1,0,1,0,0,9,2025,2025-09
West Indies,T20I,Nepal v West Indies,Nepal,Won,10 wickets,2025-09-30,Sharjah Cricket Stadium,Neutral,1,1,0,0,0,9,2025,2025-09
Tanzania,T20I,Tanzania v Zimbabwe,Zimbabwe,Lost,113 runs,2025-09-30,Harare Sports Club,Neutral,1,0,1,0,0,9,2025,2025-09
Zimbabwe,T20I,Tanzania v Zimbabwe,Tanzania,Won,113 runs,2025-09-30,Harare Sports Club,Neutral,1,1,0,0,0,9,2025,2025-09
Botswana,T20I,Botswana v Uganda,Uganda,Lost,8 wickets,2025-09-30,"Takashinga Sports Club, Highfield, Harare",Neutral,1,0,1,0,0,9,2025,2025-09
Uganda,T20I,Botswana v Uganda,Botswana,Won,8 wickets,2025-09-30,"Takashinga Sports Club, Highfield, Harare",Neutral,1,1,0,0,0,9,2025,2025-09
Malawi,T20I,Malawi v Namibia,Namibia,Lost,8 wickets,2025-09-30,Harare Sports Club,Neutral,1,0,1,0,0,9,2025,2025-09
Namibia,T20I,Malawi v Namibia,Malawi,Won,8 wickets,2025-09-30,Harare Sports Club,Neutral,1,1,0,0,0,9,2025,2025-09
Kenya,T20I,Kenya v Nigeria,Nigeria,Won,7 wickets,2025-09-30,"Takashinga Sports Club, Highfield, Harare",Neutral,1,1,0,0,0,9,2025,2025-09
Nigeria,T20I,Kenya v Nigeria,Kenya,Lost,7 wickets,2025-09-30,"Takashinga Sports Club, Highfield, Harare",Neutral,1,0,1,0,0,9,2025,2025-09
Australia,T20I,Australia v New Zealand,New Zealand,Won,6 wickets,2025-10-01,"Bay Oval, Mount Maunganui",Neutral,1,1,0,0,0,10,2025,2025-10
New Zealand,T20I,Australia v New Zealand,Australia,Lost,6 wickets,2025-10-01,"Bay Oval, Mount Maunganui",Neutral,1,0,1,0,0,10,2025,2025-10
Namibia,T20I,Namibia v Tanzania,Tanzania,Won,63 runs,2025-10-02,Harare Sports Club,Neutral,1,1,0,0,0,10,2025,2025-10
Tanzania,T20I,Namibia v Tanzania,Namibia,Lost,63 runs,2025-10-02,Harare Sports Club,Neutral,1,0,1,0,0,10,2025,2025-10
Botswana,T20I,Botswana v Nigeria,Nigeria,Lost,44 runs,2025-10-02,"Takashinga Sports Club, Highfield, Harare",Neutral,1,0,1,0,0,10,2025,2025-10
Nigeria,T20I,Botswana v Nigeria,Botswana,Won,44 runs,2025-10-02,"Takashinga Sports Club, Highfield, Harare",Neutral,1,1,0,0,0,10,2025,2025-10
Kenya,T20I,Kenya v Zimbabwe,Zimbabwe,Lost,7 wickets,2025-10-02,Harare Sports Club,Neutral,1,0,1,0,0,10,2025,2025-10
Zimbabwe,T20I,Kenya v Zimbabwe,Kenya,Won,7 wickets,2025-10-02,Harare Sports Club,Neutral,1,1,0,0,0,10,2025,2025-10
Malawi,T20I,Malawi v Uganda,Uganda,Lost,117 runs,2025-10-02,"Takashinga Sports Club, Highfield, Harare",Neutral,1,0,1,0,0,10,2025,2025-10
Uganda,T20I,Malawi v Uganda,Malawi,Won,117 runs,2025-10-02,"Takashinga Sports Club, Highfield, Harare",Neutral,1,1,0,0,0,10,2025,2025-10
Australia,T20I,Australia v New Zealand,New Zealand,No Result,No Result,2025-10-03,"Bay Oval, Mount Maunganui",Neutral,1,0,0,0,1,10,2025,2025-10
New Zealand,T20I,Australia v New Zealand,Australia,No Result,No Result,2025-10-03,"Bay Oval, Mount Maunganui",Neutral,1,0,0,0,1,10,2025,2025-10
Australia,T20I,Australia v New Zealand,New Zealand,Won,3 wickets,2025-10-04,"Bay Oval, Mount Maunganui",Neutral,1,1,0,0,0,10,2025,2025-10
New Zealand,T20I,Australia v New Zealand,Australia,Lost,3 wickets,2025-10-04,"Bay Oval, Mount Maunganui",Neutral,1,0,1,0,0,10,2025,2025-10
Kenya,T20I,Kenya v Tanzania,Tanzania,Won,51 runs,2025-10-04,Harare Sports Club,Neutral,1,1,0,0,0,10,2025,2025-10
Tanzania,T20I,Kenya v Tanzania,Kenya,Lost,51 runs,2025-10-04,Harare Sports Club,Neutral,1,0,1,0,0,10,2025,2025-10
Botswana,T20I,Botswana v Malawi,Malawi,Lost,56 runs,2025-10-04,"Takashinga Sports Club, Highfield, Harare",Neutral,1,0,1,0,0,10,2025,2025-10
Malawi,T20I,Botswana v Malawi,Botswana,Won,56 runs,2025-10-04,"Takashinga Sports Club, Highfield, Harare",Neutral,1,1,0,0,0,10,2025,2025-10
Nigeria,T20I,Nigeria v Uganda,Uganda,Lost,66 runs,2025-10-04,"Takashinga Sports Club, Highfield, Harare",Neutral,1,0,1,0,0,10,2025,2025-10
Uganda,T20I,Nigeria v Uganda,Nigeria,Won,66 runs,2025-10-04,"Takashinga Sports Club, Highfield, Harare",Neutral,1,1,0,0,0,10,2025,2025-10
Namibia,T20I,Namibia v Zimbabwe,Zimbabwe,Lost,7 wickets,2025-10-04,Harare Sports Club,Neutral,1,0,1,0,0,10,2025,2025-10
Zimbabwe,T20I,Namibia v Zimbabwe,Namibia,Won,7 wickets,2025-10-04,Harare Sports Club,Neutral,1,1,0,0,0,10,2025,2025-10
Oman,T20I,Oman v Samoa,Samoa,Won,5 wickets,2025-10-08,Al Amerat Cricket Ground Oman Cricket (Ministry Turf 2),Neutral,1,1,0,0,0,10,2025,2025-10
Samoa,T20I,Oman v Samoa,Oman,Lost,5 wickets,2025-10-08,Al Amerat Cricket Ground Oman Cricket (Ministry Turf 2),Neutral,1,0,1,0,0,10,2025,2025-10
Qatar,T20I,Qatar v United Arab Emirates,United Arab Emirates,Lost,7 wickets,2025-10-08,Al Amerat Cricket Ground Oman Cricket (Ministry Turf 1),Neutral,1,0,1,0,0,10,2025,2025-10
United Arab Emirates,T20I,Qatar v United Arab Emirates,Qatar,Won,7 wickets,2025-10-08,Al Amerat Cricket Ground Oman Cricket (Ministry Turf 1),Neutral,1,1,0,0,0,10,2025,2025-10
Kuwait,T20I,Kuwait v Nepal,Nepal,Lost,58 runs,2025-10-08,Al Amerat Cricket Ground Oman Cricket (Ministry Turf 1),Neutral,1,0,1,0,0,10,2025,2025-10
Nepal,T20I,Kuwait v Nepal,Kuwait,Won,58 runs,2025-10-08,Al Amerat Cricket Ground Oman Cricket (Ministry Turf 1),Neutral,1,1,0,0,0,10,2025,2025-10
Malaysia,T20I,Malaysia v Qatar,Qatar,Lost,8 wickets,2025-10-09,Al Amerat Cricket Ground Oman Cricket (Ministry Turf 2),Neutral,1,0,1,0,0,10,2025,2025-10
Qatar,T20I,Malaysia v Qatar,Malaysia,Won,8 wickets,2025-10-09,Al Amerat Cricket Ground Oman Cricket (Ministry Turf 2),Neutral,1,1,0,0,0,10,2025,2025-10
Japan,T20I,Japan v Kuwait,Kuwait,Won,5 wickets,2025-10-09,Al Amerat Cricket Ground Oman Cricket (Ministry Turf 1),Neutral,1,1,0,0,0,10,2025,2025-10
Kuwait,T20I,Japan v Kuwait,Japan,Lost,5 wickets,2025-10-09,Al Amerat Cricket Ground Oman Cricket (Ministry Turf 1),Neutral,1,0,1,0,0,10,2025,2025-10
Papua New Guinea,T20I,Papua New Guinea v Samoa,Samoa,Lost,6 wickets,2025-10-09,Al Amerat Cricket Ground Oman Cricket (Ministry Turf 1),Neutral,1,0,1,0,0,10,2025,2025-10
Samoa,T20I,Papua New Guinea v Samoa,Papua New Guinea,Won,6 wickets,2025-10-09,Al Amerat Cricket Ground Oman Cricket (Ministry Turf 1),Neutral,1,1,0,0,0,10,2025,2025-10
Malaysia,T20I,Malaysia v United Arab Emirates,United Arab Emirates,Lost,6 wickets,2025-10-10,Al Amerat Cricket Ground Oman Cricket (Ministry Turf 2),Neutral,1,0,1,0,0,10,2025,2025-10
United Arab Emirates,T20I,Malaysia v United Arab Emirates,Malaysia,Won,6 wickets,2025-10-10,Al Amerat Cricket Ground Oman Cricket (Ministry Turf 2),Neutral,1,1,0,0,0,10,2025,2025-10
Japan,T20I,Japan v Nepal,Nepal,Lost,5 wickets,2025-10-10,Al Amerat Cricket Ground Oman Cricket (Ministry Turf 1),Neutral,1,0,1,0,0,10,2025,2025-10
Nepal,T20I,Japan v Nepal,Japan,Won,5 wickets,2025-10-10,Al Amerat Cricket Ground Oman Cricket (Ministry Turf 1),Neutral,1,1,0,0,0,10,2025,2025-10
Oman,T20I,Oman v Papua New Guinea,Papua New Guinea,Won,52 runs,2025-10-10,Al Amerat Cricket Ground Oman Cricket (Ministry Turf 1),Neutral,1,1,0,0,0,10,2025,2025-10
Papua New Guinea,T20I,Oman v Papua New Guinea,Oman,Lost,52 runs,2025-10-10,Al Amerat Cricket Ground Oman Cricket (Ministry Turf 1),Neutral,1,0,1,0,0,10,2025,2025-10
Namibia,T20I,Namibia v South Africa,South Africa,Won,4 wickets,2025-10-11,"Namibia Cricket Ground, Windhoek",Neutral,1,1,0,0,0,10,2025,2025-10
South Africa,T20I,Namibia v South Africa,Namibia,Lost,4 wickets,2025-10-11,"Namibia Cricket Ground, Windhoek",Neutral,1,0,1,0,0,10,2025,2025-10
Oman,T20I,Oman v Qatar,Qatar,Won,34 runs,2025-10-12,Al Amerat Cricket Ground Oman Cricket (Ministry Turf 2),Neutral,1,1,0,0,0,10,2025,2025-10
Qatar,T20I,Oman v Qatar,Oman,Lost,34 runs,2025-10-12,Al Amerat Cricket Ground Oman Cricket (Ministry Turf 2),Neutral,1,0,1,0,0,10,2025,2025-10
Nepal,T20I,Nepal v United Arab Emirates,United Arab Emirates,Won,1 runs,2025-10-12,Al Amerat Cricket Ground Oman Cricket (Ministry Turf 1),Neutral,1,1,0,0,0,10,2025,2025-10
United Arab Emirates,T20I,Nepal v United Arab Emirates,Nepal,Lost,1 runs,2025-10-12,Al Amerat Cricket Ground Oman Cricket (Ministry Turf 1),Neutral,1,0,1,0,0,10,2025,2025-10
Japan,T20I,Japan v Samoa,Samoa,Won,4 runs,2025-10-12,Al Amerat Cricket Ground Oman Cricket (Ministry Turf 1),Neutral,1,1,0,0,0,10,2025,2025-10
Samoa,T20I,Japan v Samoa,Japan,Lost,4 runs,2025-10-12,Al Amerat Cricket Ground Oman Cricket (Ministry Turf 1),Neutral,1,0,1,0,0,10,2025,2025-10
Oman,T20I,Oman v United Arab Emirates,United Arab Emirates,Won,5 wickets,2025-10-13,Al Amerat Cricket Ground Oman Cricket (Ministry Turf 1),Neutral,1,1,0,0,0,10,2025,2025-10
United Arab Emirates,T20I,Oman v United Arab Emirates,Oman,Lost,5 wickets,2025-10-13,Al Amerat Cricket Ground Oman Cricket (Ministry Turf 1),Neutral,1,0,1,0,0,10,2025,2025-10
Nepal,T20I,Nepal v Qatar,Qatar,Won,5 runs,2025-10-13,Al Amerat Cricket Ground Oman Cricket (Ministry Turf 1),Neutral,1,1,0,0,0,10,2025,2025-10
Qatar,T20I,Nepal v Qatar,Nepal,Lost,5 runs,2025-10-13,Al Amerat Cricket Ground Oman Cricket (Ministry Turf 1),Neutral,1,0,1,0,0,10,2025,2025-10
Japan,T20I,Japan v Qatar,Qatar,Lost,3 wickets,2025-10-15,Al Amerat Cricket Ground Oman Cricket (Ministry Turf 2),Neutral,1,0,1,0,0,10,2025,2025-10
Qatar,T20I,Japan v Qatar,Japan,Won,3 wickets,2025-10-15,Al Amerat Cricket Ground Oman Cricket (Ministry Turf 2),Neutral,1,1,0,0,0,10,2025,2025-10
Samoa,T20I,Samoa v United Arab Emirates,United Arab Emirates,Lost,77 runs,2025-10-15,Al Amerat Cricket Ground Oman Cricket (Ministry Turf 1),Neutral,1,0,1,0,0,10,2025,2025-10
United Arab Emirates,T20I,Samoa v United Arab Emirates,Samoa,Won,77 runs,2025-10-15,Al Amerat Cricket Ground Oman Cricket (Ministry Turf 1),Neutral,1,1,0,0,0,10,2025,2025-10
Nepal,T20I,Nepal v Oman,Oman,Won,38 runs,2025-10-15,Al Amerat Cricket Ground Oman Cricket (Ministry Turf 1),Neutral,1,1,0,0,0,10,2025,2025-10
Oman,T20I,Nepal v Oman,Nepal,Lost,38 runs,2025-10-15,Al Amerat Cricket Ground Oman Cricket (Ministry Turf 1),Neutral,1,0,1,0,0,10,2025,2025-10
Japan,T20I,Japan v United Arab Emirates,United Arab Emirates,Lost,8 wickets,2025-10-16,Al Amerat Cricket Ground Oman Cricket (Ministry Turf 1),Neutral,1,0,1,0,0,10,2025,2025-10
United Arab Emirates,T20I,Japan v United Arab Emirates,Japan,Won,8 wickets,2025-10-16,Al Amerat Cricket Ground Oman Cricket (Ministry Turf 1),Neutral,1,1,0,0,0,10,2025,2025-10
Qatar,T20I,Qatar v Samoa,Samoa,Won,8 wickets,2025-10-16,Al Amerat Cricket Ground Oman Cricket (Ministry Turf 1),Neutral,1,1,0,0,0,10,2025,2025-10
Samoa,T20I,Qatar v Samoa,Qatar,Lost,8 wickets,2025-10-16,Al Amerat Cricket Ground Oman Cricket (Ministry Turf 1),Neutral,1,0,1,0,0,10,2025,2025-10
Japan,T20I,Japan v Oman,Oman,Lost,9 wickets,2025-10-17,Al Amerat Cricket Ground Oman Cricket (Ministry Turf 2),Neutral,1,0,1,0,0,10,2025,2025-10
Oman,T20I,Japan v Oman,Japan,Won,9 wickets,2025-10-17,Al Amerat Cricket Ground Oman Cricket (Ministry Turf 2),Neutral,1,1,0,0,0,10,2025,2025-10
Nepal,T20I,Nepal v Samoa,Samoa,Won,124 runs,2025-10-17,Al Amerat Cricket Ground Oman Cricket (Ministry Turf 1),Neutral,1,1,0,0,0,10,2025,2025-10
Samoa,T20I,Nepal v Samoa,Nepal,Lost,124 runs,2025-10-17,Al Amerat Cricket Ground Oman Cricket (Ministry Turf 1),Neutral,1,0,1,0,0,10,2025,2025-10
England,T20I,England v New Zealand,New Zealand,No Result,No Result,2025-10-18,"Hagley Oval, Christchurch",Neutral,1,0,0,0,1,10,2025,2025-10
New Zealand,T20I,England v New Zealand,England,No Result,No Result,2025-10-18,"Hagley Oval, Christchurch",Neutral,1,0,0,0,1,10,2025,2025-10
Austria,T20I,Austria v Romania,Romania,Won,4 wickets,2025-10-18,"Moara Vlasiei Cricket Ground, Ilfov County",Neutral,1,1,0,0,0,10,2025,2025-10
Romania,T20I,Austria v Romania,Austria,Lost,4 wickets,2025-10-18,"Moara Vlasiei Cricket Ground, Ilfov County",Neutral,1,0,1,0,0,10,2025,2025-10
Austria,T20I,Austria v Romania,Romania,Lost,3 wickets,2025-10-18,"Moara Vlasiei Cricket Ground, Ilfov County",Neutral,1,0,1,0,0,10,2025,2025-10
Romania,T20I,Austria v Romania,Austria,Won,3 wickets,2025-10-18,"Moara Vlasiei Cricket Ground, Ilfov County",Neutral,1,1,0,0,0,10,2025,2025-10
Austria,T20I,Austria v Romania,Romania,Won,7 wickets,2025-10-19,"Moara Vlasiei Cricket Ground, Ilfov County",Neutral,1,1,0,0,0,10,2025,2025-10
Romania,T20I,Austria v Romania,Austria,Lost,7 wickets,2025-10-19,"Moara Vlasiei Cricket Ground, Ilfov County",Neutral,1,0,1,0,0,10,2025,2025-10
Austria,T20I,Austria v Romania,Romania,Won,42 runs,2025-10-19,"Moara Vlasiei Cricket Ground, Ilfov County",Neutral,1,1,0,0,0,10,2025,2025-10
Romania,T20I,Austria v Romania,Austria,Lost,42 runs,2025-10-19,"Moara Vlasiei Cricket Ground, Ilfov County",Neutral,1,0,1,0,0,10,2025,2025-10
England,T20I,England v New Zealand,New Zealand,Won,65 runs,2025-10-20,"Hagley Oval, Christchurch",Neutral,1,1,0,0,0,10,2025,2025-10
New Zealand,T20I,England v New Zealand,England,Lost,65 runs,2025-10-20,"Hagley Oval, Christchurch",Neutral,1,0,1,0,0,10,2025,2025-10
England,T20I,England v New Zealand,New Zealand,No Result,No Result,2025-10-23,"Eden Park, Auckland",Neutral,1,0,0,0,1,10,2025,2025-10
New Zealand,T20I,England v New Zealand,England,No Result,No Result,2025-10-23,"Eden Park, Auckland",Neutral,1,0,0,0,1,10,2025,2025-10
Bangladesh,T20I,Bangladesh v West Indies,West Indies,Lost,16 runs,2025-10-27,"Bir Sreshtho Flight Lieutenant Matiur Rahman Stadium, Chattogram",Neutral,1,0,1,0,0,10,2025,2025-10
West Indies,T20I,Bangladesh v West Indies,Bangladesh,Won,16 runs,2025-10-27,"Bir Sreshtho Flight Lieutenant Matiur Rahman Stadium, Chattogram",Neutral,1,1,0,0,0,10,2025,2025-10
Pakistan,T20I,Pakistan v South Africa,South Africa,Lost,55 runs,2025-10-28,Rawalpindi Cricket Stadium,Neutral,1,0,1,0,0,10,2025,2025-10
South Africa,T20I,Pakistan v South Africa,Pakistan,Won,55 runs,2025-10-28,Rawalpindi Cricket Stadium,Neutral,1,1,0,0,0,10,2025,2025-10
Australia,T20I,Australia v India,India,No Result,No Result,2025-10-29,"Manuka Oval, Canberra",Neutral,1,0,0,0,1,10,2025,2025-10
India,T20I,Australia v India,Australia,No Result,No Result,2025-10-29,"Manuka Oval, Canberra",Neutral,1,0,0,0,1,10,2025,2025-10
Bangladesh,T20I,Bangladesh v West Indies,West Indies,Lost,14 runs,2025-10-29,"Bir Sreshtho Flight Lieutenant Matiur Rahman Stadium, Chattogram",Neutral,1,0,1,0,0,10,2025,2025-10
West Indies,T20I,Bangladesh v West Indies,Bangladesh,Won,14 runs,2025-10-29,"Bir Sreshtho Flight Lieutenant Matiur Rahman Stadium, Chattogram",Neutral,1,1,0,0,0,10,2025,2025-10
Mexico,T20I,Mexico v Panama,Panama,No Result,No Result,2025-10-30,"Sao Fernando Polo and Cricket Club, Campo Sede",Neutral,1,0,0,0,1,10,2025,2025-10
Panama,T20I,Mexico v Panama,Mexico,No Result,No Result,2025-10-30,"Sao Fernando Polo and Cricket Club, Campo Sede",Neutral,1,0,0,0,1,10,2025,2025-10
Australia,T20I,Australia v India,India,Won,4 wickets,2025-10-31,Melbourne Cricket Ground,Neutral,1,1,0,0,0,10,2025,2025-10
India,T20I,Australia v India,Australia,Lost,4 wickets,2025-10-31,Melbourne Cricket Ground,Neutral,1,0,1,0,0,10,2025,2025-10
Pakistan,T20I,Pakistan v South Africa,South Africa,Won,9 wickets,2025-10-31,"Gaddafi Stadium, Lahore",Neutral,1,1,0,0,0,10,2025,2025-10
South Africa,T20I,Pakistan v South Africa,Pakistan,Lost,9 wickets,2025-10-31,"Gaddafi Stadium, Lahore",Neutral,1,0,1,0,0,10,2025,2025-10
Bangladesh,T20I,Bangladesh v West Indies,West Indies,Lost,5 wickets,2025-10-31,"Bir Sreshtho Flight Lieutenant Matiur Rahman Stadium, Chattogram",Neutral,1,0,1,0,0,10,2025,2025-10
West Indies,T20I,Bangladesh v West Indies,Bangladesh,Won,5 wickets,2025-10-31,"Bir Sreshtho Flight Lieutenant Matiur Rahman Stadium, Chattogram",Neutral,1,1,0,0,0,10,2025,2025-10
Cyprus,T20I,Cyprus v Serbia,Serbia,Won,88 runs,2025-10-31,Happy Valley Ground,Neutral,1,1,0,0,0,10,2025,2025-10
Serbia,T20I,Cyprus v Serbia,Cyprus,Lost,88 runs,2025-10-31,Happy Valley Ground,Neutral,1,0,1,0,0,10,2025,2025-10
Cyprus,T20I,Cyprus v Serbia,Serbia,Won,41 runs,2025-10-31,Happy Valley Ground 2,Neutral,1,1,0,0,0,10,2025,2025-10
Serbia,T20I,Cyprus v Serbia,Cyprus,Lost,41 runs,2025-10-31,Happy Valley Ground 2,Neutral,1,0,1,0,0,10,2025,2025-10
Pakistan,T20I,Pakistan v South Africa,South Africa,Won,4 wickets,2025-11-01,"Gaddafi Stadium, Lahore",Neutral,1,1,0,0,0,11,2025,2025-11
South Africa,T20I,Pakistan v South Africa,Pakistan,Lost,4 wickets,2025-11-01,"Gaddafi Stadium, Lahore",Neutral,1,0,1,0,0,11,2025,2025-11
Bulgaria,T20I,Bulgaria v Serbia,Serbia,Won,8 wickets,2025-11-01,Happy Valley Ground 2,Neutral,1,1,0,0,0,11,2025,2025-11
Serbia,T20I,Bulgaria v Serbia,Bulgaria,Lost,8 wickets,2025-11-01,Happy Valley Ground 2,Neutral,1,0,1,0,0,11,2025,2025-11
Bulgaria,T20I,Bulgaria v Serbia,Serbia,Won,69 runs,2025-11-01,Happy Valley Ground 2,Neutral,1,1,0,0,0,11,2025,2025-11
Serbia,T20I,Bulgaria v Serbia,Bulgaria,Lost,69 runs,2025-11-01,Happy Valley Ground 2,Neutral,1,0,1,0,0,11,2025,2025-11
Australia,T20I,Australia v India,India,Lost,5 wickets,2025-11-02,"Bellerive Oval, Hobart",Neutral,1,0,1,0,0,11,2025,2025-11
India,T20I,Australia v India,Australia,Won,5 wickets,2025-11-02,"Bellerive Oval, Hobart",Neutral,1,1,0,0,0,11,2025,2025-11
Bulgaria,T20I,Bulgaria v Cyprus,Cyprus,Lost,3 wickets,2025-11-02,Happy Valley Ground 2,Neutral,1,0,1,0,0,11,2025,2025-11
Cyprus,T20I,Bulgaria v Cyprus,Bulgaria,Won,3 wickets,2025-11-02,Happy Valley Ground 2,Neutral,1,1,0,0,0,11,2025,2025-11
Bulgaria,T20I,Bulgaria v Cyprus,Cyprus,Lost,64 runs,2025-11-02,Happy Valley Ground 2,Neutral,1,0,1,0,0,11,2025,2025-11
Cyprus,T20I,Bulgaria v Cyprus,Bulgaria,Won,64 runs,2025-11-02,Happy Valley Ground 2,Neutral,1,1,0,0,0,11,2025,2025-11
Bulgaria,T20I,Bulgaria v Cyprus,Cyprus,Lost,4 wickets,2025-11-03,Happy Valley Ground 2,Neutral,1,0,1,0,0,11,2025,2025-11
Cyprus,T20I,Bulgaria v Cyprus,Bulgaria,Won,4 wickets,2025-11-03,Happy Valley Ground 2,Neutral,1,1,0,0,0,11,2025,2025-11
Bulgaria,T20I,Bulgaria v Cyprus,Cyprus,Lost,6 wickets,2025-11-03,Happy Valley Ground 2,Neutral,1,0,1,0,0,11,2025,2025-11
Cyprus,T20I,Bulgaria v Cyprus,Bulgaria,Won,6 wickets,2025-11-03,Happy Valley Ground 2,Neutral,1,1,0,0,0,11,2025,2025-11
New Zealand,T20I,New Zealand v West Indies,West Indies,Lost,7 runs,2025-11-05,"Eden Park, Auckland",Neutral,1,0,1,0,0,11,2025,2025-11
West Indies,T20I,New Zealand v West Indies,New Zealand,Won,7 runs,2025-11-05,"Eden Park, Auckland",Neutral,1,1,0,0,0,11,2025,2025-11
Australia,T20I,Australia v India,India,Lost,48 runs,2025-11-06,Carrara Oval,Neutral,1,0,1,0,0,11,2025,2025-11
India,T20I,Australia v India,Australia,Won,48 runs,2025-11-06,Carrara Oval,Neutral,1,1,0,0,0,11,2025,2025-11
New Zealand,T20I,New Zealand v West Indies,West Indies,Won,3 runs,2025-11-06,"Eden Park, Auckland",Neutral,1,1,0,0,0,11,2025,2025-11
West Indies,T20I,New Zealand v West Indies,New Zealand,Lost,3 runs,2025-11-06,"Eden Park, Auckland",Neutral,1,0,1,0,0,11,2025,2025-11
Indonesia,T20I,Indonesia v Myanmar,Myanmar,Won,9 wickets,2025-11-06,Udayana Cricket Ground,Neutral,1,1,0,0,0,11,2025,2025-11
Myanmar,T20I,Indonesia v Myanmar,Indonesia,Lost,9 wickets,2025-11-06,Udayana Cricket Ground,Neutral,1,0,1,0,0,11,2025,2025-11
Indonesia,T20I,Indonesia v Timor-Leste,Timor-Leste,Won,10 wickets,2025-11-06,Udayana Cricket Ground,Neutral,1,1,0,0,0,11,2025,2025-11
Timor-Leste,T20I,Indonesia v Timor-Leste,Indonesia,Lost,10 wickets,2025-11-06,Udayana Cricket Ground,Neutral,1,0,1,0,0,11,2025,2025-11
Myanmar,T20I,Myanmar v Timor-Leste,Timor-Leste,Won,10 wickets,2025-11-07,Udayana Cricket Ground,Neutral,1,1,0,0,0,11,2025,2025-11
Timor-Leste,T20I,Myanmar v Timor-Leste,Myanmar,Lost,10 wickets,2025-11-07,Udayana Cricket Ground,Neutral,1,0,1,0,0,11,2025,2025-11
Australia,T20I,Australia v India,India,No Result,No Result,2025-11-08,"Brisbane Cricket Ground, Woolloongabba, Brisbane",Neutral,1,0,0,0,1,11,2025,2025-11
India,T20I,Australia v India,Australia,No Result,No Result,2025-11-08,"Brisbane Cricket Ground, Woolloongabba, Brisbane",Neutral,1,0,0,0,1,11,2025,2025-11
Indonesia,T20I,Indonesia v Timor-Leste,Timor-Leste,Won,10 wickets,2025-11-08,Udayana Cricket Ground,Neutral,1,1,0,0,0,11,2025,2025-11
Timor-Leste,T20I,Indonesia v Timor-Leste,Indonesia,Lost,10 wickets,2025-11-08,Udayana Cricket Ground,Neutral,1,0,1,0,0,11,2025,2025-11
Indonesia,T20I,Indonesia v Myanmar,Myanmar,Won,26 runs,2025-11-08,Udayana Cricket Ground,Neutral,1,1,0,0,0,11,2025,2025-11
Myanmar,T20I,Indonesia v Myanmar,Indonesia,Lost,26 runs,2025-11-08,Udayana Cricket Ground,Neutral,1,0,1,0,0,11,2025,2025-11
New Zealand,T20I,New Zealand v West Indies,West Indies,Won,9 runs,2025-11-09,"Saxton Oval, Nelson",Neutral,1,1,0,0,0,11,2025,2025-11
West Indies,T20I,New Zealand v West Indies,New Zealand,Lost,9 runs,2025-11-09,"Saxton Oval, Nelson",Neutral,1,0,1,0,0,11,2025,2025-11
Myanmar,T20I,Myanmar v Timor-Leste,Timor-Leste,Won,8 wickets,2025-11-09,Udayana Cricket Ground,Neutral,1,1,0,0,0,11,2025,2025-11
Timor-Leste,T20I,Myanmar v Timor-Leste,Myanmar,Lost,8 wickets,2025-11-09,Udayana Cricket Ground,Neutral,1,0,1,0,0,11,2025,2025-11
New Zealand,T20I,New Zealand v West Indies,West Indies,No Result,No Result,2025-11-10,"Saxton Oval, Nelson",Neutral,1,0,0,0,1,11,2025,2025-11
West Indies,T20I,New Zealand v West Indies,New Zealand,No Result,No Result,2025-11-10,"Saxton Oval, Nelson",Neutral,1,0,0,0,1,11,2025,2025-11
Indonesia,T20I,Indonesia v Myanmar,Myanmar,Won,5 wickets,2025-11-11,Udayana Cricket Ground,Neutral,1,1,0,0,0,11,2025,2025-11
Myanmar,T20I,Indonesia v Myanmar,Indonesia,Lost,5 wickets,2025-11-11,Udayana Cricket Ground,Neutral,1,0,1,0,0,11,2025,2025-11
Indonesia,T20I,Indonesia v Timor-Leste,Timor-Leste,Won,10 wickets,2025-11-11,Udayana Cricket Ground,Neutral,1,1,0,0,0,11,2025,2025-11
Timor-Leste,T20I,Indonesia v Timor-Leste,Indonesia,Lost,10 wickets,2025-11-11,Udayana Cricket Ground,Neutral,1,0,1,0,0,11,2025,2025-11
Myanmar,T20I,Myanmar v Timor-Leste,Timor-Leste,Won,93 runs,2025-11-12,Udayana Cricket Ground,Neutral,1,1,0,0,0,11,2025,2025-11
Timor-Leste,T20I,Myanmar v Timor-Leste,Myanmar,Lost,93 runs,2025-11-12,Udayana Cricket Ground,Neutral,1,0,1,0,0,11,2025,2025-11
Hong Kong,T20I,Hong Kong v Qatar,Qatar,Lost,6 runs,2025-11-12,"West End Park International Cricket Stadium, Doha",Neutral,1,0,1,0,0,11,2025,2025-11
Qatar,T20I,Hong Kong v Qatar,Hong Kong,Won,6 runs,2025-11-12,"West End Park International Cricket Stadium, Doha",Neutral,1,1,0,0,0,11,2025,2025-11
New Zealand,T20I,New Zealand v West Indies,West Indies,Won,8 wickets,2025-11-13,"University Oval, Dunedin",Neutral,1,1,0,0,0,11,2025,2025-11
West Indies,T20I,New Zealand v West Indies,New Zealand,Lost,8 wickets,2025-11-13,"University Oval, Dunedin",Neutral,1,0,1,0,0,11,2025,2025-11
Indonesia,T20I,Indonesia v Timor-Leste,Timor-Leste,Won,9 wickets,2025-11-13,Udayana Cricket Ground,Neutral,1,1,0,0,0,11,2025,2025-11
Timor-Leste,T20I,Indonesia v Timor-Leste,Indonesia,Lost,9 wickets,2025-11-13,Udayana Cricket Ground,Neutral,1,0,1,0,0,11,2025,2025-11
Indonesia,T20I,Indonesia v Myanmar,Myanmar,Won,10 wickets,2025-11-13,Udayana Cricket Ground,Neutral,1,1,0,0,0,11,2025,2025-11
Myanmar,T20I,Indonesia v Myanmar,Indonesia,Lost,10 wickets,2025-11-13,Udayana Cricket Ground,Neutral,1,0,1,0,0,11,2025,2025-11
Hong Kong,T20I,Hong Kong v Qatar,Qatar,Won,9 runs,2025-11-13,University of Doha for Science and Technology,Neutral,1,1,0,0,0,11,2025,2025-11
Qatar,T20I,Hong Kong v Qatar,Hong Kong,Lost,9 runs,2025-11-13,University of Doha for Science and Technology,Neutral,1,0,1,0,0,11,2025,2025-11
Myanmar,T20I,Myanmar v Timor-Leste,Timor-Leste,Won,87 runs,2025-11-14,Udayana Cricket Ground,Neutral,1,1,0,0,0,11,2025,2025-11
Timor-Leste,T20I,Myanmar v Timor-Leste,Myanmar,Lost,87 runs,2025-11-14,Udayana Cricket Ground,Neutral,1,0,1,0,0,11,2025,2025-11
Oman,T20I,Oman v United Arab Emirates,United Arab Emirates,Won,2 wickets,2025-11-16,"West End Park International Cricket Stadium, Doha",Neutral,1,1,0,0,0,11,2025,2025-11
United Arab Emirates,T20I,Oman v United Arab Emirates,Oman,Lost,2 wickets,2025-11-16,"West End Park International Cricket Stadium, Doha",Neutral,1,0,1,0,0,11,2025,2025-11
Pakistan,T20I,Pakistan v Zimbabwe,Zimbabwe,Won,5 wickets,2025-11-18,Rawalpindi Cricket Stadium,Neutral,1,1,0,0,0,11,2025,2025-11
Zimbabwe,T20I,Pakistan v Zimbabwe,Pakistan,Lost,5 wickets,2025-11-18,Rawalpindi Cricket Stadium,Neutral,1,0,1,0,0,11,2025,2025-11
Bahrain,T20I,Bahrain v Indonesia,Indonesia,Won,53 runs,2025-11-18,Udayana Cricket Ground,Neutral,1,1,0,0,0,11,2025,2025-11
Indonesia,T20I,Bahrain v Indonesia,Bahrain,Lost,53 runs,2025-11-18,Udayana Cricket Ground,Neutral,1,0,1,0,0,11,2025,2025-11
Bahrain,T20I,Bahrain v Indonesia,Indonesia,Won,147 runs,2025-11-19,Udayana Cricket Ground,Neutral,1,1,0,0,0,11,2025,2025-11
Indonesia,T20I,Bahrain v Indonesia,Bahrain,Lost,147 runs,2025-11-19,Udayana Cricket Ground,Neutral,1,0,1,0,0,11,2025,2025-11
Sri Lanka,T20I,Sri Lanka v Zimbabwe,Zimbabwe,Lost,67 runs,2025-11-20,Rawalpindi Cricket Stadium,Neutral,1,0,1,0,0,11,2025,2025-11
Zimbabwe,T20I,Sri Lanka v Zimbabwe,Sri Lanka,Won,67 runs,2025-11-20,Rawalpindi Cricket Stadium,Neutral,1,1,0,0,0,11,2025,2025-11
Bahrain,T20I,Bahrain v Indonesia,Indonesia,Won,7 wickets,2025-11-21,Udayana Cricket Ground,Neutral,1,1,0,0,0,11,2025,2025-11
Indonesia,T20I,Bahrain v Indonesia,Bahrain,Lost,7 wickets,2025-11-21,Udayana Cricket Ground,Neutral,1,0,1,0,0,11,2025,2025-11
Pakistan,T20I,Pakistan v Sri Lanka,Sri Lanka,Won,7 wickets,2025-11-22,Rawalpindi Cricket Stadium,Neutral,1,1,0,0,0,11,2025,2025-11
Sri Lanka,T20I,Pakistan v Sri Lanka,Pakistan,Lost,7 wickets,2025-11-22,Rawalpindi Cricket Stadium,Neutral,1,0,1,0,0,11,2025,2025-11
Pakistan,T20I,Pakistan v Zimbabwe,Zimbabwe,Won,69 runs,2025-11-23,Rawalpindi Cricket Stadium,Neutral,1,1,0,0,0,11,2025,2025-11
Zimbabwe,T20I,Pakistan v Zimbabwe,Pakistan,Lost,69 runs,2025-11-23,Rawalpindi Cricket Stadium,Neutral,1,0,1,0,0,11,2025,2025-11
Malaysia,T20I,Malaysia v Thailand,Thailand,No Result,No Result,2025-11-24,"Bayuemas Oval, Kuala Lumpur",Neutral,1,0,0,0,1,11,2025,2025-11
Thailand,T20I,Malaysia v Thailand,Malaysia,No Result,No Result,2025-11-24,"Bayuemas Oval, Kuala Lumpur",Neutral,1,0,0,0,1,11,2025,2025-11
Sri Lanka,T20I,Sri Lanka v Zimbabwe,Zimbabwe,Won,9 wickets,2025-11-25,Rawalpindi Cricket Stadium,Neutral,1,1,0,0,0,11,2025,2025-11
Zimbabwe,T20I,Sri Lanka v Zimbabwe,Sri Lanka,Lost,9 wickets,2025-11-25,Rawalpindi Cricket Stadium,Neutral,1,0,1,0,0,11,2025,2025-11
Bahrain,T20I,Bahrain v Malaysia,Malaysia,Lost,4 wickets,2025-11-25,"Bayuemas Oval, Kuala Lumpur",Neutral,1,0,1,0,0,11,2025,2025-11
Malaysia,T20I,Bahrain v Malaysia,Bahrain,Won,4 wickets,2025-11-25,"Bayuemas Oval, Kuala Lumpur",Neutral,1,1,0,0,0,11,2025,2025-11
Pakistan,T20I,Pakistan v Sri Lanka,Sri Lanka,Lost,6 runs,2025-11-27,Rawalpindi Cricket Stadium,Neutral,1,0,1,0,0,11,2025,2025-11
Sri Lanka,T20I,Pakistan v Sri Lanka,Pakistan,Won,6 runs,2025-11-27,Rawalpindi Cricket Stadium,Neutral,1,1,0,0,0,11,2025,2025-11
Bangladesh,T20I,Bangladesh v Ireland,Ireland,Lost,39 runs,2025-11-27,"Bir Sreshtho Flight Lieutenant Matiur Rahman Stadium, Chattogram",Neutral,1,0,1,0,0,11,2025,2025-11
Ireland,T20I,Bangladesh v Ireland,Bangladesh,Won,39 runs,2025-11-27,"Bir Sreshtho Flight Lieutenant Matiur Rahman Stadium, Chattogram",Neutral,1,1,0,0,0,11,2025,2025-11
Bahrain,T20I,Bahrain v Thailand,Thailand,No Result,No Result,2025-11-27,"Bayuemas Oval, Kuala Lumpur",Neutral,1,0,0,0,1,11,2025,2025-11
Thailand,T20I,Bahrain v Thailand,Bahrain,No Result,No Result,2025-11-27,"Bayuemas Oval, Kuala Lumpur",Neutral,1,0,0,0,1,11,2025,2025-11
Argentina,T20I,Argentina v Brazil,Brazil,Won,8 wickets,2025-11-28,"St Albans Club, Buenos Aires",Neutral,1,1,0,0,0,11,2025,2025-11
Brazil,T20I,Argentina v Brazil,Argentina,Lost,8 wickets,2025-11-28,"St Albans Club, Buenos Aires",Neutral,1,0,1,0,0,11,2025,2025-11
Pakistan,T20I,Pakistan v Sri Lanka,Sri Lanka,Won,6 wickets,2025-11-29,Rawalpindi Cricket Stadium,Neutral,1,1,0,0,0,11,2025,2025-11
Sri Lanka,T20I,Pakistan v Sri Lanka,Pakistan,Lost,6 wickets,2025-11-29,Rawalpindi Cricket Stadium,Neutral,1,0,1,0,0,11,2025,2025-11
Bangladesh,T20I,Bangladesh v Ireland,Ireland,Won,4 wickets,2025-11-29,"Bir Sreshtho Flight Lieutenant Matiur Rahman Stadium, Chattogram",Neutral,1,1,0,0,0,11,2025,2025-11
Ireland,T20I,Bangladesh v Ireland,Bangladesh,Lost,4 wickets,2025-11-29,"Bir Sreshtho Flight Lieutenant Matiur Rahman Stadium, Chattogram",Neutral,1,0,1,0,0,11,2025,2025-11
Argentina,T20I,Argentina v Brazil,Brazil,No Result,No Result,2025-11-29,"St Albans Club, Buenos Aires",Neutral,1,0,0,0,1,11,2025,2025-11
Brazil,T20I,Argentina v Brazil,Argentina,No Result,No Result,2025-11-29,"St Albans Club, Buenos Aires",Neutral,1,0,0,0,1,11,2025,2025-11
Argentina,T20I,Argentina v Brazil,Brazil,Won,44 runs,2025-11-30,"St Albans Club, Buenos Aires",Neutral,1,1,0,0,0,11,2025,2025-11
Brazil,T20I,Argentina v Brazil,Argentina,Lost,44 runs,2025-11-30,"St Albans Club, Buenos Aires",Neutral,1,0,1,0,0,11,2025,2025-11
Argentina,T20I,Argentina v Brazil,Brazil,No Result,No Result,2025-11-30,"St Albans Club, Buenos Aires",Neutral,1,0,0,0,1,11,2025,2025-11
Brazil,T20I,Argentina v Brazil,Argentina,No Result,No Result,2025-11-30,"St Albans Club, Buenos Aires",Neutral,1,0,0,0,1,11,2025,2025-11
Bahrain,T20I,Bahrain v Thailand,Thailand,Won,7 wickets,2025-11-30,"Bayuemas Oval, Kuala Lumpur",Neutral,1,1,0,0,0,11,2025,2025-11
Thailand,T20I,Bahrain v Thailand,Bahrain,Lost,7 wickets,2025-11-30,"Bayuemas Oval, Kuala Lumpur",Neutral,1,0,1,0,0,11,2025,2025-11
Bangladesh,T20I,Bangladesh v Ireland,Ireland,Won,8 wickets,2025-12-02,"Bir Sreshtho Flight Lieutenant Matiur Rahman Stadium, Chattogram",Neutral,1,1,0,0,0,12,2025,2025-12
Ireland,T20I,Bangladesh v Ireland,Bangladesh,Lost,8 wickets,2025-12-02,"Bir Sreshtho Flight Lieutenant Matiur Rahman Stadium, Chattogram",Neutral,1,0,1,0,0,12,2025,2025-12
Nigeria,T20I,Nigeria v Zambia,Zambia,Won,19 runs,2025-12-04,"Nigeria Cricket Federation Oval 1, Abuja",Neutral,1,1,0,0,0,12,2025,2025-12
Zambia,T20I,Nigeria v Zambia,Nigeria,Lost,19 runs,2025-12-04,"Nigeria Cricket Federation Oval 1, Abuja",Neutral,1,0,1,0,0,12,2025,2025-12
Rwanda,T20I,Rwanda v Sierra Leone,Sierra Leone,Won,7 wickets,2025-12-04,"Nigeria Cricket Federation Oval 1, Abuja",Neutral,1,1,0,0,0,12,2025,2025-12
Sierra Leone,T20I,Rwanda v Sierra Leone,Rwanda,Lost,7 wickets,2025-12-04,"Nigeria Cricket Federation Oval 1, Abuja",Neutral,1,0,1,0,0,12,2025,2025-12
Rwanda,T20I,Rwanda v Zambia,Zambia,Won,7 wickets,2025-12-05,"Nigeria Cricket Federation Oval 1, Abuja",Neutral,1,1,0,0,0,12,2025,2025-12
Zambia,T20I,Rwanda v Zambia,Rwanda,Lost,7 wickets,2025-12-05,"Nigeria Cricket Federation Oval 1, Abuja",Neutral,1,0,1,0,0,12,2025,2025-12
Nigeria,T20I,Nigeria v Sierra Leone,Sierra Leone,Won,36 runs,2025-12-05,"Nigeria Cricket Federation Oval 1, Abuja",Neutral,1,1,0,0,0,12,2025,2025-12
Sierra Leone,T20I,Nigeria v Sierra Leone,Nigeria,Lost,36 runs,2025-12-05,"Nigeria Cricket Federation Oval 1, Abuja",Neutral,1,0,1,0,0,12,2025,2025-12
Croatia,T20I,Croatia v Spain,Spain,Lost,8 wickets,2025-12-05,La Manga Club Top Ground,Neutral,1,0,1,0,0,12,2025,2025-12
Spain,T20I,Croatia v Spain,Croatia,Won,8 wickets,2025-12-05,La Manga Club Top Ground,Neutral,1,1,0,0,0,12,2025,2025-12
Nigeria,T20I,Nigeria v Rwanda,Rwanda,Won,9 runs,2025-12-06,"Nigeria Cricket Federation Oval 1, Abuja",Neutral,1,1,0,0,0,12,2025,2025-12
Rwanda,T20I,Nigeria v Rwanda,Nigeria,Lost,9 runs,2025-12-06,"Nigeria Cricket Federation Oval 1, Abuja",Neutral,1,0,1,0,0,12,2025,2025-12
Sierra Leone,T20I,Sierra Leone v Zambia,Zambia,Lost,15 runs,2025-12-06,"Nigeria Cricket Federation Oval 1, Abuja",Neutral,1,0,1,0,0,12,2025,2025-12
Zambia,T20I,Sierra Leone v Zambia,Sierra Leone,Won,15 runs,2025-12-06,"Nigeria Cricket Federation Oval 1, Abuja",Neutral,1,1,0,0,0,12,2025,2025-12
Croatia,T20I,Croatia v Spain,Spain,Lost,182 runs,2025-12-06,La Manga Club Top Ground,Neutral,1,0,1,0,0,12,2025,2025-12
Spain,T20I,Croatia v Spain,Croatia,Won,182 runs,2025-12-06,La Manga Club Top Ground,Neutral,1,1,0,0,0,12,2025,2025-12
Croatia,T20I,Croatia v Spain,Spain,Lost,9 wickets,2025-12-06,La Manga Club Top Ground,Neutral,1,0,1,0,0,12,2025,2025-12
Spain,T20I,Croatia v Spain,Croatia,Won,9 wickets,2025-12-06,La Manga Club Top Ground,Neutral,1,1,0,0,0,12,2025,2025-12
Nigeria,T20I,Nigeria v Sierra Leone,Sierra Leone,Won,9 wickets,2025-12-07,"Nigeria Cricket Federation Oval 1, Abuja",Neutral,1,1,0,0,0,12,2025,2025-12
Sierra Leone,T20I,Nigeria v Sierra Leone,Nigeria,Lost,9 wickets,2025-12-07,"Nigeria Cricket Federation Oval 1, Abuja",Neutral,1,0,1,0,0,12,2025,2025-12
Rwanda,T20I,Rwanda v Zambia,Zambia,Won,8 wickets,2025-12-07,"Nigeria Cricket Federation Oval 1, Abuja",Neutral,1,1,0,0,0,12,2025,2025-12
Zambia,T20I,Rwanda v Zambia,Rwanda,Lost,8 wickets,2025-12-07,"Nigeria Cricket Federation Oval 1, Abuja",Neutral,1,0,1,0,0,12,2025,2025-12
Croatia,T20I,Croatia v Spain,Spain,Lost,215 runs,2025-12-07,La Manga Club Top Ground,Neutral,1,0,1,0,0,12,2025,2025-12
Spain,T20I,Croatia v Spain,Croatia,Won,215 runs,2025-12-07,La Manga Club Top Ground,Neutral,1,1,0,0,0,12,2025,2025-12
Croatia,T20I,Croatia v Spain,Spain,Lost,8 wickets,2025-12-07,La Manga Club Top Ground,Neutral,1,0,1,0,0,12,2025,2025-12
Spain,T20I,Croatia v Spain,Croatia,Won,8 wickets,2025-12-07,La Manga Club Top Ground,Neutral,1,1,0,0,0,12,2025,2025-12
Rwanda,T20I,Rwanda v Sierra Leone,Sierra Leone,Won,58 runs,2025-12-08,"Nigeria Cricket Federation Oval 1, Abuja",Neutral,1,1,0,0,0,12,2025,2025-12
Sierra Leone,T20I,Rwanda v Sierra Leone,Rwanda,Lost,58 runs,2025-12-08,"Nigeria Cricket Federation Oval 1, Abuja",Neutral,1,0,1,0,0,12,2025,2025-12
Nigeria,T20I,Nigeria v Zambia,Zambia,Won,23 runs,2025-12-08,"Nigeria Cricket Federation Oval 1, Abuja",Neutral,1,1,0,0,0,12,2025,2025-12
Zambia,T20I,Nigeria v Zambia,Nigeria,Lost,23 runs,2025-12-08,"Nigeria Cricket Federation Oval 1, Abuja",Neutral,1,0,1,0,0,12,2025,2025-12
India,T20I,India v South Africa,South Africa,Won,101 runs,2025-12-09,"Barabati Stadium, Cuttack",Neutral,1,1,0,0,0,12,2025,2025-12
South Africa,T20I,India v South Africa,India,Lost,101 runs,2025-12-09,"Barabati Stadium, Cuttack",Neutral,1,0,1,0,0,12,2025,2025-12
Nigeria,T20I,Nigeria v Rwanda,Rwanda,Lost,23 runs,2025-12-09,"Nigeria Cricket Federation Oval 1, Abuja",Neutral,1,0,1,0,0,12,2025,2025-12
Rwanda,T20I,Nigeria v Rwanda,Nigeria,Won,23 runs,2025-12-09,"Nigeria Cricket Federation Oval 1, Abuja",Neutral,1,1,0,0,0,12,2025,2025-12
Sierra Leone,T20I,Sierra Leone v Zambia,Zambia,Lost,5 wickets,2025-12-09,"Nigeria Cricket Federation Oval 1, Abuja",Neutral,1,0,1,0,0,12,2025,2025-12
Zambia,T20I,Sierra Leone v Zambia,Sierra Leone,Won,5 wickets,2025-12-09,"Nigeria Cricket Federation Oval 1, Abuja",Neutral,1,1,0,0,0,12,2025,2025-12
Bahrain,T20I,Bahrain v Bhutan,Bhutan,Won,63 runs,2025-12-09,Gelephu International Cricket Ground,Neutral,1,1,0,0,0,12,2025,2025-12
Bhutan,T20I,Bahrain v Bhutan,Bahrain,Lost,63 runs,2025-12-09,Gelephu International Cricket Ground,Neutral,1,0,1,0,0,12,2025,2025-12
Indonesia,T20I,Indonesia v Thailand,Thailand,Won,5 wickets,2025-12-09,"Terdthai Cricket Ground, Bangkok",Neutral,1,1,0,0,0,12,2025,2025-12
Thailand,T20I,Indonesia v Thailand,Indonesia,Lost,5 wickets,2025-12-09,"Terdthai Cricket Ground, Bangkok",Neutral,1,0,1,0,0,12,2025,2025-12
Malaysia,T20I,Malaysia v Philippines,Philippines,Won,114 runs,2025-12-09,"Terdthai Cricket Ground, Bangkok",Neutral,1,1,0,0,0,12,2025,2025-12
Philippines,T20I,Malaysia v Philippines,Malaysia,Lost,114 runs,2025-12-09,"Terdthai Cricket Ground, Bangkok",Neutral,1,0,1,0,0,12,2025,2025-12
Indonesia,T20I,Indonesia v Malaysia,Malaysia,Lost,7 wickets,2025-12-10,"Terdthai Cricket Ground, Bangkok",Neutral,1,0,1,0,0,12,2025,2025-12
Malaysia,T20I,Indonesia v Malaysia,Indonesia,Won,7 wickets,2025-12-10,"Terdthai Cricket Ground, Bangkok",Neutral,1,1,0,0,0,12,2025,2025-12
Philippines,T20I,Philippines v Singapore,Singapore,Won,14 runs,2025-12-10,"Terdthai Cricket Ground, Bangkok",Neutral,1,1,0,0,0,12,2025,2025-12
Singapore,T20I,Philippines v Singapore,Philippines,Lost,14 runs,2025-12-10,"Terdthai Cricket Ground, Bangkok",Neutral,1,0,1,0,0,12,2025,2025-12
India,T20I,India v South Africa,South Africa,Lost,51 runs,2025-12-11,"Maharaja Yadavindra Singh International Cricket Stadium, New Chandigarh",Neutral,1,0,1,0,0,12,2025,2025-12
South Africa,T20I,India v South Africa,India,Won,51 runs,2025-12-11,"Maharaja Yadavindra Singh International Cricket Stadium, New Chandigarh",Neutral,1,1,0,0,0,12,2025,2025-12
Rwanda,T20I,Rwanda v Zambia,Zambia,Lost,24 runs,2025-12-11,"Nigeria Cricket Federation Oval 1, Abuja",Neutral,1,0,1,0,0,12,2025,2025-12
Zambia,T20I,Rwanda v Zambia,Rwanda,Won,24 runs,2025-12-11,"Nigeria Cricket Federation Oval 1, Abuja",Neutral,1,1,0,0,0,12,2025,2025-12
Bahrain,T20I,Bahrain v Bhutan,Bhutan,Won,35 runs,2025-12-11,Gelephu International Cricket Ground,Neutral,1,1,0,0,0,12,2025,2025-12
Bhutan,T20I,Bahrain v Bhutan,Bahrain,Lost,35 runs,2025-12-11,Gelephu International Cricket Ground,Neutral,1,0,1,0,0,12,2025,2025-12
Nigeria,T20I,Nigeria v Sierra Leone,Sierra Leone,Won,68 runs,2025-12-11,"Nigeria Cricket Federation Oval 1, Abuja",Neutral,1,1,0,0,0,12,2025,2025-12
Sierra Leone,T20I,Nigeria v Sierra Leone,Nigeria,Lost,68 runs,2025-12-11,"Nigeria Cricket Federation Oval 1, Abuja",Neutral,1,0,1,0,0,12,2025,2025-12
Singapore,T20I,Singapore v Thailand,Thailand,Won,4 runs,2025-12-11,"Terdthai Cricket Ground, Bangkok",Neutral,1,1,0,0,0,12,2025,2025-12
Thailand,T20I,Singapore v Thailand,Singapore,Lost,4 runs,2025-12-11,"Terdthai Cricket Ground, Bangkok",Neutral,1,0,1,0,0,12,2025,2025-12
Indonesia,T20I,Indonesia v Philippines,Philippines,Lost,78 runs,2025-12-11,"Terdthai Cricket Ground, Bangkok",Neutral,1,0,1,0,0,12,2025,2025-12
Philippines,T20I,Indonesia v Philippines,Indonesia,Won,78 runs,2025-12-11,"Terdthai Cricket Ground, Bangkok",Neutral,1,1,0,0,0,12,2025,2025-12
Bahrain,T20I,Bahrain v Bhutan,Bhutan,Won,42 runs,2025-12-12,Gelephu International Cricket Ground,Neutral,1,1,0,0,0,12,2025,2025-12
Bhutan,T20I,Bahrain v Bhutan,Bahrain,Lost,42 runs,2025-12-12,Gelephu International Cricket Ground,Neutral,1,0,1,0,0,12,2025,2025-12
Nigeria,T20I,Nigeria v Zambia,Zambia,Won,26 runs,2025-12-12,"Nigeria Cricket Federation Oval 1, Abuja",Neutral,1,1,0,0,0,12,2025,2025-12
Zambia,T20I,Nigeria v Zambia,Nigeria,Lost,26 runs,2025-12-12,"Nigeria Cricket Federation Oval 1, Abuja",Neutral,1,0,1,0,0,12,2025,2025-12
Rwanda,T20I,Rwanda v Sierra Leone,Sierra Leone,Won,47 runs,2025-12-12,"Nigeria Cricket Federation Oval 1, Abuja",Neutral,1,1,0,0,0,12,2025,2025-12
Sierra Leone,T20I,Rwanda v Sierra Leone,Rwanda,Lost,47 runs,2025-12-12,"Nigeria Cricket Federation Oval 1, Abuja",Neutral,1,0,1,0,0,12,2025,2025-12
Indonesia,T20I,Indonesia v Singapore,Singapore,Lost,3 wickets,2025-12-12,"Terdthai Cricket Ground, Bangkok",Neutral,1,0,1,0,0,12,2025,2025-12
Singapore,T20I,Indonesia v Singapore,Indonesia,Won,3 wickets,2025-12-12,"Terdthai Cricket Ground, Bangkok",Neutral,1,1,0,0,0,12,2025,2025-12
Malaysia,T20I,Malaysia v Thailand,Thailand,Won,8 wickets,2025-12-12,"Terdthai Cricket Ground, Bangkok",Neutral,1,1,0,0,0,12,2025,2025-12
Thailand,T20I,Malaysia v Thailand,Malaysia,Lost,8 wickets,2025-12-12,"Terdthai Cricket Ground, Bangkok",Neutral,1,0,1,0,0,12,2025,2025-12
Bahrain,T20I,Bahrain v Bhutan,Bhutan,Won,4 wickets,2025-12-13,Gelephu International Cricket Ground,Neutral,1,1,0,0,0,12,2025,2025-12
Bhutan,T20I,Bahrain v Bhutan,Bahrain,Lost,4 wickets,2025-12-13,Gelephu International Cricket Ground,Neutral,1,0,1,0,0,12,2025,2025-12
Nigeria,T20I,Nigeria v Rwanda,Rwanda,Won,81 runs,2025-12-13,"Nigeria Cricket Federation Oval 1, Abuja",Neutral,1,1,0,0,0,12,2025,2025-12
Rwanda,T20I,Nigeria v Rwanda,Nigeria,Lost,81 runs,2025-12-13,"Nigeria Cricket Federation Oval 1, Abuja",Neutral,1,0,1,0,0,12,2025,2025-12
Sierra Leone,T20I,Sierra Leone v Zambia,Zambia,Won,3 wickets,2025-12-13,"Nigeria Cricket Federation Oval 1, Abuja",Neutral,1,1,0,0,0,12,2025,2025-12
Zambia,T20I,Sierra Leone v Zambia,Sierra Leone,Lost,3 wickets,2025-12-13,"Nigeria Cricket Federation Oval 1, Abuja",Neutral,1,0,1,0,0,12,2025,2025-12
Philippines,T20I,Philippines v Thailand,Thailand,Won,1 wickets,2025-12-13,"Terdthai Cricket Ground, Bangkok",Neutral,1,1,0,0,0,12,2025,2025-12
Thailand,T20I,Philippines v Thailand,Philippines,Lost,1 wickets,2025-12-13,"Terdthai Cricket Ground, Bangkok",Neutral,1,0,1,0,0,12,2025,2025-12
Malaysia,T20I,Malaysia v Singapore,Singapore,Won,6 wickets,2025-12-13,"Terdthai Cricket Ground, Bangkok",Neutral,1,1,0,0,0,12,2025,2025-12
Singapore,T20I,Malaysia v Singapore,Malaysia,Lost,6 wickets,2025-12-13,"Terdthai Cricket Ground, Bangkok",Neutral,1,0,1,0,0,12,2025,2025-12
India,T20I,India v South Africa,South Africa,Won,7 wickets,2025-12-14,"Himachal Pradesh Cricket Association Stadium, Dharamsala",Neutral,1,1,0,0,0,12,2025,2025-12
South Africa,T20I,India v South Africa,India,Lost,7 wickets,2025-12-14,"Himachal Pradesh Cricket Association Stadium, Dharamsala",Neutral,1,0,1,0,0,12,2025,2025-12
Sierra Leone,T20I,Sierra Leone v Zambia,Zambia,Lost,20 runs,2025-12-14,"Nigeria Cricket Federation Oval 1, Abuja",Neutral,1,0,1,0,0,12,2025,2025-12
Zambia,T20I,Sierra Leone v Zambia,Sierra Leone,Won,20 runs,2025-12-14,"Nigeria Cricket Federation Oval 1, Abuja",Neutral,1,1,0,0,0,12,2025,2025-12
Nigeria,T20I,Nigeria v Rwanda,Rwanda,Won,40 runs,2025-12-14,"Nigeria Cricket Federation Oval 1, Abuja",Neutral,1,1,0,0,0,12,2025,2025-12
Rwanda,T20I,Nigeria v Rwanda,Nigeria,Lost,40 runs,2025-12-14,"Nigeria Cricket Federation Oval 1, Abuja",Neutral,1,0,1,0,0,12,2025,2025-12
India,T20I,India v South Africa,South Africa,Won,30 runs,2025-12-19,"Narendra Modi Stadium, Ahmedabad",Neutral,1,1,0,0,0,12,2025,2025-12
South Africa,T20I,India v South Africa,India,Lost,30 runs,2025-12-19,"Narendra Modi Stadium, Ahmedabad",Neutral,1,0,1,0,0,12,2025,2025-12
Bhutan,T20I,Bhutan v Myanmar,Myanmar,Won,8 wickets,2025-12-23,Gelephu International Cricket Ground,Neutral,1,1,0,0,0,12,2025,2025-12
Myanmar,T20I,Bhutan v Myanmar,Bhutan,Lost,8 wickets,2025-12-23,Gelephu International Cricket Ground,Neutral,1,0,1,0,0,12,2025,2025-12
Cambodia,T20I,Cambodia v Indonesia,Indonesia,Lost,60 runs,2025-12-23,Udayana Cricket Ground,Neutral,1,0,1,0,0,12,2025,2025-12
Indonesia,T20I,Cambodia v Indonesia,Cambodia,Won,60 runs,2025-12-23,Udayana Cricket Ground,Neutral,1,1,0,0,0,12,2025,2025-12
Cambodia,T20I,Cambodia v Indonesia,Indonesia,Lost,3 runs,2025-12-23,Udayana Cricket Ground,Neutral,1,0,1,0,0,12,2025,2025-12
Indonesia,T20I,Cambodia v Indonesia,Cambodia,Won,3 runs,2025-12-23,Udayana Cricket Ground,Neutral,1,1,0,0,0,12,2025,2025-12
Bhutan,T20I,Bhutan v Myanmar,Myanmar,Won,120 runs,2025-12-24,Gelephu International Cricket Ground,Neutral,1,1,0,0,0,12,2025,2025-12
Myanmar,T20I,Bhutan v Myanmar,Bhutan,Lost,120 runs,2025-12-24,Gelephu International Cricket Ground,Neutral,1,0,1,0,0,12,2025,2025-12
Cambodia,T20I,Cambodia v Indonesia,Indonesia,Lost,8 wickets,2025-12-24,Udayana Cricket Ground,Neutral,1,0,1,0,0,12,2025,2025-12
Indonesia,T20I,Cambodia v Indonesia,Cambodia,Won,8 wickets,2025-12-24,Udayana Cricket Ground,Neutral,1,1,0,0,0,12,2025,2025-12
Cambodia,T20I,Cambodia v Indonesia,Indonesia,Lost,27 runs,2025-12-25,Udayana Cricket Ground,Neutral,1,0,1,0,0,12,2025,2025-12
Indonesia,T20I,Cambodia v Indonesia,Cambodia,Won,27 runs,2025-12-25,Udayana Cricket Ground,Neutral,1,1,0,0,0,12,2025,2025-12
Bhutan,T20I,Bhutan v Myanmar,Myanmar,Won,82 runs,2025-12-26,Gelephu International Cricket Ground,Neutral,1,1,0,0,0,12,2025,2025-12
Myanmar,T20I,Bhutan v Myanmar,Bhutan,Lost,82 runs,2025-12-26,Gelephu International Cricket Ground,Neutral,1,0,1,0,0,12,2025,2025-12
Cambodia,T20I,Cambodia v Indonesia,Indonesia,No Result,No Result,2025-12-26,Udayana Cricket Ground,Neutral,1,0,0,0,1,12,2025,2025-12
Indonesia,T20I,Cambodia v Indonesia,Cambodia,No Result,No Result,2025-12-26,Udayana Cricket Ground,Neutral,1,0,0,0,1,12,2025,2025-12
Cambodia,T20I,Cambodia v Indonesia,Indonesia,Lost,3 wickets,2025-12-26,Udayana Cricket Ground,Neutral,1,0,1,0,0,12,2025,2025-12
Indonesia,T20I,Cambodia v Indonesia,Cambodia,Won,3 wickets,2025-12-26,Udayana Cricket Ground,Neutral,1,1,0,0,0,12,2025,2025-12
Bhutan,T20I,Bhutan v Myanmar,Myanmar,Won,121 runs,2025-12-27,Gelephu International Cricket Ground,Neutral,1,1,0,0,0,12,2025,2025-12
Myanmar,T20I,Bhutan v Myanmar,Bhutan,Lost,121 runs,2025-12-27,Gelephu International Cricket Ground,Neutral,1,0,1,0,0,12,2025,2025-12
Cambodia,T20I,Cambodia v Indonesia,Indonesia,Lost,9 wickets,2025-12-27,Udayana Cricket Ground,Neutral,1,0,1,0,0,12,2025,2025-12
Indonesia,T20I,Cambodia v Indonesia,Cambodia,Won,9 wickets,2025-12-27,Udayana Cricket Ground,Neutral,1,1,0,0,0,12,2025,2025-12
Cambodia,T20I,Cambodia v Indonesia,Indonesia,Lost,6 wickets,2025-12-27,Udayana Cricket Ground,Neutral,1,0,1,0,0,12,2025,2025-12
Indonesia,T20I,Cambodia v Indonesia,Cambodia,Won,6 wickets,2025-12-27,Udayana Cricket Ground,Neutral,1,1,0,0,0,12,2025,2025-12
Bhutan,T20I,Bhutan v Myanmar,Myanmar,Won,84 runs,2025-12-29,Gelephu International Cricket Ground,Neutral,1,1,0,0,0,12,2025,2025-12
Myanmar,T20I,Bhutan v Myanmar,Bhutan,Lost,84 runs,2025-12-29,Gelephu International Cricket Ground,Neutral,1,0,1,0,0,12,2025,2025-12
Cambodia,T20I,Cambodia v Indonesia,Indonesia,Lost,6 wickets,2025-12-29,Udayana Cricket Ground,Neutral,1,0,1,0,0,12,2025,2025-12
Indonesia,T20I,Cambodia v Indonesia,Cambodia,Won,6 wickets,2025-12-29,Udayana Cricket Ground,Neutral,1,1,0,0,0,12,2025,2025-12
